#{"t_start": 1699984216.1848083, "env_id": "modulatingEnv-v1"}
r,l,t
-1003.81641,298,1.026129
-2676.319436,396,1.704249
-1190.81976,292,2.228391
-1967.379852,396,2.900712
-1691.218205,275,3.382138
-1224.15743,257,3.833178
-1874.788979,295,4.32005
-1555.310761,463,5.078045
-1416.777925,354,5.648235
-1371.869707,285,6.182442
-1495.707622,301,6.708369
-1515.219153,318,7.279906
-1544.079682,263,7.735657
-1358.840102,298,8.237415
-1117.732255,291,8.714543
-1295.948782,332,9.24345
-1099.247433,336,9.774836
-1321.876628,295,10.251883
-1476.871651,258,10.69004
-1675.547955,464,11.399968
-1361.728141,283,11.872133
-1594.918714,246,12.291779
-1123.687935,249,12.708133
-1010.884093,256,13.156988
-759.581657,277,13.614211
-1448.538605,328,14.14383
-1577.653812,271,14.598679
-2439.709082,384,15.199481
-1765.345273,433,15.874331
-1605.449923,241,16.28949
-1260.174227,230,16.697121
-1378.510007,266,17.152779
-1548.718121,260,17.60717
-1837.085591,279,18.074825
-2202.779707,540,18.858048
-1465.1238,291,19.341339
-1483.304669,229,19.742107
-934.825416,284,20.206689
-955.407821,312,20.719892
-1546.953657,278,21.189016
-1312.990094,237,21.602072
-1319.458089,236,22.012715
-1262.349446,229,22.414743
-2209.104292,402,23.05481
-1839.520117,336,23.586402
-1291.482725,240,23.99773
-1163.738081,285,24.47387
-1677.174274,357,25.049488
-922.255769,343,25.590531
-992.549805,247,26.009041
-1167.76348,221,26.401743
-1508.307967,319,26.917922
-1630.88388,354,27.490122
-1657.840961,268,27.941487
-1383.056659,257,28.385503
-1477.453535,280,28.848806
-1558.364374,244,29.26047
-1378.147751,308,29.767674
-1568.430626,290,30.239872
-880.765632,549,31.025224
-1652.840385,227,31.428228
-1340.729324,285,31.897507
-1584.650942,258,32.345085
-2083.148829,427,32.999429
-1555.214642,275,33.45642
-1616.79066,253,33.899055
-1423.51099,253,34.338672
-1757.948224,282,34.805211
-1145.730447,296,35.285221
-1381.535703,258,35.728337
-1175.199576,456,36.422705
-1496.66424,256,36.865889
-758.546271,285,37.335191
-1045.533703,297,37.810321
-2173.542426,431,38.470293
-1826.485787,284,38.943646
-2255.674989,518,39.711872
-1604.824695,260,40.164597
-1321.215307,263,40.613946
-938.736908,275,41.076208
-1193.909908,231,41.48031
-1764.778493,322,41.996364
-1578.816032,230,42.3971
-1834.070006,307,42.898561
-1456.863046,254,43.343402
-1664.134702,479,44.061053
-1439.641837,246,44.477224
-1123.740106,267,44.928459
-1722.620107,330,45.452296
-1970.824406,380,46.040329
-1533.132451,384,46.634506
-1158.331367,236,47.043632
-1381.647635,475,47.761132
-1284.627697,267,48.216537
-1157.37885,226,48.615201
-1814.561244,295,49.093294
-1611.840107,299,49.575601
-1176.911666,259,50.022825
-1396.308723,239,50.433103
-1343.220975,455,51.126892
-1805.449319,302,51.628513
-2029.516051,570,52.454666
-1436.727195,280,52.923359
-1002.974832,325,53.443912
-1171.50518,223,53.836785
-1386.222759,242,54.251968
-1906.65511,417,55.229921
-2181.718917,381,55.845232
-1709.895566,291,56.334112
-822.411652,263,56.788421
-1968.197075,281,57.25418
-1369.598989,242,57.673027
-1606.918751,316,58.191037
-1552.503221,334,58.724287
-941.989529,245,59.140356
-2064.155704,396,59.757636
-1775.870292,360,60.332831
-1212.833798,227,60.740063
-1768.503951,310,61.254919
-1560.529151,291,61.735039
-2382.669776,410,62.377215
-1133.804362,391,62.992369
-1512.288747,259,63.442316
-1540.331585,273,63.9075
-1120.053327,273,64.369601
-1360.815599,282,64.844231
-2337.227509,349,65.391671
-1672.233877,311,65.904907
-1243.342626,271,66.367584
-2012.130869,343,66.917417
-1348.645237,269,67.380686
-1583.428174,252,67.826404
-1250.348682,303,68.338231
-1518.998597,311,68.863163
-1393.062695,310,69.37871
-1371.027133,279,69.847845
-1472.432028,314,70.364832
-1637.918781,338,70.901994
-1957.238495,423,71.561137
-1753.985253,462,72.265157
-1550.20724,284,72.742195
-1408.892033,242,73.156276
-1663.248977,329,73.692503
-2083.32864,341,74.231338
-933.661897,314,74.750847
-1672.455689,281,75.221195
-1172.209338,437,75.891693
-1344.257611,271,76.351355
-1523.246323,316,76.872194
-1187.900586,267,77.331591
-1308.027335,263,77.786267
-1407.810367,258,78.235742
-1238.008962,226,78.6399
-1816.940569,341,79.179917
-2513.818141,387,79.783577
-1783.86544,277,80.252496
-1176.779711,240,80.667728
-1864.277726,275,81.129475
-1534.289317,269,81.587234
-1194.170048,238,82.006939
-1450.845002,252,82.45398
-1304.347844,299,82.941144
-1171.970845,303,83.451386
-1402.296371,298,83.937543
-1020.414285,290,84.411923
-2093.22618,409,85.052163
-1388.910433,265,85.512156
-1189.101445,315,86.028845
-1573.315938,321,86.556309
-1774.016482,303,87.059822
-1265.625493,281,87.533955
-1605.196231,337,88.073825
-1693.973408,249,88.49846
-1748.283306,431,89.164675
-1608.807458,272,89.625648
-1386.089473,313,90.136322
-1327.600819,240,90.553784
-1733.287674,281,91.025613
-1377.312063,290,91.503327
-1354.646012,248,91.927876
-1392.160527,254,92.373158
-1152.058009,252,92.819379
-1675.571126,351,93.386359
-1166.922866,280,93.854934
-1308.520014,254,94.303988
-1911.193936,347,94.849431
-1628.552937,274,95.312742
-1624.184233,370,95.901931
-1333.588891,277,96.365741
-1693.76158,311,96.882409
-1392.633499,251,97.325496
-1478.400429,271,97.786759
-2278.864031,487,98.508125
-2437.365496,322,99.05199
-1780.99135,292,99.533968
-2995.641251,591,100.378833
-2798.11336,485,101.107234
-2134.805276,539,101.89792
-690.124729,274,102.362994
-1352.680375,261,102.817557
-1514.033408,245,103.243604
-2448.974599,471,103.953032
-1317.856577,268,104.412114
-832.43887,580,105.260668
-1633.292984,290,105.738241
-1481.552234,257,106.188231
-1329.143083,314,106.699268
-1224.202944,328,107.229735
-2272.855529,406,107.862288
-1218.158527,225,108.265107
-1106.667629,309,109.106325
-1530.827604,267,109.562212
-1294.678603,284,110.033942
-1633.718512,441,110.701785
-1610.390013,255,111.14429
-1877.454875,286,111.612595
-797.79906,541,112.403212
-1290.349323,243,112.818667
-1499.946918,412,113.462165
-1401.683813,253,113.904832
-805.764922,376,114.494856
-2238.690053,365,115.075481
-1485.803503,340,115.616159
-1004.135395,471,116.331735
-1615.434132,275,116.794744
-1390.676654,211,117.177617
-1584.564738,415,117.813118
-1759.36128,348,118.358696
-1519.864939,302,118.865855
-1098.877594,244,119.283369
-1676.019867,259,119.731686
-1815.093899,283,120.200568
-1563.477812,275,120.662802
-1362.62996,246,121.083332
-1460.032661,222,121.482364
-1941.591026,523,122.259434
-1423.513596,268,122.713909
-1276.350491,322,123.238488
-1964.748167,445,123.910363
-1703.699523,397,124.516121
-1521.436232,298,125.000192
-925.185583,267,125.452929
-2036.130767,476,126.1689
-1437.320697,243,126.585952
-1164.887817,246,127.006927
-2002.461529,291,127.485189
-2360.448572,744,128.50592
-1805.83981,299,128.991252
-2163.413926,424,129.651305
-1171.529943,259,130.098291
-1456.187188,277,130.564214
-981.434271,345,131.103104
-1442.37751,251,131.542737
-1658.273299,353,132.101958
-1593.025627,427,132.762162
-1915.076606,301,133.261434
-1386.505279,304,133.764648
-1764.447892,302,134.263561
-1243.132176,246,134.678633
-2349.818356,417,135.327618
-1218.048157,236,135.734562
-2368.158998,356,136.301873
-2304.671926,453,137.000433
-1764.216466,428,137.659645
-1414.184219,294,138.138103
-1144.068893,249,138.558459
-1326.507789,256,139.003806
-2202.786189,417,139.647902
-1444.676893,329,140.173605
-1456.821641,358,140.747898
-1630.635766,256,141.196116
-2104.854414,430,141.856994
-1397.360172,274,142.31783
-879.330697,280,142.778454
-2362.100032,516,143.540467
-1553.352878,282,144.009685
-1555.890438,273,144.470495
-1484.69104,276,144.938091
-1767.736868,267,145.396075
-1208.069858,240,145.805095
-1662.139169,416,146.450359
-1606.704719,253,146.892348
-1550.610154,272,147.351608
-1492.77726,256,147.796178
-1590.797758,249,148.216533
-1630.219244,312,148.730252
-1039.208059,259,149.175836
-1184.793969,320,149.693342
-1382.987656,325,150.216105
-858.233346,282,150.68236
-1084.644827,294,151.161918
-1736.998811,448,151.834598
-1273.894995,260,152.277289
-1564.930928,250,152.698202
-820.929872,317,153.215251
-1722.031919,269,153.67818
-1640.487569,306,154.185831
-2330.807254,362,154.757508
-1469.49241,299,155.238394
-1625.260938,254,155.681714
-1531.299658,266,156.136433
-1081.544828,277,156.600594
-1416.195444,226,157.001324
-1369.436387,297,157.480612
-1500.364133,307,157.990192
-1482.415702,301,158.492482
-1151.224997,291,158.966032
-1225.025541,240,159.373859
-1434.955499,280,159.837131
-1487.808087,327,160.365162
-1480.015339,244,160.782693
-1009.474672,261,161.227712
-1587.004719,280,161.696328
-1586.626579,290,162.51413
-1015.79159,355,163.088272
-1646.56326,262,163.539083
-2004.429986,479,164.254801
-1621.507385,301,164.759652
-1392.366065,250,165.183662
-1482.596041,237,165.597586
-1923.990605,418,166.246872
-1399.647014,377,166.840214
-1056.888953,354,167.416535
-1450.060589,247,167.842163
-1134.27868,495,168.582348
-1895.710642,342,169.12407
-1242.469495,277,169.606018
-1507.462307,266,170.082441
-1772.435106,317,170.609001
-2038.220856,324,171.132602
-1885.969001,424,171.789809
-4220.214959,783,172.870512
-1038.763362,447,173.545608
-1388.415169,244,173.962768
-1427.253208,602,174.837319
-1658.258409,442,175.503017
-1378.387096,254,175.950459
-1465.660525,267,176.411207
-2214.133068,347,176.954408
-2057.806212,318,177.468805
-1220.787717,243,177.889379
-1901.358479,280,178.358225
-1410.26189,264,178.812121
-1540.189488,233,179.219126
-1526.915443,235,179.626357
-1591.937274,282,180.093972
-1607.313386,252,180.537314
-1599.485282,278,181.004126
-1763.811657,240,181.417816
-1640.60199,273,181.882329
-1322.164526,352,182.450216
-2666.179957,454,183.139083
-1326.268564,276,183.59923
-1870.090289,363,184.172681
-1540.316093,429,184.827852
-1031.893966,253,185.27153
-1651.883549,452,185.970479
-1789.137223,235,186.377775
-1625.705165,260,186.830709
-1639.027813,257,187.276924
-1362.097749,344,187.822597
-1205.758377,451,188.518223
-1566.599204,244,188.937148
-1630.029164,322,189.461182
-1377.408873,263,189.917815
-1595.350311,283,190.389383
-1404.548708,248,190.816673
-1995.198396,600,191.675166
-1639.115968,405,192.3115
-1577.381434,291,192.79095
-1474.507765,244,193.206572
-1679.884936,289,193.683524
-2110.313975,377,194.270246
-1612.097167,277,194.738964
-1932.532339,273,195.197835
-1094.181873,287,195.670708
-1516.28547,275,196.132229
-2748.136932,360,196.699855
-1683.794298,373,197.290337
-1483.832029,263,197.743686
-1774.379649,242,198.158946
-1297.209258,277,198.621062
-1318.366847,248,199.046989
-1444.604572,246,199.466657
-1899.56611,251,199.909003
-1020.290624,299,200.396673
-1328.42062,272,200.860653
-1528.558037,366,201.443285
-1469.75989,391,202.051877
-1961.030724,382,202.652055
-1875.905581,403,203.288291
-1852.325953,247,203.711042
-1286.172197,293,204.186079
-1397.984799,288,204.660859
-1678.102424,271,205.126255
-1721.177047,324,205.654675
-2694.750568,487,206.374385
-1538.829085,270,206.838617
-1656.281728,270,207.298114
-1058.300985,228,207.704252
-1539.943127,272,208.165272
-1619.172859,364,208.742963
-1537.195652,290,209.221277
-1627.88776,281,209.688329
-1651.471819,290,210.166809
-1395.631465,250,210.591746
-1367.467495,262,211.047822
-1625.497113,269,211.504255
-1615.037371,287,211.980907
-1457.721731,291,212.459857
-1410.040815,319,212.97715
-1366.799411,246,213.397322
-1521.264509,256,213.846373
-1892.874396,326,214.372745
-2365.831582,346,214.916051
-2964.186363,521,216.007902
-1494.304946,415,216.651674
-1773.214207,241,217.063006
-1438.030094,243,217.476151
-1727.733114,417,218.128734
-1613.297604,478,218.850286
-1664.050321,304,219.355082
-1631.295664,398,219.97729
-1014.236872,408,220.613303
-1245.728418,233,221.017762
-1424.560449,219,221.409244
-1774.266054,317,221.930682
-1606.978825,234,222.335792
-1539.75674,264,222.785595
-1893.965104,363,223.35794
-1283.310663,298,223.843077
-2306.805394,457,224.535018
-2377.223157,473,225.23306
-1441.030711,332,225.768715
-1945.144604,513,226.528792
-1282.624045,310,227.038227
-946.869409,463,227.745563
-1570.577068,257,228.188736
-1364.702094,224,228.587348
-877.593357,279,229.047419
-1470.455723,278,229.511399
-506.276098,604,230.383687
-866.329976,299,230.865387
-1181.531564,239,231.268528
-1533.65302,246,231.686234
-1000.122751,476,232.402879
-1509.633937,248,232.822794
-1356.310948,320,233.340585
-2027.078244,393,233.945567
-1421.092257,297,234.426661
-1253.340817,282,234.896062
-1536.628869,252,235.336916
-1931.619804,380,235.922988
-2112.255882,434,236.583246
-1609.078681,271,237.040826
-1709.76949,295,237.519973
-1612.222044,328,238.049104
-1312.260546,268,238.500364
-1722.359065,347,239.038114
-981.724239,378,239.633468
-1410.609395,321,240.154928
-1564.06238,335,240.688272
-1291.206676,246,241.107939
-1507.820737,276,241.570204
-1345.244575,444,242.23437
-1835.055283,263,242.685712
-999.341332,559,243.512341
-1649.735783,520,244.28667
-1434.056467,241,244.698669
-1389.085804,277,245.161586
-1664.812033,358,245.729375
-1656.197413,488,246.45552
-1130.096864,310,246.961764
-1586.40467,247,247.377714
-1382.271095,273,247.841691
-1230.546877,276,248.30389
-1530.006757,363,248.877018
-1340.334906,296,249.355661
-1774.057291,413,249.999117
-709.372626,400,250.604271
-1792.652204,432,251.267005
-1549.038056,281,251.732589
-1758.43873,316,252.245053
-809.730656,297,252.722492
-1254.064336,238,253.138885
-1793.134568,443,253.808574
-2152.065726,349,254.355877
-1395.02135,257,254.800848
-1312.151509,270,255.262197
-1344.739703,285,255.731592
-1606.126532,250,256.151342
-1657.475532,362,256.723087
-1021.303355,482,257.429426
-1683.306618,244,257.843485
-1216.064263,212,258.229411
-1400.130054,294,258.70782
-1226.369485,258,259.151534
-1281.893583,271,259.60646
-1882.623016,324,260.125547
-1797.851526,285,260.590663
-1377.417596,267,261.042025
-1296.307301,239,261.455256
-1335.814471,223,261.851495
-1530.992992,322,262.367355
-1562.227478,261,262.814347
-1614.815395,295,263.294297
-917.139307,278,263.754279
-1292.322373,240,264.164229
-1621.034308,267,264.618356
-1581.239952,262,265.067259
-1744.912596,258,265.5118
-1973.939919,375,266.096594
-2015.392871,464,266.804722
-1837.139693,389,267.400887
-1457.300882,248,267.817104
-1439.175254,412,268.457753
-1102.632961,229,269.17697
-1268.031618,309,269.684144
-1153.812959,322,270.209374
-1687.595839,245,270.630276
-1427.471665,299,271.117507
-1067.247042,231,271.525153
-1990.698193,400,272.142753
-1397.667849,241,272.560819
-1696.787407,319,273.08266
-1042.856186,248,273.498742
-1253.402382,266,273.955126
-1306.951482,256,274.400745
-1502.008451,273,274.866445
-1216.077436,465,275.57348
-835.437983,300,276.058165
-1058.715039,455,276.760625
-1506.38062,316,277.275529
-1418.667414,352,277.841744
-1592.73925,284,278.314886
-2035.353203,439,278.991698
-1450.211051,234,279.399313
-923.264448,445,280.071553
-1302.466956,257,280.522134
-1655.422551,455,281.227146
-1604.653764,246,281.64613
-1871.74784,343,282.187582
-1915.006162,328,282.715891
-1563.247192,269,283.171758
-1469.519194,301,283.676467
-1173.570954,296,284.160973
-1793.323454,292,284.65094
-1240.063852,260,285.103776
-1701.867511,304,285.635831
-1810.857465,431,286.30521
-867.35285,291,286.780942
-1510.202694,283,287.251612
-829.102456,328,287.782882
-1425.595768,347,288.325426
-889.153649,720,289.33518
-1414.911776,235,289.750535
-1181.397289,404,290.389252
-1237.512216,215,290.780323
-1325.662569,269,291.239255
-891.780348,334,291.773071
-2033.312731,371,292.357605
-2027.240336,405,292.993182
-1584.220931,464,293.701853
-1146.672224,466,294.416321
-1413.450192,257,294.861278
-1819.028494,300,295.348702
-1654.027573,450,296.026649
-1256.794069,346,296.57533
-1355.97421,254,297.017636
-1659.483644,257,297.466253
-1596.116525,298,297.952161
-1286.38508,285,298.4273
-1592.128801,406,299.061189
-1278.659601,410,299.700158
-1525.80669,308,300.211721
-955.680792,268,300.663708
-1548.201349,586,301.512727
-1496.70343,229,301.915846
-944.956295,292,302.387848
-1389.824553,266,302.839996
-1356.765134,289,303.323142
-881.045306,393,303.936732
-710.991962,501,304.694541
-778.950407,273,305.153212
-888.516481,388,305.755661
-624.628168,265,306.205465
-2524.643898,468,306.917293
-1320.966675,266,307.372954
-1231.518066,377,307.965124
-1627.511628,346,308.510451
-1270.017771,281,308.977407
-1795.070648,288,309.471148
-1957.038839,370,310.05939
-1840.981445,451,310.750173
-492.166979,276,311.214946
-1619.922253,388,311.824935
-1371.694333,268,312.284793
-333.214896,713,313.3072
-769.271391,664,314.257877
-630.46636,309,314.771766
-2211.063961,396,315.387103
-1250.144308,252,315.829827
-1326.939,274,316.314276
-1859.484667,269,316.813356
-1222.871827,388,317.420644
-1613.123795,273,317.885626
-1252.881785,280,318.352011
-1527.505182,254,318.795654
-1577.962016,326,319.322739
-1690.456787,463,320.032352
-1501.166694,300,320.524151
-1098.413644,463,321.243044
-1604.026499,399,322.18356
-1987.917051,530,322.971426
-1629.394913,421,323.620692
-1565.414124,269,324.07707
-1341.609663,339,324.611407
-1715.519644,337,325.14265
-1118.266679,274,325.602226
-1544.959297,198,325.956169
-1650.969781,306,326.46255
-1617.314091,275,326.927852
-1427.590469,302,327.432109
-1392.222972,328,327.961801
-1775.732896,597,328.821261
-1295.687693,404,329.453826
-2194.379668,438,330.115613
-1475.546306,266,330.569471
-854.311998,266,331.01809
-996.441764,242,331.427696
-1560.209702,414,332.078348
-1036.044302,440,332.743956
-1666.208006,420,333.394264
-1161.360798,448,334.06931
-2012.717632,309,334.58077
-3075.291394,645,335.48764
-1314.910168,252,335.929609
-1157.314427,299,336.408178
-1026.42484,403,337.052693
-1087.82123,532,337.823916
-2127.291561,414,338.468784
-1437.19953,267,338.925309
-1479.931321,393,339.517289
-1824.141653,388,340.118241
-1396.388857,437,340.784491
-1570.076039,289,341.264334
-1996.485926,380,341.869948
-1827.722247,305,342.378206
-1570.992536,288,342.849374
-1386.042294,404,343.483104
-1390.939204,409,344.122361
-1142.908276,238,344.531463
-1371.912105,271,345.006328
-2195.492135,395,345.623947
-1027.727762,268,346.090796
-1740.52547,327,346.620081
-1650.328447,272,347.075501
-1611.194018,286,347.547891
-1348.692555,343,348.086414
-2078.805526,450,348.765089
-1603.916099,349,349.312714
-961.719427,455,350.010078
-1320.387827,241,350.422934
-2040.875771,304,350.924416
-1337.453149,418,351.569115
-1979.969473,541,352.354958
-1666.049529,233,352.761532
-1397.241318,278,353.226194
-1031.48911,304,353.723409
-1417.867178,289,354.20145
-1560.842863,412,354.836884
-1808.401961,388,355.433604
-1245.695966,525,356.209413
-824.548174,383,356.805359
-965.275639,440,357.471098
-1594.861737,425,358.127914
-1697.260757,265,358.576058
-1338.110428,233,358.981602
-1445.920724,460,359.679661
-875.019973,429,360.332874
-1468.781318,457,361.031964
-1706.482957,278,361.493544
-1293.823659,334,362.01922
-1294.659679,413,362.666399
-1792.746996,481,363.38284
-1617.624836,369,363.966957
-1803.098709,277,364.43263
-1549.940901,435,365.096006
-2001.185446,341,365.632143
-1963.311256,392,366.24143
-928.64492,296,366.717159
-2248.687046,374,367.30048
-1094.545996,517,368.072942
-1712.596717,366,368.649994
-2295.909093,443,369.313478
-1436.742667,320,369.831443
-1515.986101,245,370.246819
-1963.093606,281,370.711235
-1988.037859,328,371.235225
-1288.224242,346,371.771224
-1034.700375,256,372.214658
-1167.802569,213,372.598569
-1259.316904,287,373.061773
-1195.337533,246,373.478748
-2090.854689,623,374.684204
-1380.152804,243,375.103059
-1437.917156,342,375.637954
-1863.483885,330,376.170423
-1403.972727,295,376.654126
-1981.709605,368,377.245986
-2406.919239,409,377.890011
-1389.349957,406,378.539948
-1661.324329,373,379.130783
-1949.342261,293,379.609671
-1497.165731,280,380.082036
-1182.702557,488,380.803571
-1253.222977,396,381.418284
-247.733445,593,382.283941
-1530.975148,414,382.932763
-905.997989,300,383.415364
-1942.237382,279,383.884377
-905.61556,387,384.488837
-1870.559591,280,384.95951
-1903.094172,318,385.478499
-1027.910581,268,385.927883
-1480.257822,242,386.345981
-1488.450484,338,386.88734
-1950.607957,427,387.543017
-1662.605832,477,388.270015
-1814.271719,280,388.739993
-2364.624446,433,389.400212
-882.4457,441,390.070552
-1491.975552,247,390.494243
-1809.374381,301,390.996155
-894.862078,422,391.665296
-1349.756675,288,392.13976
-1574.742884,312,392.657399
-1851.799637,296,393.143533
-1479.483858,310,393.659437
-1171.420879,443,394.340513
-1603.24172,338,394.875909
-1405.954824,265,395.333182
-1366.854306,255,395.783942
-1103.425183,243,396.200427
-934.422052,522,396.96663
-1495.214085,294,397.44869
-1446.149207,378,398.053825
-1344.749062,242,398.471337
-1344.548798,261,398.923167
-1572.340286,225,399.340814
-1031.350904,313,399.855066
-1587.561835,379,400.455756
-1498.849814,366,401.07043
-1350.293431,337,401.61252
-1905.506834,347,402.167435
-1602.317092,264,402.630126
-1833.575607,468,403.345432
-1305.296762,290,403.824224
-1260.513131,296,404.309369
-1477.113184,647,405.233816
-1224.29871,321,405.76126
-2250.731689,446,406.43617
-1364.944069,333,406.97035
-1710.736053,425,407.631288
-1447.650248,351,408.200972
-1496.301705,292,408.682121
-1583.174663,259,409.136395
-1325.191503,254,409.597407
-1704.31588,306,410.111525
-1647.005902,412,410.75579
-1014.654734,316,411.274683
-1579.284119,374,411.868193
-3489.882043,719,412.893737
-1928.968935,349,413.45497
-1683.661096,401,414.101722
-1387.16667,369,414.685965
-1569.213737,311,415.206847
-1158.773078,252,415.652886
-1409.674698,221,416.05193
-1108.716029,255,416.499495
-1504.459098,351,417.06254
-676.349229,328,417.591845
-1607.603395,348,418.140515
-1521.718888,303,418.648349
-1609.628006,300,419.136562
-1508.285957,477,419.857628
-1093.124327,247,420.277738
-2449.391798,366,420.857696
-1071.682932,240,421.265489
-2194.785208,354,421.833369
-806.488515,406,422.47419
-1963.080785,327,422.999592
-1650.32618,288,423.477687
-935.157715,352,424.048568
-2145.951138,557,424.869552
-2167.85656,356,425.440296
-1412.523153,298,425.927111
-905.091094,308,426.43761
-2469.193899,415,427.410375
-2004.192368,304,427.918658
-1045.075786,459,428.614577
-2176.294083,574,429.459467
-1303.14397,336,429.997509
-1599.578985,306,430.507195
-1778.763324,634,431.425896
-1580.011654,284,431.896308
-1732.272437,545,432.694979
-1416.763746,339,433.233514
-981.679988,260,433.68925
-1646.988508,336,434.224609
-1973.620396,318,434.743546
-1029.635648,410,435.388073
-1611.860951,470,436.099203
-1541.424721,322,436.624731
-1148.286188,297,437.099904
-2116.137262,324,437.625306
-517.950763,311,438.132186
-924.272745,275,438.591076
-1621.152199,418,439.243531
-1327.895596,445,439.919798
-1747.75957,492,440.651134
-1783.418202,388,441.247889
-1568.693538,392,441.856401
-2245.407212,393,442.462769
-1393.422501,376,443.052949
-886.99313,502,443.802632
-1495.001601,246,444.221374
-1226.503455,233,444.630015
-861.842631,338,445.172555
84.844118,639,446.089957
-1775.974698,406,446.731561
-1283.225356,594,447.579122
-1203.924226,330,448.111022
-1430.943227,276,448.574836
-1824.761163,430,449.232019
-1037.824445,304,449.732956
-1376.625468,435,450.397881
-1923.025642,419,451.046072
-1656.603694,448,451.722979
-1657.360572,251,452.161852
-1290.545941,260,452.6103
-1544.199253,298,453.095206
-1575.776238,306,453.605058
-1090.381576,326,454.125731
-1627.080972,415,454.772325
-1972.187998,394,455.38298
-1669.182525,421,456.033123
-1876.501433,355,456.606114
-1751.664465,350,457.150909
-1653.288616,283,457.623014
-1049.549798,333,458.152011
-1586.838509,287,458.622946
-1375.684756,654,459.562063
-814.955176,268,460.007955
-1121.422291,247,460.440908
-1748.282478,293,460.918063
-1368.190253,244,461.335307
-1643.999602,328,461.863763
-1892.321571,441,462.539705
-1167.503818,442,463.208695
-2598.211842,394,463.811829
-860.836224,439,464.479635
-1143.288663,443,465.153682
-1468.499293,308,465.665213
-1371.551468,376,466.254112
-1814.473351,399,466.85692
-1427.736987,283,467.326378
-1057.490012,489,468.056664
-1850.968419,257,468.501296
-1258.012697,551,469.304851
-1340.864104,403,469.935978
-1444.710502,290,470.411386
-1722.206725,362,470.978548
-992.710099,349,471.526577
-798.833796,355,472.101253
-1750.66573,275,472.566068
-2402.517516,335,473.093524
-1646.871171,526,473.866184
-1525.527804,590,474.704057
-1595.916021,305,475.206143
-1990.297417,362,475.787263
-1166.366883,316,476.298724
-1388.965674,445,476.976006
-1757.645484,301,477.479821
-1205.213988,282,477.943791
-2611.368672,406,478.940361
-751.688907,273,479.404885
-1836.656821,267,479.863322
-2149.342987,392,480.471378
-2108.262596,356,481.041344
-1444.628927,250,481.468632
-897.05927,409,482.107867
-1112.907235,233,482.517738
-1495.363369,394,483.108976
-1436.577033,417,483.750418
-1443.338892,409,484.393646
-1403.871127,330,484.925583
-1132.344168,384,485.524073
-1369.378896,295,486.007732
-2726.15161,776,487.101412
-1852.178749,459,487.796503
-2097.371495,621,488.686196
-1502.832525,352,489.258283
-1437.555853,420,489.914717
-2214.922977,410,490.552423
-1220.249588,407,491.187898
-1889.04019,503,491.952055
-2029.584687,933,493.226733
-1939.736978,485,493.946095
-1987.426646,326,494.473438
-1261.522624,370,495.058202
-1543.273464,374,495.647633
-1404.009269,258,496.097363
-981.990337,292,496.574039
-1637.032385,460,497.276548
-1565.182764,418,497.927185
-1566.568115,360,498.500049
-1364.837962,279,498.968834
-2744.635541,660,499.910756
-2179.50604,432,500.569353
-1511.776888,255,501.016711
-1369.439384,194,501.36839
-1566.320072,400,501.977093
-2286.583017,926,503.268807
-1332.912266,300,503.758748
-1286.416507,295,504.230673
-2382.500545,603,505.10183
-1338.582822,468,505.803693
-2064.40788,546,506.599608
-2408.512318,567,507.429049
-1620.105667,313,507.94318
-876.0861,520,508.713045
-2644.530601,413,509.352894
-2029.193104,778,510.437541
-1591.223473,372,511.024122
-542.167617,338,511.559706
-791.670227,283,512.025957
-1917.604011,523,512.794384
-1565.126283,379,513.381881
-1376.665347,292,513.852381
-1433.065401,235,514.261857
-1130.307443,247,514.682915
-1119.496037,396,515.292582
-1019.746844,278,515.750921
-1380.390133,411,516.393272
-1200.676679,272,516.848262
-1302.988122,250,517.271274
-1399.296473,778,518.3638
-2218.875048,543,519.161517
-1708.783633,445,519.82066
-1839.307837,615,520.717637
-756.538025,279,521.18497
-1089.362294,247,521.619257
-1271.112656,314,522.131872
-1474.045294,249,522.553259
-1689.521245,404,523.191546
-1398.742942,246,523.61352
-1341.582703,424,524.267656
-1017.522107,401,524.898211
-807.280015,572,525.733298
-956.213096,314,526.248767
-1141.183263,436,526.914636
-1664.178616,287,527.392962
-2117.664105,308,527.903496
-1333.077498,263,528.357109
-1476.700701,391,528.968164
-1593.797567,275,529.745572
-948.958199,256,530.193291
-1697.919207,326,530.71592
-2147.77564,1272,532.425598
-1254.185765,393,533.03467
-1021.940848,769,534.122247
-840.273546,406,534.753016
-850.530492,292,535.221449
-1622.051131,362,535.797722
-678.975031,349,536.337119
-1101.990935,770,537.415442
-1395.585031,375,537.999521
-843.92111,253,538.437077
-1043.991471,272,538.895988
-1342.537517,421,539.53662
-757.943106,327,540.060716
-1672.534611,423,540.697699
-910.375772,626,541.605723
-3422.124437,545,542.389671
-1333.062205,638,543.291411
-587.714424,352,543.856683
-1861.387421,552,544.667763
-2251.30139,982,546.015984
-1081.122613,235,546.423164
-1987.080695,308,546.924461
-1564.445124,341,547.455455
-1720.431335,369,548.042624
-1520.677385,334,548.573365
-1755.62801,394,549.182876
-1114.374076,387,549.779172
-1369.035621,436,550.446286
-1043.97362,363,551.024228
-1729.610499,477,551.737541
-1220.087392,353,552.302003
-469.885953,546,553.094661
-965.267462,551,553.889467
-2675.714803,552,554.693183
-2245.650398,552,555.494366
-1048.03988,470,556.187229
-2024.151208,238,556.582625
-807.001924,740,557.62309
-1599.640359,417,558.26762
-1615.535682,589,559.098943
-1095.647803,658,560.041886
-1297.49231,419,560.686748
-2197.617312,442,561.354618
-1388.51759,421,561.997458
-1127.26519,345,562.529421
-1546.028278,367,563.111844
-959.968877,517,563.876112
-1565.529937,592,564.733328
-1405.546584,493,565.450289
-1384.261518,394,566.056427
-1657.801246,404,566.694284
-1920.1726,472,567.405296
-1567.165892,421,568.059908
-2064.282165,553,568.865876
-2051.297863,419,569.499893
-3414.070606,725,570.505551
-1270.79748,384,571.097486
-1790.57408,439,571.762695
-779.19666,266,572.209882
-1882.275656,427,572.866469
-2120.261622,382,573.456516
-1071.583189,335,573.983277
-2786.667754,831,575.132076
-877.323692,305,575.637803
-1777.372395,660,576.584738
-1300.636116,416,577.226643
-2072.704167,443,577.880547
-1684.018294,415,578.523951
-1053.578065,245,579.282274
-1614.67355,291,579.759801
-371.565836,387,580.384751
-830.669197,433,581.042433
-2230.032894,696,582.029742
-1391.348595,447,582.699139
-1242.430111,702,583.699534
-2338.017573,774,584.786888
-1675.017991,437,585.454441
-1164.733433,476,586.166378
-1782.76974,720,587.182101
-2327.543179,484,587.898452
-1179.834224,300,588.383029
-1243.825368,356,588.955395
-2953.785064,500,589.68389
-1752.521883,659,590.62916
-735.483118,1842,593.031703
-1603.236057,310,593.546689
-3435.406356,722,594.546442
-1569.40751,484,595.264244
-1908.919055,561,596.088618
-831.338061,442,596.752071
-2382.321417,603,597.621015
-774.267071,518,598.3692
-1118.458834,455,599.064535
-2061.978666,1430,600.910269
-1338.995317,327,601.439741
-1401.485334,260,601.891085
-1532.12779,579,602.737085
-1583.876249,429,603.399769
-1691.540084,400,604.005289
-1685.797512,404,604.630949
-895.485169,328,605.155186
-1353.77927,505,605.91014
-1355.491184,388,606.510163
-2488.414763,876,607.731758
-396.50971,549,608.52122
-1449.364721,555,609.344875
-1985.364104,766,610.405048
-1459.710638,373,610.994862
-1791.357817,488,611.726165
-2253.689387,535,612.509909
-848.364751,564,613.344129
-1429.642947,712,614.351251
-1213.536569,654,615.291998
-2040.600025,650,616.210593
-1440.815008,293,616.684736
-1224.799678,437,617.347438
-1443.661714,506,618.09895
-2714.194027,702,619.0892
-2552.294057,401,619.727841
-1645.600011,344,620.269096
-1904.57978,297,620.748487
-1269.436004,385,621.335717
-1103.395869,494,622.061185
-383.406481,1813,624.392998
-1418.487475,394,624.992064
-2545.168297,565,625.818442
-2078.683659,336,626.349675
-2148.63694,691,627.681559
-985.402152,299,628.164288
-1554.233464,545,628.95459
-2568.235639,503,629.699563
-439.253304,453,630.389104
-1799.752181,345,630.936988
-2446.902763,699,631.909482
-1348.177943,351,632.474982
548.862091,798,633.578
-1536.387098,541,634.363765
-1377.264192,426,635.006507
-1466.182594,484,635.710875
-1914.960287,477,636.412117
-2407.007951,769,637.488203
-2134.972139,451,638.182881
-885.170639,499,638.919827
-1383.497254,351,639.482479
-1401.363746,463,640.190521
-1162.065667,743,641.237289
-1687.450846,380,641.827155
-2349.49917,447,642.506139
-412.695096,340,643.042413
-2476.060974,492,643.77129
-2327.362742,1089,645.22156
-1070.721878,541,646.003686
-1477.264433,512,646.766178
-2757.997639,683,647.741891
-698.270123,689,648.725297
-1336.798913,416,649.362567
-1696.636806,470,650.074491
-1359.100745,345,650.619132
-899.793577,663,651.583679
-399.20267,614,652.474195
-1790.19817,340,653.015358
-1168.863436,510,653.777134
-1296.088374,600,654.632701
-2785.920466,924,655.884464
-1619.516766,680,656.854654
-4029.704374,744,657.86502
-1924.9276,646,658.778053
-1327.426006,362,659.352014
-1256.542691,490,660.074833
-1198.318699,412,660.712352
-233.122224,283,661.178061
-155.81868,368,661.747515
-1068.731347,612,662.634695
-516.738216,301,663.133824
-3737.893083,843,664.287321
-2109.544203,464,664.99492
-2966.485695,601,665.8578
-814.007694,588,666.699306
-1732.285319,774,667.765816
-2207.973602,580,668.61608
-2037.446551,619,669.514672
-1483.340821,605,670.395969
-2316.312541,761,671.474993
-2393.69681,790,672.569725
-1828.957054,479,673.296073
-1355.843858,357,673.858741
-663.05207,286,674.328379
-3907.954024,1034,676.032206
-1336.696919,303,676.538053
-1908.898449,334,677.07456
-1906.527781,385,677.664168
-1165.30784,500,678.395191
-2184.852044,444,679.060869
-2199.990662,619,679.94977
-670.256952,442,680.611465
-1341.835683,399,681.223135
-3455.943985,701,682.223318
-1700.788384,611,683.094707
608.856749,1006,684.478919
-2633.59222,741,685.501059
-2237.617298,409,686.141927
621.092937,987,687.486575
-2544.211982,721,688.518394
-779.064579,839,689.668276
-1571.951052,402,690.297448
-2395.61295,973,691.631252
-12.034771,486,692.352919
-1960.22801,597,693.218172
-2293.113472,690,694.190809
-1825.002419,512,694.960584
-632.48258,368,695.532593
-1513.591639,463,696.229427
-2383.057642,712,697.236173
-2378.531637,620,698.138308
-1253.161955,828,699.306427
-2273.323447,531,700.104809
-1814.592522,414,700.746864
-510.787545,362,701.311927
-1734.672672,516,702.08135
-753.130958,655,703.016838
-1301.836312,517,703.790069
-3451.2008,721,704.798876
-1551.419906,510,705.5647
-2741.298848,1809,707.929526
-1691.541567,545,708.72079
-1663.012709,448,709.405362
-1676.904619,406,710.047498
-2669.71507,660,710.987332
-1531.525134,574,711.827855
-902.0007,679,712.79468
-3391.747506,659,713.73823
-1377.987258,403,714.371371
-451.754293,300,714.859082
-1407.663081,879,716.056992
-2286.775381,609,716.928322
-1696.644867,702,717.930538
-1651.37078,616,718.818069
-1452.404352,574,719.648099
-995.436345,396,720.254268
-2574.879454,717,721.277942
-3009.078104,600,722.131885
-608.892715,649,723.398816
-645.339006,558,724.217981
-4040.520447,651,725.137194
-1822.28293,558,725.958376
-871.686462,375,726.549124
201.831012,509,727.2989
-1506.235705,621,728.187105
-2071.475639,464,728.877107
-2369.561312,1075,730.331161
-2300.246219,530,731.113879
-1846.569002,606,731.983795
-3381.739533,868,733.162217
-2694.146734,493,733.878375
-1561.68685,784,734.966038
-3548.645173,722,735.987638
-1857.678246,522,736.755266
-941.259603,622,737.641165
-4025.210008,1230,739.286589
-1179.024616,245,739.705972
-1608.597455,711,740.721493
-1328.427923,419,741.369591
-2137.855383,448,742.034905
-954.62519,841,743.207358
-1235.068979,436,743.871609
-134.186752,679,744.836136
-1542.256992,348,745.378226
-1637.342333,741,746.41029
-1458.425888,478,747.121854
-1173.318321,602,747.982303
-958.984453,576,748.818897
-1703.303264,591,749.676152
1526.248534,1549,751.722952
-1991.006843,618,752.60987
-1217.128718,498,753.339844
-981.720101,483,754.058253
-1918.270352,468,754.765639
-1800.013313,539,755.551385
-2667.157883,918,756.798691
-2021.052773,492,757.508481
-1642.740664,540,758.292271
-1200.83966,717,759.303385
-1661.658315,1170,760.871227
-3022.675249,761,761.937268
-2709.360173,683,762.911452
-804.618193,399,763.507552
-2301.470896,508,764.267423
-1260.994882,465,764.971236
-1568.96911,360,765.544255
-2609.375878,1047,766.956625
-1581.744267,393,767.556467
-1885.580459,642,768.515959
-44.906296,488,769.234815
-1166.444531,336,769.7669
-1332.053565,1091,771.557492
-1375.699412,1282,773.24306
-1805.618843,514,774.012054
-2729.494706,602,774.886214
-1406.126491,330,775.417014
-1104.10402,604,776.30193
102.932647,974,777.651105
-1425.92158,585,778.503774
-1882.788707,574,779.333558
-1793.564083,452,780.034492
-176.606541,469,780.742929
-1163.645446,354,781.307435
-2105.870507,644,782.208427
-1460.455293,645,783.123132
-1095.526441,336,783.657292
-1265.266336,675,784.618472
-1389.020219,520,785.382892
-461.994112,332,785.908588
-1825.272866,509,786.669996
-2066.490981,717,787.692361
-2333.518049,651,788.623291
-2678.467473,451,789.316103
-1278.044648,289,789.789277
-1098.895333,271,790.250639
-1575.490333,643,791.173135
-1217.585306,462,791.864797
-989.529643,351,792.432615
-1624.420075,669,793.387272
-1409.66957,482,794.094425
-1992.639143,537,794.875093
-740.519384,293,795.352604
-3342.491522,809,796.481424
-1760.43289,411,797.118839
-1227.489768,615,798.004654
-2952.878739,874,799.190207
-1309.45364,466,799.898909
-1636.427891,578,800.730206
1756.992822,1239,802.385171
-1919.44553,514,803.15558
-184.294809,755,804.215291
-720.358612,543,804.985784
-1763.006963,365,805.569607
-1805.240629,411,806.202743
-699.084122,378,806.790065
-3388.646338,929,808.056635
-1605.986076,449,808.727713
-760.783234,617,809.609488
-4060.698653,876,810.826914
-1441.054082,612,811.703357
-1255.295449,257,812.153235
-2389.932448,812,813.283582
-1066.173923,452,813.963448
-996.989811,631,814.871349
-1509.84711,710,815.884891
-1281.067879,468,816.587529
-1326.270245,396,817.186707
-3452.52833,1050,818.935385
-1294.169491,260,819.38367
-2655.331486,985,820.711205
-4123.73497,1665,822.873859
-1209.119314,528,823.644462
-1053.644798,657,824.573931
-4604.462118,1511,826.545755
-1946.362219,869,827.744
-2609.366479,983,829.096771
-2199.501898,360,829.671671
-859.959432,455,830.364506
-839.20588,536,831.149048
-1375.345686,408,831.767022
-1579.918612,475,832.471014
-3876.969438,639,833.370338
-592.451939,598,834.225407
-2212.829092,797,835.332415
-1302.028412,713,836.348674
-3013.671701,652,837.286702
-2402.040199,707,838.282477
-2584.399923,652,839.221734
-1671.864225,1074,840.661809
-1390.070885,672,841.624765
-4191.12514,1779,843.940233
-3574.75446,1127,845.453862
-785.28132,500,846.16965
-1710.350823,368,846.746505
-2791.350302,508,847.498628
-2286.59509,493,848.212414
-1495.665552,657,849.162689
-2162.142323,588,850.014519
-2612.082168,506,850.768496
-1535.189014,804,851.901853
-1613.978172,1226,853.551707
-2416.885525,609,854.425015
-1601.626463,478,855.147328
-2019.475206,393,855.750693
-2358.08355,1471,857.697497
-2228.89238,588,858.547458
-393.074887,516,859.311143
-3069.262266,1355,861.124782
-2827.102816,1253,862.79972
-2396.729134,526,863.567058
-2211.928263,679,864.862926
2743.498568,1474,866.835414
-1248.96409,592,867.689954
-2172.066704,628,868.584527
-450.927087,628,869.488837
-730.331398,351,870.046772
-4028.077641,1056,871.480427
-2707.569008,599,872.330785
-2286.111354,929,873.608855
-354.402442,858,874.814934
-1856.636646,1055,876.24452
-2342.228062,498,876.973367
-2824.697085,482,877.683901
-1699.39463,333,878.215466
-1270.911648,367,878.78491
-2060.800711,678,879.774125
-3021.898844,699,880.754492
-1904.099544,641,881.676417
-3064.893222,661,882.629725
-2516.906453,589,883.471314
-1725.477856,660,884.414923
-3966.973322,944,885.727678
-1919.601303,635,886.638861
245.208971,1126,888.149614
-1876.063873,494,888.875473
-2836.025342,465,889.57526
-1387.285232,409,890.213785
-2566.711428,608,891.091337
-1553.202227,393,891.700336
-2004.909477,351,892.269369
-803.506447,1131,893.786584
-3415.205157,898,895.013783
-1008.207999,384,895.596008
-1967.136162,320,896.11949
-2611.241235,414,896.757713
-2567.282022,875,897.995505
-1835.594159,479,898.699668
-1047.288417,342,899.243317
-913.390906,556,900.070048
-2476.514215,692,901.050189
-1724.539841,472,901.777253
-762.696273,409,902.420004
-1711.79387,575,903.268896
-3195.830409,2494,906.443359
-1948.303875,692,907.421893
-663.823894,530,908.203449
-2512.894323,1603,910.332685
-1438.269699,673,911.6132
-1037.72394,538,912.398562
-138.867395,837,913.536022
-1307.169614,366,914.105995
-35.499191,1246,915.769252
-4170.359913,1173,917.342857
-1847.688609,333,917.871008
-2952.399263,519,918.633796
-1344.789052,668,919.594063
-2879.299341,806,920.722042
-3539.979427,1349,922.501899
-2304.567297,823,923.660989
-3818.103211,703,924.653176
-3792.525864,2591,928.001239
-2844.759556,1153,929.555107
316.127554,1245,931.216201
-2390.959369,873,932.424691
731.563915,631,933.318566
-2152.372862,492,934.054382
-1955.432043,806,935.177883
-2582.264562,472,935.879686
-3268.362567,618,936.76603
-2194.508621,686,937.744353
-2161.464991,688,938.718744
-2986.493357,1233,940.363588
-4238.164553,1321,942.105863
-1716.003216,410,942.735217
-395.286848,503,943.475634
-3823.070802,1786,945.836406
-3742.694953,1282,947.545283
-1054.350232,598,948.406613
-4184.769762,1398,950.276489
489.190495,527,951.03682
-2528.657336,773,952.114576
-1559.643385,455,952.812304
-3674.02193,712,953.82579
-4013.944386,959,955.141239
-2067.097989,458,955.835474
-3855.475458,1037,957.544184
-1152.590558,1014,958.940056
-1641.558089,426,959.589555
1200.362584,1897,962.048096
-2595.896693,532,962.828227
-1161.902359,412,963.46316
-3156.579445,1082,964.885414
-1573.427168,480,965.602368
-1394.484127,669,966.550704
-1344.08024,870,967.755118
-427.789462,688,968.718542
-2341.618345,585,969.562742
163.200359,369,970.134212
-3990.923323,633,971.025828
-1193.82928,1337,972.777924
-4372.576956,1749,975.036828
-954.882876,601,975.91467
-2262.867755,556,976.730801
-3076.927281,718,977.732936
-2818.562182,700,978.713467
-1671.040325,865,979.909984
-476.076273,1743,982.166035
-854.495949,374,982.74964
-4016.82631,1427,984.620108
-3425.227467,1975,987.177257
-1550.346386,966,988.487847
-604.076084,1263,990.187563
-2494.670093,513,990.943234
-2709.468934,788,992.011749
-3077.102577,657,992.944024
520.166059,602,993.819437
-2549.960094,822,994.955802
-1141.156696,565,995.782789
-1730.28163,512,996.546706
-2300.170246,2604,999.897776
-2282.957595,723,1000.893822
-2672.566644,754,1002.285003
-1528.210044,457,1002.982926
-2989.915306,3010,1006.822478
-1871.25276,2003,1009.429868
-1796.195986,914,1010.663606
-2028.032858,943,1011.930368
-3807.392448,770,1013.006908
-1371.048205,585,1013.847949
-2263.01322,1130,1015.339774
-2216.014752,1293,1017.041603
847.713487,1461,1018.966385
1550.608093,2634,1022.35529
-1478.0525,759,1023.417003
-1565.836671,393,1024.019819
-937.588715,739,1025.045739
-816.20966,810,1026.140384
-2737.582169,1454,1028.066901
-4515.579039,1720,1030.297092
-2378.875728,1436,1032.173828
-2681.508868,510,1032.9168
-626.567281,974,1034.238186
-2252.669294,497,1034.956612
-3579.447879,1040,1036.347276
-2417.050742,1128,1037.851719
-1160.943718,281,1038.315433
-2496.582419,611,1039.19087
-123.237412,426,1039.829014
-132.540997,446,1040.475443
-255.84656,527,1041.22865
-742.806924,535,1042.007279
725.707049,1219,1043.633135
-2151.396262,393,1044.229187
-1394.818603,1039,1045.60444
-1373.168845,658,1046.861879
-2227.404966,778,1047.945425
-1128.317698,1268,1049.619589
-4363.480327,1558,1051.666276
-921.820352,465,1052.369732
-149.871789,801,1053.498967
-4114.994984,2945,1057.213545
-2715.840217,1140,1058.722581
-1576.271363,1173,1060.287704
-1570.078893,483,1060.997387
-2171.647711,1513,1062.972412
-4901.591254,2561,1066.246862
-2517.44948,425,1066.895189
-2555.162867,616,1067.781508
2969.585811,1774,1070.121199
-1526.317602,628,1071.021937
-3278.957089,788,1072.106406
-2366.905208,662,1073.048079
-1477.167525,956,1074.352061
-898.634068,2481,1077.526455
-1484.671721,854,1078.709848
-1258.314282,1434,1080.598861
-545.730716,398,1081.193306
-3142.547163,821,1082.338359
-1063.769565,780,1083.419133
-3064.690844,835,1084.568573
-2514.39929,1640,1086.683691
69.659083,759,1087.759049
-4565.205116,2380,1091.121134
1308.417066,1547,1093.130293
-2877.187092,805,1094.22226
-1929.161232,668,1095.170038
-4534.220589,1648,1097.294865
3431.896487,2852,1100.935881
-1285.824298,322,1101.450584
-1792.613866,1127,1102.965578
1342.182004,2435,1106.058432
-3110.220017,1101,1107.521317
-1613.338226,653,1108.448894
-1079.6894,462,1109.135471
-3779.204616,1859,1111.537097
-1403.8061,432,1112.183514
-3982.50441,2165,1114.928435
-1077.452017,575,1115.748572
2769.271416,2082,1118.451179
-2313.281132,1526,1120.43256
3864.611727,2287,1123.363616
-1097.934753,639,1124.257164
-1127.798433,331,1124.776973
-1181.470678,1109,1126.268785
-353.234679,672,1127.21361
-1699.906464,1742,1129.460487
-4070.572714,1110,1130.929944
-2745.567254,1006,1132.285789
-1770.66871,2177,1135.393437
-1263.443562,636,1136.288893
-1353.64497,631,1137.193458
-2972.890765,492,1137.914691
-44.043513,369,1138.491651
-996.756421,571,1139.32065
-4842.420013,2566,1142.575384
-2663.542423,2552,1145.840061
-1433.979546,1976,1148.399894
-3592.71923,822,1149.528588
-4562.853051,2030,1152.119179
-223.425806,1190,1153.688241
-533.608494,383,1154.272115
277.215071,857,1155.449926
-1272.895739,3342,1159.639026
-1653.560385,813,1160.772786
2500.397398,2010,1163.380406
-3131.573065,1295,1165.080833
-3548.984092,2794,1168.620906
-1329.894758,394,1169.220035
-993.012544,2714,1172.662416
-993.576497,413,1173.288538
2312.625532,2281,1176.23485
-1410.577819,317,1176.754682
2553.276278,2147,1179.855755
19.343423,569,1180.666587
-5479.593726,4230,1185.955805
-1652.631993,579,1186.766541
-1467.283312,876,1187.946512
-1020.501332,410,1188.575963
-3165.232467,3362,1192.808291
-3369.432151,3369,1197.021666
-1052.257135,4156,1202.268465
2949.838037,2686,1205.728886
-4346.332493,4288,1211.079099
-4214.723526,867,1212.253529
-825.962651,490,1212.96806
-4924.02407,4609,1218.760816
-848.191448,722,1220.103295
-1010.116787,742,1221.131545
-1367.501119,750,1222.172737
-1256.492122,805,1223.291674
-529.002817,419,1223.926742
264.450461,4580,1229.711882
-1244.265452,7921,1239.614358
-1271.274224,406,1240.238323
-3849.762747,4156,1245.447308
-2182.413373,2414,1248.520697
1107.175028,3409,1252.860289
2536.523562,2846,1256.481653
-4811.069898,3709,1261.135955
2698.128883,2464,1264.64854
2818.499039,2939,1268.422596
2473.34914,4276,1273.855853
2396.728543,4271,1279.212356
1661.287747,3895,1284.159585
2069.928351,3099,1288.093312
1273.636384,2819,1291.685601
-2311.243797,753,1292.737057
-696.459243,822,1293.862662
2729.004265,2984,1297.680896
-1172.514135,458,1298.378093
2243.842316,4291,1304.160304
2848.196038,3275,1308.347721
-57.251042,5556,1315.317518
2931.323195,2299,1318.282325
980.869673,1035,1319.662983
2967.017876,2201,1322.512103
2673.749876,3165,1326.569427
921.992893,3408,1330.887569
2586.226453,3101,1334.847803
1516.623714,2859,1338.512438
-1665.687007,376,1339.105169
2205.929687,8080,1349.606711
-2109.699093,1260,1351.276993
2829.310098,3019,1355.207562
2349.809157,3238,1359.360548
-2469.295325,839,1360.49822
2348.48194,3123,1364.509736
2135.147851,4625,1370.392597
548.569188,3934,1375.424574
2796.389489,4610,1381.308679
2291.960373,3545,1385.836922
3271.359303,2297,1389.182541
3117.665768,2257,1392.152754
1802.81741,3249,1396.307447
1638.42625,7262,1405.56708
2033.078729,3036,1409.487864
1144.7334,3619,1414.106035
3181.61157,2586,1417.477009
2101.411166,3235,1421.622633
2308.284746,3364,1425.959777
4469.935389,6492,1434.502895
2360.442703,3551,1439.084114
2655.488848,3157,1443.157808
2893.982454,2177,1445.999013
2643.699155,3953,1451.082331
3891.838095,2622,1454.589231
3643.459065,1723,1456.851647
3216.327924,3156,1460.896383
2798.633439,4212,1466.303126
2327.372432,3417,1470.743408
2194.844957,4787,1477.169349
2555.484373,3398,1481.535576
3674.786906,4092,1486.751707
2952.559773,9099,1498.04224
1382.734906,7266,1507.249943
3038.178387,2590,1510.595527
1482.548767,3560,1515.547205
2926.389738,5911,1523.14942
3079.944235,1874,1525.600403
3526.062702,1830,1527.995845
3196.584504,3819,1532.926833
3596.16173,10001,1545.378937
2787.288758,2177,1548.209428
3169.429318,2484,1551.445443
2927.483341,3035,1555.381374
3538.193719,5636,1562.934968
3474.000705,7844,1572.806169
1659.252334,3548,1577.404608
2508.913764,4429,1583.153305
2741.722534,2604,1586.565897
2455.394638,3802,1591.516991
3611.905854,6350,1599.664973
8222.836193,6252,1607.970107
-1616.475612,492,1608.686752
2439.280518,5163,1615.32405
-1729.93844,416,1615.961765
3311.078007,9329,1627.69843
2426.60897,9213,1639.532052
2524.386011,4109,1645.163697
11425.312307,6581,1653.381867
8581.538044,8136,1663.513213
12287.265726,6498,1671.651556
3200.491087,5254,1678.294715
3122.848524,8367,1689.015347
4342.5991,6559,1697.184541
11109.009748,5477,1704.011424
2389.203772,7321,1713.301996
-1696.161022,431,1713.94497
1653.717908,7546,1723.402706
2293.701571,6401,1731.927897
4762.201929,4547,1737.669794
3699.681949,10001,1750.356577
4077.042324,10001,1762.905382
11101.079496,5963,1770.68563
9525.022752,8009,1780.673596
7239.817597,6259,1788.499578
2267.968308,8779,1799.689757
4657.40124,7164,1808.973356
3827.588396,10001,1821.712219
10907.18253,6066,1829.29826
8718.071345,6190,1837.035088
3525.739204,10001,1849.773127
-1507.704367,374,1850.697259
1858.270576,6759,1859.293914
2230.905936,6574,1867.828242
5857.307534,4244,1873.218393
-1802.146901,388,1873.815967
7751.23478,10001,1886.319012
7208.848406,5768,1893.933732
10450.982243,8045,1904.040771
5891.047933,7565,1913.561872
8234.076403,6538,1921.788774
4567.061875,8296,1932.200999
7006.298322,10001,1944.98779
13990.033604,8327,1955.328653
3784.026537,10001,1968.032282
5302.039834,8135,1978.557118
-1613.316242,401,1979.187202
-21.322924,755,1980.241287
10391.916685,5709,1987.455034
3486.20812,7731,1997.145368
11011.448709,6329,2005.122138
2418.799198,7570,2014.820995
1910.901863,5230,2021.839803
9100.201254,10001,2034.308464
4707.156546,4993,2040.607363
7813.19245,8127,2050.746261
4238.882928,10001,2063.836695
12748.855912,7158,2072.809761
7739.384163,8774,2083.78977
2589.999714,10001,2096.35882
7724.008048,8892,2107.812379
2834.203919,8275,2118.223246
6687.621784,9668,2130.306926
2652.942297,5815,2137.735051
-1647.554183,393,2138.342338
12301.848724,6426,2146.746059
7122.516286,7038,2155.584262
66.302495,371,2156.166815
-1466.64127,310,2156.673837
4344.490725,10001,2169.438569
12708.238568,10001,2181.911131
14532.48383,10001,2194.660433
-975.779483,836,2195.796447
10648.027615,10001,2208.243348
14575.327532,10001,2220.689971
2618.261016,3282,2224.869545
24212.902393,10001,2237.598805
20700.901069,10001,2249.97525
11717.727721,7052,2258.775982
7756.342796,5444,2265.55604
-1690.244908,328,2266.403041
21399.341444,9134,2277.778348
10725.601187,10001,2290.211483
-2330.193955,535,2291.002046
8464.785987,10001,2303.431916
27937.435415,10001,2316.103934
25517.666078,10001,2328.442952
25832.007879,10001,2340.721001
10775.034641,10001,2353.441273
-1214.310422,651,2354.366676
26983.077788,9942,2366.640895
14191.345713,10001,2379.00001
29137.0536,10001,2391.657946
6139.833166,9823,2403.840872
25717.285297,10001,2416.128968
6977.429528,9229,2427.550765
10639.959008,10001,2440.28137
8059.654132,9385,2451.894468
3333.319414,4886,2458.013473
7230.838973,10001,2470.33815
2629.202505,3134,2474.6206
25830.46442,10001,2486.926422
34276.334911,10001,2499.198696
35021.007902,10001,2511.840283
22785.43958,9830,2523.950626
31398.825646,10001,2536.275835
6337.968249,10001,2548.635983
13134.359896,4041,2554.023703
29157.159373,10001,2566.341508
8844.204681,10001,2578.681496
6181.910817,10001,2591.025493
28923.261641,10001,2603.71267
35488.758163,10001,2616.048552
2729.730696,8106,2626.121715
10331.950792,9919,2638.771805
-1782.504183,451,2639.439177
32970.129921,10001,2651.735266
25197.587248,7250,2660.673333
22456.146714,10001,2672.943328
23935.92653,10001,2685.625403
32637.897706,10001,2697.932965
13497.312697,6535,2706.059522
14090.321185,6991,2714.675698
23903.60886,6928,2723.571147
2398.872462,6853,2732.121068
3391.571924,8173,2742.261786
23567.292976,7539,2751.644025
39528.387276,10001,2764.349006
4581.927207,4620,2770.19807
32642.127729,10001,2782.574815
10520.774715,6398,2790.58335
10781.153185,6016,2798.400023
39303.701826,10001,2810.703788
24988.794404,10001,2823.038289
-230.591337,477,2823.742438
10680.311456,7015,2832.469736
9317.207795,10001,2845.269062
23789.34907,6700,2853.5843
8460.308335,10001,2866.010456
2849.048605,8450,2876.467176
32666.641434,10001,2889.158127
23296.194751,10001,2901.52328
33159.252166,10001,2913.863189
14981.659546,5274,2920.762349
16466.034949,10001,2933.187771
27687.016372,8893,2944.151474
12761.123523,6284,2951.969864
33789.246303,10001,2964.634922
8239.265468,7876,2974.423481
12535.100304,10001,2986.848421
30060.697314,9882,2999.079115
5731.455827,10001,3011.863416
31432.386311,10001,3024.202127
33482.147733,10001,3036.537424
30698.690937,10001,3049.251527
9818.552711,10001,3061.631405
41447.189159,10001,3073.892818
9723.164015,7452,3083.167879
9546.344151,6373,3091.417471
37971.920946,10001,3103.687682
9900.566623,7038,3112.377887
5159.80343,10001,3124.979217
11883.33746,10001,3137.274521
14942.536626,10001,3149.605208
10327.262921,10001,3161.947909
37617.467189,10001,3174.531936
9216.518887,10001,3186.879285
14615.766402,10001,3199.220945
15102.771105,10001,3211.891512
35645.551056,10001,3224.157609
39523.195096,10001,3236.412309
11653.555407,10001,3249.060271
6846.65769,7592,3258.438918
36721.402618,9989,3270.617481
31196.379701,10001,3282.916506
33128.868343,9765,3295.221772
14906.807191,10001,3307.530148
39764.944113,10001,3319.794652
36289.251135,10001,3332.451392
35387.454863,10001,3345.137129
27869.371067,10001,3358.126153
15473.744304,10001,3371.2288
27268.019496,7753,3380.878065
28257.562077,10001,3393.184443
33689.179907,10001,3405.831221
31494.564266,10001,3418.791684
10265.853239,10001,3431.235137
34701.193203,10001,3443.479016
41463.028582,10001,3456.161417
39681.531756,10001,3468.499611
7678.461649,5740,3475.684126
26202.780261,10001,3487.992756
39894.256726,10001,3500.69115
29383.372591,10001,3512.925342
35922.838015,10001,3525.241948
30272.582191,10001,3537.969561
36860.749692,10001,3550.297922
33382.390042,10001,3562.635247
19221.160269,6045,3570.162394
10407.723022,5003,3576.762488
6093.724077,10001,3589.236597
25673.026926,7478,3598.503216
11831.721721,7299,3607.802669
44348.709694,10001,3620.834444
5472.871083,10001,3633.33741
10203.053165,10001,3645.919506
5289.12777,10001,3658.943403
13028.891684,10001,3671.77888
28843.624836,10001,3684.602453
33713.994584,10001,3697.755565
7431.594644,4502,3704.033348
9360.686865,4883,3710.705075
5656.615291,10001,3723.802497
8212.881716,10001,3736.989778
19144.751444,6802,3746.29283
8550.931122,10001,3758.863751
14628.075446,10001,3771.519953
26315.785478,8142,3781.6079
31806.95826,10001,3794.433386
27141.231108,6749,3803.212305
12506.510016,6103,3810.965596
12179.400946,4335,3816.553769
11789.160003,3657,3821.307657
12360.438669,5331,3828.551455
9639.332109,3671,3833.211565
20573.672894,7447,3843.26685
17463.920533,5444,3850.700098
22023.364202,8374,3861.251479
15084.801909,9081,3872.777311
4459.917389,7361,3881.885924
16685.201415,5355,3888.596083
10052.110749,4540,3894.27218
5918.708888,9718,3906.275035
13631.630964,10001,3919.795215
7522.637653,10001,3932.650767
5658.345355,10001,3945.375645
29576.464494,6822,3953.799875
3293.516715,7123,3962.98586
12441.799779,4525,3968.647502
34679.510437,10001,3980.887825
14689.843656,10001,3993.183086
33648.04638,8302,4003.814841
17347.583521,4906,4009.973308
37274.062512,9372,4021.564145
20958.564673,8318,4031.89817
11972.270308,7604,4041.687638
32386.421682,7776,4051.342359
14500.709687,3987,4056.368943
18437.038989,5453,4063.210176
12268.985179,7806,4072.970416
10633.887438,3909,4078.256266
32635.103629,10001,4090.594678
21062.41563,8380,4101.010629
27810.134377,9073,4112.239976
3869.130644,7202,4121.525266
10029.005564,4254,4126.876257
17153.291794,3771,4131.646133
10380.377336,7552,4141.1035
14605.041694,4250,4146.445899
12972.994058,5176,4152.90413
14726.646957,10001,4165.62848
12422.692745,3866,4170.499906
16991.752287,4464,4176.117973
15768.544359,3908,4181.059478
12110.554791,7427,4190.282054
10485.111915,4647,4196.094196
12613.693615,8076,4206.450356
16452.423835,5434,4213.250638
15863.366757,5822,4220.489999
10067.074294,5462,4227.314458
15307.568801,7351,4236.489429
10967.694869,5287,4243.439256
22176.880075,6399,4251.436139
23842.747115,6766,4259.849069
22914.113757,6181,4267.539397
11297.41436,3918,4272.495675
20542.201616,5640,4279.551507
16270.899296,5975,4287.425994
19580.964025,4480,4293.03255
31593.35834,8706,4303.822471
22528.656475,7155,4312.706077
15359.817465,10001,4325.341365
16557.554548,4371,4330.826515
7121.316036,5004,4337.1094
14077.970814,10001,4349.588618
17991.684415,5683,4356.705004
23491.80888,6772,4365.175573
21755.406617,7231,4374.613383
6071.327923,5154,4381.705648
21079.361311,6763,4390.442589
20277.195312,6715,4398.891635
14228.008328,4430,4404.647638
10550.730095,4374,4410.637791
17475.529607,5155,4417.36174
33201.999365,10001,4430.111464
10292.007773,4442,4435.817925
18247.589671,4265,4441.216609
15910.254703,10001,4453.91602
17427.094986,5160,4460.38759
15719.815783,4069,4465.528276
18953.703227,6514,4473.633067
14234.057424,6039,4481.134132
16315.192382,4642,4486.960181
27984.743852,6437,4495.350246
19186.35296,4832,4501.408223
17571.364146,4875,4507.513311
18795.775482,5169,4513.975941
22669.493263,6764,4522.399562
25591.34176,6180,4530.093488
15749.643762,4491,4536.079923
17060.404322,4433,4541.654848
16832.164328,4637,4547.503826
10722.985404,4692,4553.36107
17656.855907,4233,4558.690164
-2141.293274,605,4559.584698
17692.867563,5033,4565.862979
17185.247479,4355,4571.340648
16597.527706,5404,4578.446013
26024.544699,6991,4587.18408
17866.900903,4488,4592.849788
25125.845335,7025,4601.567724
20328.027604,4633,4607.389597
13937.811845,6547,4615.493996
11257.789676,4498,4621.438734
19263.20227,4638,4627.261543
17688.36242,5466,4634.100394
24079.00219,5817,4641.354933
16596.83926,10001,4653.673959
21456.810592,5445,4660.832946
28921.489166,6579,4668.972802
14847.907195,4748,4674.870975
19492.814646,5188,4681.327784
23113.128992,6545,4689.519154
18866.127749,4791,4695.512883
20801.317178,4811,4702.00734
24309.645706,6651,4710.403408
23656.406573,6508,4718.584136
20125.061377,4600,4724.386167
22304.197312,6232,4732.1725
27814.433169,6596,4740.745596
25496.63447,5676,4747.837525
21639.5225,4888,4753.959753
29453.061226,6775,4762.378037
21046.284552,6427,4770.44829
22768.224496,5130,4776.876248
21905.004542,4645,4783.116259
20639.118998,5398,4789.934496
28416.953861,6505,4798.039849
27700.10542,7505,4807.351759
21542.892162,5933,4814.794693
21212.970593,4932,4820.928517
29203.685544,7285,4830.360896
21549.005092,4665,4836.245103
20728.735337,5465,4843.121211
28658.562879,8117,4853.193006
21019.978123,5228,4859.749233
31736.681264,8345,4870.448718
32972.369026,9122,4881.75362
24225.170751,6925,4890.327509
26938.163105,6406,4898.332368
25400.828732,7451,4907.909012
20184.84528,4322,4913.451265
23018.547012,5984,4920.972744
27489.115628,5808,4928.192549
27190.334607,5495,4935.038852
27655.567272,6229,4942.806712
31236.509468,8269,4953.389913
25005.861569,5249,4959.947956
26553.56595,5954,4967.388151
22655.185599,6283,4975.219191
19716.208356,4550,4980.933043
23672.48954,5548,4988.23778
26834.46595,6645,4996.485208
25727.892297,6061,5004.005673
27854.89567,6102,5011.602131
27970.361828,7386,5020.717297
26988.599949,5940,5028.110257
23175.298836,5814,5035.739774
22672.800942,5297,5042.320445
28175.821708,7490,5051.560351
28894.034101,6316,5059.401346
27791.450499,7127,5068.273932
22737.117923,5531,5075.50283
27944.723841,6474,5083.586095
23659.969171,5706,5090.689466
28455.241753,7107,5099.512163
26922.075108,6028,5106.995761
29173.327205,6088,5114.927791
23831.844548,5864,5122.220998
22676.884768,5444,5129.0045
26063.133266,5217,5135.497104
28028.633206,6376,5143.472641
28545.267714,6316,5151.378065
29370.478717,6244,5159.551159
28818.742236,6725,5167.966028
23053.313384,4647,5173.791723
24303.189115,5913,5181.217848
28712.890463,6562,5189.407076
23376.009066,5839,5197.019913
23713.437757,6172,5204.718269
27360.061405,7570,5214.151274
23268.461676,6161,5221.826
26413.935273,7400,5231.029828
27644.841265,7114,5240.171263
26842.154702,6001,5247.647391
26524.214676,7028,5256.346283
24341.185084,5755,5263.549333
27381.030946,6717,5271.884942
26501.657837,7019,5280.961745
24398.904087,5402,5287.71285
26531.902219,6556,5295.863145
23595.723382,6021,5303.382415
26990.726107,5196,5309.856403
27848.998459,7350,5319.351868
24071.644468,5523,5326.290051
28190.602753,5869,5333.625352
27583.726197,6182,5341.33257
23475.57123,5894,5348.657071
27148.525385,6353,5356.570009
29588.292817,7308,5366.015895
23704.977588,5776,5373.258533
28209.124923,7185,5382.208872
28905.665117,5542,5389.151201
23177.847529,6135,5396.790473
28602.153253,6049,5404.710835
26608.246292,6211,5412.455765
23754.355433,6481,5420.499601
28406.447389,6243,5428.312054
26225.398076,5181,5434.785566
28868.679189,6102,5442.716996
25509.415407,5511,5449.571483
23556.4613,6036,5457.05213
25116.097217,5843,5464.315828
27368.539763,7626,5473.758275
27613.33957,5999,5481.543805
28275.251365,7444,5490.814692
24662.046021,5449,5497.599322
23309.152039,6021,5505.098263
27012.902264,5870,5512.440996
29451.574126,6226,5520.206226
27074.539018,5987,5528.03339
28974.221795,6447,5536.123487
29076.039306,6004,5543.640232
24181.962369,6342,5551.572636
23934.929689,5542,5558.482282
25402.264642,5964,5566.297585
29448.731037,6753,5574.687317
25645.630902,5920,5582.018299
34611.35972,7032,5590.611944
29249.047353,7781,5600.179662
31210.935752,6812,5608.897603
25372.176477,5999,5616.358064
22535.004923,6443,5624.354166
27464.587811,6410,5632.349898
27314.343586,5456,5639.111871
28655.839324,5419,5646.180887
26330.210667,5477,5652.990492
34351.194383,7120,5661.793932
26019.816532,5543,5668.688765
30667.978045,6418,5676.623777
28475.273818,7280,5685.696704
27264.129072,6072,5693.67583
26269.608525,6352,5701.613735
28412.988415,5893,5708.977807
34652.533631,8860,5720.086922
24667.409933,5217,5726.62005
30257.385858,6852,5735.583044
33025.215747,7870,5745.399114
33811.101887,6514,5753.532846
28307.192658,6840,5762.066456
26312.061366,5827,5769.666997
27095.658634,7116,5778.552974
28508.703109,7704,5788.152525
26988.586248,5685,5795.250067
30223.413825,6028,5802.925466
25144.210731,5487,5809.788886
41695.973502,10001,5822.509007
29730.008965,5870,5829.849639
31033.733855,8521,5840.439536
35305.641984,7827,5850.175299
32785.167322,7089,5859.39435
29963.155809,5751,5866.602866
31513.287813,7880,5876.4512
25540.376978,5728,5883.61699
35042.548545,8634,5894.743281
32126.219321,6486,5902.829685
34448.182066,7133,5911.715392
32264.895274,5995,5919.247635
35036.444936,8373,5929.683861
34489.7089,7255,5939.055879
27494.027345,5586,5946.042546
35637.399686,7475,5955.37387
25393.659275,5285,5962.029425
29272.923073,6729,5970.451379
26548.863107,5708,5977.973148
42036.093401,8686,5988.763495
31975.748511,7306,5997.995639
35155.073354,6985,6006.692922
37434.515423,10001,6019.422063
30006.243888,7636,6028.849619
37787.245872,8389,6039.253619
36885.548411,7702,6048.860271
28258.020005,6584,6057.092726
34698.078615,6848,6065.94434
29748.167409,6573,6074.1893
38766.905752,10001,6086.520264
31955.253082,7840,6096.231207
28798.790432,6201,6104.354919
36216.320885,9462,6116.08974
31249.155198,8431,6126.517208
35702.598622,8142,6136.593515
41280.835718,10001,6149.342392
47436.026904,9797,6161.539015
30764.604983,6000,6169.054445
41250.80581,9275,6180.613683
32661.653254,10001,6193.343954
33867.573826,8157,6203.471065
36207.848411,8709,6214.289115
37015.07491,10001,6226.877681
43618.971996,9253,6238.355887
27592.683637,6416,6246.361879
41778.054187,9324,6257.94564
36314.540677,9334,6269.836623
30345.71574,6415,6277.811339
32965.617647,9616,6289.710134
39039.282327,9528,6301.47851
42990.845354,9602,6313.7329
36304.434097,8253,6324.005229
40792.547656,8338,6334.411074
37584.913519,9570,6346.602897
33880.7074,10001,6358.989126
33194.538953,7714,6369.537285
33731.468,7356,6378.762675
36995.015603,9481,6390.953429
32623.647341,7776,6400.620065
36174.929678,7397,6409.894019
37034.914985,9511,6421.701338
38584.443554,10001,6434.539569
43816.213841,9620,6446.469162
35469.746197,8988,6457.672198
29662.098119,5765,6464.893556
36316.347193,7672,6474.845978
42721.855016,9571,6486.75061
39922.661183,10001,6499.151867
