#{"t_start": 1698256707.7828605, "env_id": "plainCPGEnv-v2"}
r,l,t
-1228.370783,369,1.400091
-522.294142,661,2.026543
-2041.074077,837,2.747976
478.794348,672,3.354482
1015.132975,1262,4.427227
-1757.28833,682,5.127158
-3653.883747,864,5.926311
-3196.436757,774,6.652322
-3206.857133,795,7.395325
-2562.268806,859,8.164425
-1218.570526,413,8.588077
-2560.373638,745,9.333854
-3012.19184,903,10.232641
-1470.038617,545,10.795436
-2214.892139,691,11.47665
-2184.993531,797,12.185681
-1072.455544,467,12.622883
4723.068841,1722,14.035199
-1690.736027,576,14.582729
4313.354105,1918,16.52414
-2487.840421,645,17.118005
-441.024339,741,17.767365
-1961.264564,740,18.440119
-1067.472108,833,19.192439
-2487.435139,660,19.799682
-1805.588922,683,20.428238
-2523.705101,1155,21.420602
-1204.275505,1089,22.332923
-915.266074,683,22.941838
-1401.788987,624,23.505184
-1762.512991,454,23.94461
-2036.501733,675,24.571274
-1514.101394,784,25.268052
-2866.779051,629,25.840193
-2087.10413,640,26.424357
-1897.078756,558,26.938948
-3691.791081,683,27.568186
1799.923647,1070,28.498938
2097.288076,1436,29.691206
-2273.174042,495,30.16723
-3692.586428,950,31.344505
-1270.561887,661,31.945007
-2548.233938,1204,32.980079
619.207935,889,33.769738
-2201.443622,845,34.545192
-1926.992758,635,35.151575
-1481.136757,958,35.998533
-2255.998681,1239,37.040317
-921.584725,513,37.528054
-2036.770795,646,38.10576
-1871.148149,940,38.926444
-1027.487194,981,39.775576
-1856.179504,670,40.391974
-1172.428007,707,41.016707
-1104.124116,483,41.478924
-2503.642258,551,41.991951
-2459.34034,441,42.425214
-2675.040496,974,43.276492
-2557.875006,711,43.929374
-1261.978931,747,44.586948
-1052.688232,1120,45.545721
-1343.258431,996,46.751662
-1617.02916,566,47.289926
-2955.775765,1169,48.300227
-1700.998099,664,48.921299
-1432.278629,400,49.323858
-3212.574491,914,50.140985
-2078.768484,397,50.542655
-2656.228155,724,51.206543
-3305.42955,1012,52.080172
-1599.76728,753,52.745148
-2586.656842,794,53.45974
-1500.829072,471,53.924343
-2793.782871,1011,54.798226
-3295.515917,891,55.576851
-959.191392,487,56.041686
-2316.34445,473,56.501663
-2249.341222,582,57.037057
1940.68752,1016,57.909094
-744.31802,543,58.425781
-2722.917185,893,59.228133
-2077.807966,481,59.703984
-1350.710151,527,60.206693
-3715.709043,882,60.99715
-3500.596566,702,61.97089
-1136.973434,568,62.52513
-2814.916049,1074,63.459384
-1864.665892,952,64.282615
-3098.164143,839,65.019823
-786.080885,597,65.579446
-1614.742413,514,66.067368
-1860.073842,523,66.559561
-1761.222795,353,66.933926
-3187.003044,732,67.593231
-2171.694103,693,68.220541
-732.688226,544,68.730753
-1929.024836,1654,70.123356
-1492.864602,511,70.623367
-451.364809,598,71.176961
-1504.322131,1157,72.17293
-753.260233,496,72.66155
-1459.185264,852,73.410472
-2546.530105,865,74.172815
-1822.944133,923,74.982403
-188.66401,648,75.55051
-2308.429345,462,75.995007
-1620.017444,674,76.969107
-1988.351992,378,77.355196
-2853.798692,624,77.935705
-1053.508409,605,78.503415
-1732.375018,558,79.033487
-3166.207428,1882,80.587846
-2608.958311,948,81.41803
-1613.057321,920,82.217143
894.720194,901,83.007993
885.380464,1512,84.266503
-3365.766033,696,84.904146
-1941.696145,386,85.304661
204.853226,821,86.037721
-1039.501993,562,86.57145
-599.200776,720,87.21802
-1259.191257,521,87.712756
-1891.406939,570,88.251328
-3555.147797,1392,89.399898
-1727.365257,853,90.154319
-1674.793316,820,90.92076
-2769.711775,648,91.846377
-1570.943006,573,92.368836
-3179.980793,793,93.074838
-2849.111648,902,93.889007
-1274.774279,627,94.453107
-1673.738926,604,95.004499
-475.044707,742,95.684128
-1793.773279,583,96.220689
-1654.108092,799,96.920581
-2846.411321,979,97.766925
-1876.686828,1707,99.170717
-731.911826,664,99.780231
-2242.454412,752,100.4625
-1167.143831,613,101.027813
-2632.605979,678,101.638391
-3877.406737,1401,102.797737
-116.747744,675,103.410897
-1565.811554,410,103.827218
-524.92644,1587,105.165805
-1410.856509,699,105.807226
-464.530989,774,106.830271
-2498.726133,964,107.68231
-1356.191666,716,108.338784
-3352.941147,850,109.095996
-2209.898538,873,109.861625
-3294.566228,816,110.589621
27.109669,630,111.163108
-889.622056,461,111.60592
-1945.921549,393,111.998081
-438.808157,857,112.755711
-2023.695597,985,113.61427
-2753.136387,593,114.171628
-882.937925,625,114.755398
-3067.573993,814,115.481747
-790.313779,683,116.103714
-1133.117822,862,116.860811
-2618.456486,711,117.521889
-2122.287483,551,118.052256
-1534.798782,449,118.489092
-3165.604089,714,119.126952
-2186.620857,758,119.817508
-2072.671995,507,120.295378
-3438.925939,1401,121.808408
-3368.25111,703,122.453115
-317.561872,949,123.276581
-753.103172,652,123.877057
-3024.42002,775,124.57839
-3332.641237,1319,125.704877
-515.623083,910,126.51819
-127.026732,582,127.057635
-1619.163524,653,127.66246
-2625.401834,607,128.22061
-859.061402,464,128.669746
-990.658345,973,129.511749
-3499.36747,1155,130.485904
-2226.249073,590,131.031099
-2472.917975,859,131.814462
-1014.852345,540,132.328782
-1773.996657,826,133.059401
-941.872007,468,133.507994
770.80223,1199,134.522075
-1918.176883,487,134.987829
-1364.564454,456,135.428628
-3423.067528,923,136.251821
-301.184849,512,137.058967
-712.214489,763,137.732756
-162.979151,594,138.280445
-710.376279,1146,139.259242
-3204.363902,542,139.777694
-1380.819394,915,140.594768
-1853.655433,650,141.206617
-2241.368827,955,142.047587
-1798.336649,1268,143.136543
2104.31531,1146,144.131124
-1022.391184,567,144.663973
-1930.905204,1003,145.540692
786.413515,1395,146.734231
-1759.984179,571,147.263796
-2001.153193,579,147.817554
-2413.392619,1004,148.700333
-659.240839,867,149.477823
-579.790379,1121,150.445336
1443.499063,880,151.55081
-2706.844233,802,152.257633
1594.390908,1501,153.512144
-1868.607045,836,154.259009
-2911.609225,678,154.876071
884.108543,809,155.593044
-2165.18086,816,156.336104
-775.781621,953,157.149287
-1304.550732,589,157.702178
-1298.080069,725,158.344604
-221.361499,724,158.999733
1889.165963,1289,160.078712
-1248.480174,1221,161.146392
3896.652024,1397,162.310484
-469.388466,663,162.92226
-890.54566,863,163.678077
-1787.040361,596,164.236771
-521.826926,1398,165.420505
-733.531133,861,166.511656
-3270.485466,895,167.288137
-2755.064349,904,168.082672
-734.047757,528,168.587641
-1094.644378,1659,169.948027
-608.433397,727,170.615408
-1483.181641,1233,171.681089
-2094.489754,723,172.343716
-1586.925203,406,172.754053
-2102.263565,1126,173.72534
-297.27842,988,174.581293
-1326.863817,614,175.143328
-569.609679,975,176.004556
-222.24,822,176.733781
-1900.072138,1237,177.769649
-2478.945276,990,178.649743
685.518389,786,179.347333
868.1381,1071,180.259618
-2755.899047,567,181.147799
-3052.824425,713,181.778665
-1365.209399,730,182.442204
-2724.460338,643,183.021617
-1455.09354,459,183.47006
-369.700969,1012,184.354195
-718.956274,710,185.002269
-2129.369101,1257,186.06875
-2417.890688,1045,187.013665
156.438527,1271,188.092886
3120.596675,1229,189.140687
-1537.620668,589,189.693631
-1470.185084,913,190.484786
795.202711,1093,191.416859
-2757.720824,722,192.071275
-2943.996476,621,192.635502
-446.249695,1069,193.551369
2220.771909,1104,194.515797
-853.488696,672,195.12283
1381.792234,942,196.267737
-1686.722434,792,196.977003
-2106.082521,2562,199.094591
-2149.384528,921,199.961275
-3383.62434,808,200.736651
-1995.013108,1020,201.669742
-1452.727857,1315,202.820697
-1723.139249,860,203.618524
1052.008944,1771,205.104024
-1968.463315,772,205.907238
-2334.180348,584,206.512315
-845.007152,697,207.190479
823.423441,1708,208.756076
6625.1621,2824,211.651218
2834.130579,1445,213.036216
-13.152144,1159,214.09404
2390.177186,1302,215.308004
1078.752055,1109,216.361842
956.899029,748,217.082283
2722.421631,2485,219.165448
-679.662414,635,219.753421
-1320.709588,930,220.612092
-2642.081045,1116,221.612477
-1592.637823,625,222.235601
-2485.637191,1397,223.438888
-1912.421937,1944,225.094381
8891.759607,2260,227.259316
573.412801,1412,228.445006
336.537972,1204,229.472971
5325.280296,1946,231.124075
-873.183525,667,231.73199
4952.471951,2604,233.877551
3424.103398,1632,235.280488
5499.845759,1647,236.645522
-1875.418471,935,237.467381
-844.646737,1355,238.643328
7520.940603,2943,241.315292
-246.561598,1311,242.424734
-560.521606,498,242.892599
-823.009534,641,243.468489
7507.394649,3196,246.010659
-3526.447126,1039,246.892169
4071.375767,3464,249.639547
-377.784006,853,250.405541
323.998223,867,251.191683
5758.346963,1958,252.796227
1134.042549,1253,254.237525
-1377.816813,1023,255.129869
-1024.571329,1115,256.103191
3703.710313,2546,258.187814
19137.367133,5001,262.053924
3369.148841,3035,264.459219
-1283.489138,1301,265.570123
21885.665814,5001,269.767632
2037.490587,2055,271.425906
13619.513349,3452,274.142194
8503.566784,3221,276.699881
-2359.512319,694,277.338436
18139.549037,4417,281.114523
4250.435944,2855,283.365196
15967.174363,4305,286.737854
12381.288954,3464,289.47337
277.647483,493,289.93804
21552.810357,5001,294.170851
-2483.15017,768,294.885774
-585.740945,1024,295.764984
8802.987326,2644,297.883243
20669.512901,5001,301.823204
-575.219508,1026,302.705576
9183.468373,2583,304.781807
3046.428241,2647,306.928851
9330.93095,2769,309.481134
23626.88574,4543,313.111117
-1561.033573,373,313.497359
4581.080097,1398,314.679115
13104.639052,3277,317.304677
7686.116448,2346,319.208319
-413.513398,708,319.860254
-2737.928195,870,320.659683
22329.57312,4741,324.7487
-64.584013,693,325.36823
13694.835303,3046,327.912328
-1154.304218,681,328.543408
-1683.774263,774,329.250991
11971.861546,4419,332.70726
-1786.981947,1946,334.295415
-2247.094357,653,334.892223
22914.127599,3978,338.50676
11885.466663,2636,340.681377
2535.289161,1160,341.657847
2392.784422,1968,343.2688
-1949.031577,2617,345.410998
-1762.602304,1092,346.320093
23146.013143,3991,349.77593
3955.775845,1381,350.911222
6056.562986,1589,352.211387
23409.941393,4437,355.669717
10001.45618,2348,357.545284
26.996189,1763,358.977648
20354.151044,5001,363.263484
23501.064779,4268,366.605576
2466.892348,1555,367.899101
23968.74784,4125,371.127018
-1269.764364,1503,372.374715
-1177.269439,787,373.082568
23523.742735,4009,376.601546
23910.935702,4002,379.749643
188.146144,791,380.443555
23326.87935,4380,383.868834
23843.152134,4351,387.311233
23976.042607,3884,390.797713
23833.118989,4425,394.319999
23124.049977,3982,397.515782
14623.585165,3422,400.216352
23538.618973,4498,404.128776
23141.303848,4091,407.33495
5553.663252,1986,408.911779
23053.131771,4155,412.386878
23788.410518,3727,415.457426
12471.529435,2665,417.996564
4894.87189,2730,420.191235
23151.248587,3985,423.38481
23929.007234,3481,426.178093
22972.144787,4176,429.812319
23808.687211,3833,432.919038
23393.512815,3967,436.114472
23434.209947,3843,439.201225
23829.759787,3601,442.142621
23625.575495,3747,445.412579
23672.174974,4026,448.600428
23855.311218,3445,451.384693
23610.388872,3649,454.29372
23757.672928,3812,457.719778
8066.610586,2203,459.468671
23890.759998,3574,462.360777
23923.178983,3261,464.952209
-2015.453023,517,465.440716
23466.92141,3440,468.164548
23183.038909,3752,471.476523
22312.083898,3949,474.587427
401.431829,873,475.341899
13976.582161,3435,478.031274
9773.121937,3394,480.663446
23678.054036,3397,483.703347
573.09237,1766,485.125515
22250.644981,4777,488.899542
4385.937815,2268,490.707629
3129.97633,1104,491.635718
23678.237544,3125,494.154084
23591.961665,3460,497.220493
23885.678088,3673,500.152105
24016.13638,3382,502.834322
407.681154,919,503.633565
23016.823799,3885,506.6562
24061.329956,3358,509.301644
24102.03935,3424,512.329237
24177.549884,3174,514.833136
177.215686,813,515.535191
1411.545833,1241,516.565606
22850.793675,3674,519.459198
23889.997061,3254,522.036275
23608.370076,3606,525.269223
23812.620172,3231,527.874741
24000.743823,3195,530.444281
23948.753861,3448,533.293701
22870.548873,3458,536.078092
1417.148036,1084,537.328646
23827.704698,3182,539.8614
23682.660683,3400,542.554541
23879.006451,3230,545.146986
24079.722673,3351,547.792318
24041.072706,3401,550.836975
24151.840065,3321,553.514084
24103.76664,3253,556.082356
24062.657916,3335,558.703408
23661.188261,3132,561.210794
24079.744036,3179,564.103174
24182.979856,2934,566.423638
23968.254215,3090,568.925785
23964.469834,3031,571.344514
24080.465068,3192,573.855377
23736.340558,3143,576.360714
23728.16914,3003,579.131106
23748.842235,3134,581.606658
23570.063614,3240,584.157768
24104.987232,3069,586.588762
24007.534329,3095,589.032393
23853.508954,3090,591.813637
23940.309574,3153,594.35735
23972.363194,3035,596.761102
-5.084658,1348,597.854936
23962.158246,3133,600.334424
24165.524234,2907,602.672951
23876.467772,3021,605.413575
23938.920004,2901,607.750865
24091.207967,3148,610.23308
23927.201285,3052,612.63944
23776.652607,3118,615.097969
23744.663297,3170,617.93864
24060.998011,3257,620.569094
24257.564567,2905,622.905521
23971.518507,3012,625.297907
23994.459709,3161,627.801407
24302.586606,2839,630.06967
23940.137656,3110,632.863557
24004.924223,3086,635.358191
23966.511719,3077,637.841819
24171.725879,2987,640.281305
-2699.801481,1472,641.580054
24254.889984,2853,643.957921
24107.957626,3049,646.797405
24240.085727,3020,649.218634
24010.026054,3008,651.640886
24159.370661,2972,653.980806
24154.862304,3017,656.34288
24201.620591,2934,659.010051
24109.3694,3075,661.486672
23792.362663,3042,663.914397
24171.534642,3108,666.448942
23899.071817,3046,668.914242
23977.848508,3160,671.838346
24243.350002,2859,674.145711
24170.959162,2978,676.495462
24221.800683,2858,678.770854
24243.267567,2910,681.082233
24107.240496,2977,683.473514
24185.088708,2883,686.172995
24120.60275,2859,688.519208
23997.146698,2802,690.75994
24016.99322,2888,693.060615
24202.708218,2930,695.397807
24162.678002,2725,697.584954
24212.882019,2744,700.17787
24223.382859,2729,702.417241
24069.441728,3001,704.810447
24195.889427,2757,707.019192
24151.246194,2675,709.176207
24029.646393,2862,711.480063
24196.182817,2821,714.062231
24187.25503,3011,716.451044
24157.661502,2848,718.713868
24129.18516,2661,720.821537
24209.306996,2725,722.988908
23888.442791,2646,725.155575
24027.174691,2749,727.754488
23659.429083,2858,730.075846
24226.843385,2788,732.300626
24293.801518,2738,734.511706
24225.494258,2774,736.763049
24237.167453,2709,739.316382
24196.615382,2806,741.626919
24307.62358,2606,743.790764
-633.615392,956,744.678489
24255.700029,2661,746.985168
23967.765629,2879,749.436358
23334.493959,3178,752.142344
8964.087918,1996,754.11355
24067.870438,2730,756.344897
24194.325409,2777,758.562969
24207.744652,2742,760.77071
23995.396758,2846,763.035316
24151.908784,2618,765.175708
24099.082146,2816,767.814993
24245.090621,2735,770.008725
-1856.874587,1260,771.084087
24133.257539,2574,773.150805
23943.600678,2756,775.367453
24213.659891,2797,777.611881
23971.418643,2739,779.778908
24157.95239,2740,782.330271
23866.921955,2931,784.659222
35.551857,1010,785.526268
24102.329026,2872,787.824527
24121.797465,2639,789.953769
24185.897705,2658,792.049533
23956.946307,2768,794.653012
24188.213099,2548,796.718318
24044.950612,2659,798.87722
24210.229705,2682,801.032817
23895.982035,3656,803.916948
23711.602357,2813,806.133222
24091.925768,2752,808.626576
24150.369702,2586,810.699805
23673.431604,2802,812.945247
24063.257886,2859,815.211301
23975.416423,2662,817.357786
24081.337613,2608,819.480653
24239.365081,2530,821.845926
24064.730492,2508,823.873122
24158.808433,2552,825.926406
24270.09944,2444,827.906553
23919.161086,2826,830.158553
24175.595368,2596,832.264066
24229.438476,2515,834.619602
23672.422897,2691,836.775739
24229.852456,2676,838.95243
24235.053038,2637,841.042569
24071.604629,2673,843.190547
23988.013871,2630,845.280524
24190.307224,2675,847.396927
23998.048857,2571,849.799678
24233.315517,2717,851.982149
24221.610954,2489,853.969441
24244.505035,2621,856.052813
24006.904513,2674,858.175355
23430.365696,2919,860.453386
24248.739689,2542,862.813725
24141.561033,2684,864.954492
23951.892248,2581,866.993802
24371.80567,2557,869.048484
23663.329752,2719,871.219794
24188.435807,2691,873.358171
24303.050604,2409,875.645886
24023.335462,2597,877.736874
24167.251186,2620,879.870599
24009.69903,2592,881.928851
24322.329048,2514,883.949903
23804.310485,2785,886.193063
24076.780553,2630,888.709631
23916.387109,2765,891.029068
23970.512676,2537,893.098683
24126.647794,2411,895.093056
24193.000517,2365,897.044527
24190.761227,2484,899.075191
24080.355429,2665,901.224008
24127.352728,2643,903.7078
24122.453171,2534,905.754094
24383.362492,2329,907.620026
24131.667079,2422,909.56741
24230.397417,2385,911.484506
24433.243839,2275,913.344071
24164.73127,2463,915.648608
24273.719368,2481,917.620931
24184.24744,2710,919.780323
24347.308438,2244,921.587876
24099.526165,2578,923.682632
23933.061051,2646,925.838108
24262.319972,2539,927.891184
24313.770013,2403,930.200116
24035.247034,2428,932.189956
24194.354403,2399,934.185655
24062.18745,2525,936.283979
24328.242212,2407,938.233971
24287.953944,2462,940.268438
24302.449636,2453,942.287771
24257.758121,2413,944.725007
24228.163902,2477,946.806308
24181.490666,2595,948.90451
24165.736552,2546,950.987456
24298.803858,2476,952.971337
23788.963352,2823,955.239249
24291.682576,2486,957.571736
24042.997828,2511,959.601419
24211.099533,2403,961.544837
24069.767912,2533,963.615349
24244.768767,2436,965.621022
24252.984793,2716,967.800356
24318.251053,2502,969.867417
24231.539653,2556,972.270351
24359.811802,2340,974.19386
24361.581717,2458,976.177974
24342.714582,2405,978.153127
24353.814015,2472,980.130475
24338.177416,2508,982.141657
24049.832164,2439,984.45485
24352.864979,2441,986.438409
24324.49028,2384,988.358504
24333.950414,2457,990.353652
24223.961682,2556,992.400759
24281.520628,2484,994.375665
23791.948509,2632,996.464256
24244.801145,2388,998.704052
24389.898957,2337,1000.584794
24352.350611,2348,1002.488737
24258.00092,2382,1004.405806
23936.412607,2687,1006.526183
24279.431103,2458,1008.480691
24250.07749,2630,1010.556073
24381.978599,2316,1012.729846
24226.668137,2543,1014.798308
24220.143526,2541,1016.862329
24161.679368,2583,1018.963478
24296.304969,2401,1020.90579
24000.225975,2479,1022.927524
24159.075573,2478,1025.296355
24173.860162,2629,1027.382792
24207.927058,2542,1029.407677
24359.780447,2437,1031.334621
24134.825901,2621,1033.39478
24260.30281,2663,1035.53197
24354.166267,2364,1037.458768
24043.369457,2571,1039.814162
24144.089456,2477,1041.825282
24256.147247,2300,1043.703804
24036.982386,2506,1045.707512
24340.984133,2379,1047.61355
24276.07818,2481,1049.581733
24092.768573,2704,1052.055942
24169.198512,2572,1054.18072
24291.334255,2401,1056.12369
24147.362147,2555,1058.205616
24311.688837,2419,1060.128178
24222.776298,2476,1062.140522
24291.954056,2408,1064.075483
24287.873605,2575,1066.526362
24297.47707,2482,1068.543552
24269.378062,2521,1070.622584
24311.107915,2528,1072.632672
24176.826942,2521,1074.653317
24391.615565,2390,1076.64284
24299.121571,2442,1078.997916
24259.577252,2492,1081.01477
24134.647505,2442,1083.040464
24216.369025,2531,1085.085634
24309.218206,2412,1087.06557
24186.530868,2608,1089.179183
24345.242318,2505,1091.19598
24073.473603,2612,1093.623646
24080.510665,2608,1095.748135
24115.092509,2457,1097.753731
23936.851846,2603,1099.862098
24201.271137,2429,1101.877008
24097.399856,2345,1103.781674
24054.936768,2724,1106.261391
24193.852239,2522,1108.295418
24208.86365,2468,1110.351802
24349.385073,2231,1112.217383
24359.843305,2395,1114.126109
24174.801845,2499,1116.129141
24292.014343,2441,1118.101648
24053.550139,2318,1120.3076
24227.261037,2299,1122.168627
24115.740781,2560,1124.174105
24337.998529,2470,1126.15679
24140.480002,2472,1128.125573
24162.532125,2472,1130.063918
24312.511302,2204,1131.803827
24069.753793,2528,1134.108427
24252.591206,2404,1135.998645
24225.584087,2471,1137.967533
24228.22623,2463,1139.956001
24090.734098,2496,1141.960569
24228.276445,2460,1143.916858
24209.225981,2510,1145.938763
24306.609264,2305,1148.116363
24113.733185,2544,1150.098897
24038.620423,2555,1152.113868
24189.606025,2469,1154.090825
24199.980882,2469,1156.096541
23995.688951,2522,1158.081254
24018.507677,2662,1160.505147
24193.795477,2498,1162.508007
24212.04674,2623,1164.568077
24172.128335,2507,1166.555534
24132.548695,2528,1168.565588
24299.023685,2381,1170.474915
23952.934833,2764,1172.637267
24217.120627,2472,1174.94866
24244.529599,2505,1176.91628
24257.921673,2346,1178.778442
24266.482331,2447,1180.826134
24094.865545,2514,1182.868933
24168.594235,2406,1184.851128
24120.384648,2532,1187.209637
24251.077269,2437,1189.121475
24265.898206,2365,1190.991227
24246.226586,2495,1192.961105
24277.219887,2342,1194.821478
24229.981548,2361,1196.712237
24149.691926,2514,1198.703452
24310.737131,2331,1200.857282
24313.098514,2438,1202.772375
24397.899235,2330,1204.618962
24274.1413,2333,1206.515989
24270.970066,2271,1208.393524
24337.314252,2320,1210.265934
24099.747417,2356,1212.161241
24260.292182,2386,1214.41448
-1313.98958,1010,1215.322411
24283.433141,2296,1217.171706
24179.955383,2460,1219.139434
24349.500924,2301,1221.020196
24297.271315,2252,1222.829766
24220.43049,2393,1224.726744
24413.858447,2270,1226.592847
24369.38077,2330,1228.822196
24246.714356,2329,1230.658402
24407.76084,2304,1232.521289
24302.664775,2298,1234.432857
24341.529661,2426,1236.413336
24209.25814,2446,1238.357085
24279.244379,2268,1240.177925
24340.845825,2296,1242.328912
24329.89412,2228,1244.09618
24310.90519,2314,1245.955289
24315.385795,2232,1247.721638
24303.802451,2290,1249.530559
24384.185916,2354,1251.386021
24207.122051,2469,1253.329022
24119.739556,2325,1255.543949
1130.641835,746,1256.21159
24283.565888,2330,1258.076504
24366.716128,2252,1259.884123
24232.133678,2581,1261.961193
24275.162275,2460,1263.986975
24155.546228,2373,1265.903395
24320.697874,2280,1268.0684
24191.680247,2546,1270.117317
24368.978556,2329,1271.949099
24264.805137,2144,1273.649788
24231.288855,2485,1275.657775
24251.600963,2291,1277.498881
24208.980098,2378,1279.409403
24137.782042,2435,1281.663255
24336.284203,2335,1283.49981
24097.937326,2531,1285.477756
24227.670166,2354,1287.334137
24242.839363,2395,1289.267389
24213.328097,2348,1291.145911
24168.865341,2433,1293.092948
24248.251647,2351,1295.330773
24261.61706,2308,1297.200197
24297.21145,2399,1299.129335
24236.378622,2459,1301.061003
24244.090458,2322,1302.891018
24291.862686,2309,1304.713951
24269.413285,2323,1306.591607
24191.913503,2229,1308.741521
24035.310997,2505,1310.731675
24249.109844,2349,1312.632797
24285.687748,2443,1314.597066
24186.425847,2472,1316.536074
24307.228265,2343,1318.385805
24035.641686,2615,1320.466074
24095.4055,2428,1322.74903
24160.853165,2506,1324.710224
24267.791567,2386,1326.606069
24238.713732,2424,1328.549458
24300.461424,2217,1330.347311
24240.851609,2492,1332.33197
24330.281787,2262,1334.154866
24323.907136,2293,1336.292664
24305.914624,2322,1338.122954
24285.367662,2447,1340.068233
24286.019429,2386,1341.959976
24351.053263,2384,1343.874516
24186.164762,2493,1345.883937
24361.134925,2280,1348.056336
24282.630807,2391,1349.951612
24392.318367,2153,1351.694919
24278.957225,2320,1353.576863
24371.712804,2270,1355.379323
24329.092623,2363,1357.254844
24331.655991,2325,1359.0895
24108.121919,2449,1361.033527
24317.490017,2315,1363.277332
24272.067228,2333,1365.206201
24250.977477,2292,1367.056198
24262.309666,2308,1368.887527
24283.163654,2364,1370.757073
24136.886528,2369,1372.626229
24300.291036,2306,1374.439995
24216.152604,2455,1376.750628
24252.381139,2368,1378.637793
24343.228099,2239,1380.547664
24263.731849,2377,1382.520779
24231.009932,2344,1384.455122
24174.104885,2359,1386.327568
24286.204384,2255,1388.127927
24157.939827,2279,1390.357194
24237.910429,2252,1392.182885
24231.238377,2388,1394.152388
24378.002658,2269,1396.009859
24125.238067,2296,1397.878477
24164.344278,2406,1399.896168
24247.155074,2242,1401.753517
24058.515421,2388,1404.056025
24347.57576,2319,1405.952879
24316.714402,2176,1407.755026
24279.917687,2343,1409.684176
24346.077019,2217,1411.510955
24355.479451,2367,1413.488027
24247.029755,2256,1415.360701
24261.985688,2354,1417.702551
24279.923374,2304,1419.655413
24334.818069,2254,1421.542819
24249.222632,2453,1423.587373
24222.503439,2235,1425.41563
24354.97877,2243,1427.210952
24320.395845,2344,1429.075401
24215.796883,2306,1431.250305
24386.913528,2292,1433.078927
24175.105658,2484,1435.047578
24220.980552,2326,1436.917279
24232.927325,2329,1438.793193
24260.98352,2355,1440.654864
24300.401872,2256,1442.455656
24378.38494,2110,1444.537302
24342.466828,2245,1446.417589
24327.516115,2196,1448.25267
24310.191149,2316,1450.168436
24372.220013,2197,1451.930828
24352.025695,2236,1453.714411
24318.882449,2267,1455.520826
24292.47061,2393,1457.796834
24328.404391,2249,1459.673821
24383.712624,2175,1461.538839
24322.928983,2233,1463.449118
24358.418132,2173,1465.252004
24282.3698,2235,1467.201598
24381.134585,2300,1469.056747
24330.101053,2304,1470.91331
24310.689785,2209,1473.055105
24250.33229,2273,1474.89565
24254.1945,2259,1476.725784
24351.19118,2330,1478.594127
24314.737955,2242,1480.393139
24413.737794,2204,1482.178554
24295.883583,2144,1483.913704
24388.119085,2201,1486.048833
24368.870423,2264,1487.888901
24181.148813,2262,1489.695757
24246.814284,2327,1491.566702
24212.538748,2297,1493.409405
24272.155307,2321,1495.29162
24345.924956,2174,1497.054904
24310.415076,2238,1499.172
24254.22945,2296,1501.006278
24358.124204,2270,1502.833474
24302.108732,2290,1504.666643
24334.456429,2226,1506.463178
24330.828506,2298,1508.309769
24306.702535,2257,1510.119686
24240.922686,2417,1512.400914
24297.988249,2242,1514.217487
24364.50251,2143,1515.952093
24283.843688,2307,1517.817193
24321.667992,2179,1519.590941
24297.0122,2201,1521.35417
24417.716271,2196,1523.143342
24350.106616,2135,1524.872319
24213.285703,2353,1527.118373
24353.903038,2289,1528.970184
24314.616939,2284,1530.820497
24314.18836,2296,1532.688
24191.269455,2401,1534.629726
24294.698306,2216,1536.429648
24315.969777,2213,1538.234369
24335.273366,2227,1540.373015
24200.387302,2384,1542.299178
24285.389312,2191,1544.064085
24349.714897,2160,1545.814074
24375.142982,2211,1547.612909
24258.188586,2183,1549.383644
24231.005681,2408,1551.315218
24284.362768,2229,1553.454201
24158.734886,2332,1555.319515
24185.672954,2293,1557.182665
24257.997954,2316,1559.052076
23920.390459,2408,1560.992244
24292.770714,2463,1562.981476
24221.901983,2289,1564.830109
24326.7951,2125,1566.963392
24226.615396,2245,1568.859906
24250.553778,2245,1570.732912
24064.403582,2387,1572.720205
24224.886241,2170,1574.703086
24220.201156,2239,1576.969149
24411.029725,2121,1578.7205
24079.17683,2273,1581.065096
24312.306014,2265,1583.090602
24231.452696,2378,1585.099551
24146.374558,2347,1587.142314
24304.711279,2197,1588.984187
24141.65465,2264,1590.80149
24305.221256,2208,1592.585427
24301.327542,2153,1594.332001
24309.555864,2237,1596.466943
24265.790901,2331,1598.425978
24335.108435,2257,1600.262785
24139.146256,2290,1602.101628
24051.847375,2270,1603.98706
24215.957931,2411,1606.056098
24393.611915,2055,1607.782084
24250.565595,2338,1610.08602
24264.391355,2178,1611.89667
24307.872107,2104,1613.617781
24414.340829,2070,1615.292416
24289.140554,2236,1617.147722
24296.214156,2190,1618.941144
24371.428283,2118,1620.650342
24385.021235,2061,1622.330441
24386.175753,2150,1624.40435
24247.702188,2202,1626.201635
24250.902072,2180,1627.976058
24201.801342,2281,1629.825209
24333.012577,2084,1631.550669
24290.928171,2250,1633.391085
24317.912568,2191,1635.221451
24295.706365,2244,1637.434228
24239.658778,2375,1639.374502
24306.040889,2122,1641.151304
24301.398477,2244,1642.991224
24214.206156,2342,1644.89504
24327.007217,2248,1646.734612
24391.97375,2173,1648.500208
24328.368433,2194,1650.593147
24294.665359,2248,1652.415538
24312.455009,2234,1654.248003
24276.147026,2252,1656.078963
24381.902858,2160,1657.805773
24207.893814,2257,1659.611112
24290.717131,2241,1661.449299
24266.379713,2169,1663.197369
24226.233063,2201,1665.414828
24410.869687,2087,1667.138606
24260.545483,2191,1668.955784
24282.768932,2220,1670.783376
24255.882004,2229,1672.575413
24253.880066,2273,1674.440858
24024.022431,2314,1676.337834
24149.856874,2326,1678.558616
24265.196905,2237,1680.364149
24255.65822,2199,1682.177448
24336.348183,2243,1684.013527
24287.76474,2201,1685.824155
24353.884756,2243,1687.642194
24350.643007,2172,1689.415631
24366.613269,2205,1691.593097
24300.05055,2248,1693.403584
24355.320208,2283,1695.294914
24324.889727,2231,1697.116193
24436.583121,2038,1698.804817
24281.97256,2310,1700.699194
24341.615255,2203,1702.506152
24343.540934,2187,1704.287566
24398.595902,2172,1706.409502
24294.168271,2242,1708.247585
24407.095797,2126,1709.985944
24202.254412,2184,1711.785018
24443.396414,2247,1713.587341
24410.431178,2090,1715.315209
24350.279666,2341,1717.222806
24287.82573,2103,1719.299332
24191.167969,2300,1721.145011
24005.77717,2414,1723.104745
24276.915915,2172,1724.878775
24355.717003,2173,1726.654812
23926.052334,2313,1728.645496
24291.251175,2219,1730.473439
24365.239224,2158,1732.303533
24320.76677,2123,1734.467953
24357.477715,2131,1736.232074
24402.196976,2080,1737.91509
24053.832106,2445,1739.91274
24203.353431,2235,1741.729277
24373.537709,2247,1743.527835
24348.891266,2168,1745.283187
24195.475082,2187,1747.427443
24247.49905,2233,1749.261824
23787.995425,2315,1751.208812
24171.197766,2324,1753.106156
24215.323955,2289,1754.95182
24149.436063,2153,1756.689045
24176.596166,2234,1758.618276
24272.903252,2309,1760.941055
24356.323898,2295,1762.857344
24087.921993,2322,1764.712393
24235.098038,2246,1766.52545
24055.671018,2258,1768.406653
24225.694016,2168,1770.310683
24378.002663,2162,1772.235216
24419.543388,2134,1774.143846
24179.050027,2212,1776.362686
24228.787924,2142,1778.216754
24258.266331,2188,1780.126241
24401.725908,2198,1781.931453
24197.75377,2201,1783.698462
24174.937786,2216,1785.539679
24081.455323,2143,1787.301461
23933.581453,2241,1789.497339
24100.010534,2162,1791.256621
24328.04116,2168,1793.003252
24014.687022,2276,1794.811413
23803.476945,2218,1796.621791
23926.589523,2242,1798.466035
23924.138874,2280,1800.305174
24306.454507,2188,1802.076919
24019.336667,2308,1804.274437
23931.755654,2148,1805.990128
23954.470725,2250,1807.806638
24315.15165,2227,1809.646813
24011.277985,2354,1811.550694
24268.254866,2278,1813.415227
24346.122358,2249,1815.191479
24180.241963,2295,1817.312343
23965.207309,2333,1819.154463
24144.973823,2132,1820.835755
24139.38632,2233,1822.603187
23740.287942,2261,1824.383885
24350.34943,2126,1826.069166
24431.265646,2178,1827.787591
24238.553748,2216,1829.860816
23800.666324,2219,1831.638488
23875.024395,2280,1833.504142
24060.309297,2153,1835.237242
23929.479241,2188,1836.97835
23231.015058,2285,1838.861208
24296.027383,2269,1840.686589
24168.79854,2281,1842.904783
24012.060771,2177,1844.643858
24322.925824,2113,1846.386752
24372.800137,2137,1848.10551
24355.584063,2190,1849.894883
24301.190303,2187,1851.633612
23360.318118,2349,1853.548481
24327.146969,2162,1855.289328
24386.107228,2182,1857.398935
24359.536239,2207,1859.179043
24029.895424,2221,1860.988986
24030.227062,2213,1862.833501
24237.467391,2260,1864.694706
24280.97388,2178,1866.45193
23974.335975,2208,1868.226773
24326.488122,2131,1870.298533
24034.576766,2233,1872.091318
23872.667251,2295,1873.915387
23827.666217,2270,1875.722189
24339.662868,2180,1877.500102
24069.202053,2350,1879.350778
23665.630504,2279,1881.197838
24369.454963,2102,1882.891227
23538.080016,2284,1885.154773
22030.236838,2858,1887.488015
24067.095938,2287,1889.345682
23331.436276,2445,1891.314183
23837.83522,2325,1893.197021
23825.86401,2227,1895.017638
23903.646703,2284,1896.850477
24255.702431,2169,1898.931538
23569.708544,2288,1900.766749
23931.733542,2241,1902.661172
24020.09823,2302,1904.613223
24223.880013,2195,1906.413724
24366.162654,2258,1908.306324
24045.836516,2244,1910.163515
23819.756879,2343,1912.553228
24212.890099,2277,1914.580399
23815.508123,2320,1916.590859
21158.952773,2523,1918.660727
23790.342819,2286,1920.470803
24188.694651,2269,1922.299453
24211.580568,2152,1924.024987
23982.0366,2170,1926.109225
24082.049358,2343,1928.066411
23664.999477,2385,1930.104238
23672.556675,2211,1932.119436
24413.734718,2135,1933.912159
23672.984157,2288,1935.7775
24331.907809,2157,1937.619899
23948.177192,2349,1939.89296
24229.690051,2293,1941.833246
23936.197401,2383,1943.82101
23765.399784,2361,1945.858995
10560.916689,2124,1947.800226
24026.618314,2258,1949.824421
23770.01008,2284,1951.767982
23636.168526,2262,1954.142976
23863.00646,2232,1955.991766
23784.890524,2371,1957.909485
23505.961809,2302,1959.788498
23622.185544,2274,1961.703732
24000.91165,2180,1963.578936
23762.796918,2274,1965.497324
23885.08823,2147,1967.285923
24322.748001,2231,1969.396021
24179.936089,2284,1971.22406
24298.189713,2275,1973.047184
24049.026736,2217,1974.915521
23597.3103,2296,1976.890863
23740.011992,2312,1978.875626
7061.932531,1615,1980.33673
24069.117089,2168,1982.577264
24108.451735,2202,1984.541569
23806.330515,2218,1986.492793
23899.569838,2192,1988.398474
23365.350121,2333,1990.288738
24253.996564,2300,1992.201105
24220.101595,2130,1993.94752
24370.727301,2204,1995.807977
24036.624428,2281,1998.1121
24029.990625,2368,2000.139815
23868.690903,2245,2002.000226
24163.042355,2340,2003.895277
24189.953133,2265,2005.737565
24133.719538,2197,2007.53015
24003.400186,2324,2009.550609
23655.876998,2175,2011.708235
23630.853653,2319,2013.63513
23523.691961,2342,2015.542604
23349.316887,2347,2017.519062
23835.667671,2201,2019.401021
24174.450516,2333,2021.318393
23883.310526,2294,2023.175429
24005.866477,2287,2025.424232
24099.576446,2184,2027.191524
23614.055112,2328,2029.079509
23947.2499,2361,2030.997743
23860.239356,2315,2032.900928
23856.968108,2276,2034.794713
23716.155959,2367,2036.789127
23616.874592,2210,2038.965162
24039.933771,2281,2041.055547
23833.149479,2325,2043.125858
23962.819865,2195,2044.957031
23208.128825,2337,2046.979689
24146.944845,2257,2048.879071
24066.177079,2224,2050.770847
23307.069803,2405,2053.383082
23606.561847,2212,2055.365282
23857.449837,2336,2057.327257
23370.059595,2341,2059.253404
24068.079927,2215,2061.098291
23558.137583,2216,2062.916929
23988.509995,2213,2064.703436
23279.554316,2332,2066.962089
23876.692347,2195,2068.74693
23881.363085,2147,2070.460791
23808.846012,2270,2072.288953
23768.893724,2264,2074.141254
24129.921645,2204,2075.94775
23379.594162,2378,2077.863358
23598.966469,2413,2079.85407
24100.98917,2303,2082.063688
23729.436524,2247,2083.901647
23603.223171,2225,2085.777575
24090.443739,2158,2087.646547
23386.703771,2325,2089.621286
22892.296871,2410,2091.774653
23569.224846,2306,2093.685676
23984.481011,2186,2095.789008
24335.509908,2257,2097.588639
23681.636886,2352,2099.450765
23919.34365,2318,2101.313239
23191.870894,2341,2103.165538
23538.727064,2376,2105.110713
23759.911567,2298,2106.997224
23617.121892,2289,2109.248098
23598.632036,2250,2111.110574
23794.760157,2287,2113.006455
23610.898166,2192,2114.767667
23467.260848,2310,2116.635149
23405.499316,2213,2118.493469
23679.969494,2182,2120.296809
23566.896395,2329,2122.481413
23454.832286,2265,2124.333325
23161.476822,2301,2126.251801
24009.338862,2243,2128.115462
23729.215169,2316,2129.945737
23785.440853,2223,2131.771067
23656.614171,2198,2133.716149
24297.484512,2276,2135.754758
23341.610474,2341,2138.154088
24381.14414,2280,2140.178697
23881.591264,2339,2142.141009
24052.334497,2142,2144.058382
23513.902735,2290,2146.071306
24349.458406,2218,2147.921234
23758.77108,2266,2149.95622
23659.394548,2267,2152.203214
24396.71917,2180,2153.964511
18739.550617,2272,2155.949659
23418.853104,2294,2157.913345
23736.557434,2263,2159.781572
23865.532507,2164,2161.579972
22439.552389,2545,2163.595475
8257.740353,2254,2165.786621
23522.581734,2276,2167.602006
24354.567083,2146,2169.317237
23850.690492,2240,2171.107404
23665.360815,2305,2172.933641
23689.410434,2282,2174.80176
24340.364848,2196,2176.607913
24305.681784,2167,2178.765994
24131.006079,2482,2180.872149
23252.258619,2333,2182.83432
24079.418564,2270,2184.774784
23660.295416,2375,2186.73216
24048.407907,2328,2188.583084
23925.036843,2414,2190.543665
23317.470248,2376,2192.809294
23575.486052,2244,2194.627627
23738.344982,2231,2196.46287
23385.439792,2431,2198.421018
24346.883423,2237,2200.237185
24333.255559,2182,2202.034758
24378.026019,2219,2203.838115
23668.440052,2315,2206.067364
23768.591256,2202,2207.850886
22745.767193,2512,2209.908813
23236.81606,2418,2211.86273
23019.465566,2432,2213.809967
24153.616273,2256,2215.613257
23387.818106,2361,2217.506845
23762.23787,2239,2219.635609
24143.824173,2267,2221.542008
23750.121149,2313,2223.45622
23961.455083,2200,2225.285164
23868.727187,2285,2227.161062
24229.50177,2189,2228.982385
24079.832577,2199,2230.800086
23976.926201,2195,2232.596919
23944.528406,2266,2234.759139
23934.344495,2176,2236.565122
23093.779338,2442,2238.527721
23900.536997,2249,2240.329113
23773.883326,2236,2242.12626
23765.120702,2288,2243.966137
23717.206212,2223,2245.745415
23903.191365,2164,2247.792736
23601.551359,2183,2249.526423
4946.916454,930,2250.355913
23362.768897,2263,2252.228072
23499.713179,2224,2254.054515
24107.582517,2269,2255.878229
22690.653229,2313,2257.74838
24202.465281,2164,2259.495173
24216.877252,2172,2261.61307
23463.711619,2194,2263.443449
23319.067544,2321,2265.355303
23481.557151,2375,2267.275783
23657.832091,2219,2269.070275
23951.537967,2140,2270.799037
23427.749136,2171,2272.55027
23411.540539,2227,2274.653491
23538.802632,2382,2276.542027
23242.831975,2410,2278.451725
23973.1066,2182,2280.215308
23598.713522,2213,2282.010869
24239.011934,2137,2283.88518
23536.434547,2212,2285.746164
24299.038013,2125,2287.523428
23985.405312,2167,2289.633277
23387.263682,2288,2291.531726
23840.483669,2237,2293.361931
23899.707045,2261,2295.298858
23915.992923,2195,2297.136995
23483.081062,2336,2299.116565
23910.068624,2411,2301.134988
23704.914307,2272,2303.336058
23396.732097,2182,2305.158257
23283.972373,2187,2306.932312
23782.491687,2305,2308.829996
23157.678318,2448,2310.822778
23834.684951,2139,2312.589471
23543.770532,2249,2314.402184
23020.954968,2515,2316.749274
23380.310723,2293,2318.582008
24135.962013,2250,2320.377711
23610.296731,2177,2322.146266
23786.552252,2321,2324.015459
23836.592467,2279,2325.8748
24139.196053,2077,2327.589789
23536.370385,2141,2329.708528
23872.147237,2327,2331.588897
23530.280267,2207,2333.394788
2122.833617,823,2334.100619
23528.702686,2226,2335.929499
23430.428037,2279,2337.778912
22983.221829,2277,2339.609136
23543.632363,2352,2341.506679
23406.689941,2304,2343.746854
22898.786146,2403,2345.691175
23583.420737,2275,2347.54387
22561.404741,2573,2349.626635
24195.801052,2333,2351.478034
23657.868954,2224,2353.248009
23823.462726,2188,2355.046753
23700.860025,2328,2357.283465
23988.506552,2100,2358.997482
23407.64619,2172,2360.741146
23372.683113,2190,2362.499048
23205.811263,2340,2364.434954
23339.060604,2256,2366.370394
23549.198407,2168,2368.180715
23826.935269,2184,2369.964007
23419.547977,2256,2372.156112
23083.000217,2127,2373.9286
22974.000107,2460,2376.077454
23231.475826,2189,2377.930753
23720.343463,2273,2379.915773
23528.496569,2274,2381.885995
23674.172266,2276,2383.74556
23898.250815,2163,2385.933478
23436.528555,2250,2387.898209
23029.498828,2330,2389.877183
23678.923806,2300,2391.834084
23504.942165,2380,2393.819769
23833.80494,2207,2395.646416
23549.68637,2235,2397.47994
23337.572104,2284,2399.648455
23299.323067,2269,2401.490949
22928.16078,2249,2403.323821
23459.427723,2204,2405.111023
23761.196614,2255,2406.930926
23369.150873,2292,2408.768367
23477.105048,2304,2410.618444
-313.667716,1013,2411.51336
23617.573902,2171,2413.624944
23057.84701,2362,2415.520918
23572.260261,2129,2417.240516
23672.912285,2312,2419.133253
23460.446066,2280,2420.972945
23575.780984,2153,2422.741875
23033.763481,2395,2424.680664
23250.08386,2274,2426.886909
23258.315603,2179,2428.620796
23198.729035,2279,2430.513202
23264.361773,2321,2432.506741
23567.766891,2313,2434.466829
22938.079213,2610,2436.643279
23089.903304,2271,2438.526945
23995.768208,2172,2440.693502
23586.399838,2249,2442.540898
23263.891051,2333,2444.407323
23244.772494,2394,2446.402883
23570.585776,2225,2448.290378
23159.425596,2209,2450.114987
23018.006405,2296,2452.008455
23250.435421,2183,2454.247394
23590.923066,2239,2456.153147
23412.484941,2144,2457.994303
23504.168458,2216,2459.788017
23244.456782,2268,2461.647911
22990.491336,2458,2463.611702
23035.450957,2278,2465.459698
23713.108781,2199,2467.234739
23132.27564,2410,2469.495652
23563.412829,2227,2471.318458
22752.110976,2418,2473.293064
23316.478419,2188,2475.043193
23071.0509,2412,2476.959973
22681.811687,2522,2478.982243
23037.629873,2227,2480.777248
23214.73714,2374,2483.025191
23197.863211,2181,2484.793608
23034.117081,2242,2486.611302
23618.453039,2199,2488.420513
23752.173031,2269,2490.333559
22904.707181,2368,2492.315222
23531.416626,2401,2494.300608
23511.646462,2235,2496.503839
23573.651728,2292,2498.468722
23327.857643,2453,2500.520107
22730.349533,2931,2503.073565
23393.008008,2281,2504.931121
23467.925762,2287,2506.823166
23065.315603,2620,2509.35747
23052.186466,2281,2511.175633
23802.515545,2288,2513.057694
23477.342961,2416,2515.09308
23612.457505,2292,2517.07896
23291.299612,2301,2518.999442
23409.386644,2412,2520.930092
23409.898536,2340,2522.828278
23388.724393,2301,2525.029963
23287.528581,2248,2526.859543
23301.561608,2477,2528.854743
23450.976113,2347,2530.726843
23186.460761,2329,2532.643232
23306.44593,2549,2534.690102
