#{"t_start": 1697813692.7355237, "env_id": "fullEnv-v0"}
r,l,t
-2359.88179,1297,2.207038
-1788.524548,3077,6.484919
-4028.900688,1747,8.735334
-3636.801966,1476,10.747708
-4526.299152,3074,14.712572
-2792.792693,779,15.800908
-3655.942288,2167,18.50998
-4079.010291,1923,20.937431
-2409.588082,744,21.925052
-1874.538998,481,23.027957
-1902.41095,1656,25.151246
-3619.158287,741,26.179877
-3341.227248,705,27.149083
-4167.851783,2696,30.504573
-4481.891482,2214,33.310891
-3595.364198,904,34.553928
-2402.62312,590,35.397022
-3047.380554,6377,43.699182
-3695.104003,1005,45.578987
-4331.336082,3254,49.817617
-4010.288345,1858,52.297001
-1810.142106,598,53.133066
-3495.294305,1424,55.033357
-3064.883348,1322,56.799282
-4890.013372,4091,61.986587
-2767.168034,1189,63.53191
-4389.804247,1388,65.367837
-3007.239967,1260,67.372488
-3267.097132,904,68.60286
-3895.549098,930,69.83983
-1704.359302,1932,72.354189
-5236.164513,4292,77.656741
-2298.784903,1143,79.220655
-2278.727937,573,80.052589
-4598.095502,3156,84.059921
-2334.653234,559,84.848364
-3363.360508,1041,86.212977
-2640.6236,1481,88.517957
-4004.399658,2434,91.599828
-2966.195952,2792,95.078365
-4759.419393,3138,99.067598
-2508.939424,418,99.704798
-3660.340615,3267,103.793362
-3959.926361,1617,105.954481
-2866.208275,1561,107.960356
-2718.919285,2904,112.060257
-3368.823902,517,112.803145
-2266.103928,502,113.533575
79.172416,1402,115.379336
-5379.931599,5205,121.95468
-3576.847728,710,122.935702
-3730.307619,1203,124.549417
-1408.152076,1046,125.950779
-1615.867184,762,126.985342
-4888.556446,3839,132.211883
-4044.825461,1023,133.563062
230.65249,1348,135.332442
-2943.727358,1297,137.03459
-1412.51858,2702,140.404882
-1907.152472,1051,141.804701
-2236.803916,766,142.853184
-4735.113745,2519,146.018053
-3518.728238,1399,147.829384
-3073.830893,2067,150.453711
-30.988005,2820,154.425043
-4633.251367,3835,159.150623
-1915.278032,2265,162.037021
-2024.614502,619,162.912046
-2734.10145,971,164.201552
-2980.628684,763,165.258567
-3538.979705,739,166.25382
-4191.571837,1525,168.276578
-2612.866419,767,169.378037
-2057.303236,511,170.145152
-4428.069852,2720,173.65729
92.839019,1824,176.400789
-4361.444838,2739,180.103924
-3232.420474,1680,182.510422
-1377.722907,970,183.904825
-4723.839676,3184,188.039013
-2480.248135,2242,191.045845
-4155.687233,2185,193.924771
-3873.294418,1241,195.573597
587.030714,5067,202.453315
-1650.941694,1491,204.508558
-2689.099736,10001,217.654745
-1206.756422,2158,220.769408
-1506.46449,997,222.084832
-1124.165428,950,223.337186
2388.695568,3158,227.419155
-1804.176285,1095,228.867182
1010.096097,1736,231.084194
1198.052409,1936,233.572304
-930.215168,925,234.817971
1136.885653,4321,240.698482
-1178.344537,927,241.932381
-3331.449167,1080,243.406422
9916.15173,2702,246.848916
-1354.34734,1587,248.872544
-831.95802,2908,252.575998
-64.884104,1118,254.080087
-78.881299,1113,255.550368
-23.765287,3977,260.626007
-1470.653925,4521,266.702548
-1822.435384,1220,268.325697
-1643.002433,1280,270.015683
28.363458,6804,278.63095
-3987.874082,1397,280.560689
3380.831915,3083,284.839848
1465.336884,1361,286.705641
-2205.477451,1685,288.962254
-2216.516072,795,290.136307
-2992.39741,1640,292.322235
-2678.865343,8761,303.682646
-96.095581,7492,313.63221
-2099.914512,1058,315.038123
2435.175352,2950,318.864487
-707.715538,3081,322.730954
4913.822513,2119,325.443424
-2674.743598,1343,327.559083
5180.902404,2113,330.263038
-753.850868,892,331.456844
201.261807,4884,337.684113
-1738.564272,638,338.564423
-60.719911,5657,345.539148
7427.051416,4054,351.034833
-2398.089248,3068,354.897544
-742.133183,3197,359.031055
1203.854713,1492,360.960756
-1886.222496,637,361.855293
521.502644,2129,364.545056
-2925.417152,3261,369.085428
-2830.636484,806,370.200318
2272.846702,1819,372.515227
4623.09175,1365,374.292102
264.431266,3271,378.53798
477.438343,1344,380.271363
2731.045366,1922,382.711034
886.986627,2124,385.572067
1804.801161,8415,396.614721
637.800824,2182,399.339469
-874.659185,2613,402.58909
-1807.813904,601,403.447158
2748.179773,2564,406.780312
-173.505809,1650,408.881191
2647.221627,6028,416.905348
-365.623681,1126,418.366184
1921.378202,2423,421.464539
1196.715186,1193,422.997342
4241.06894,1783,425.22638
3383.82104,1763,427.442413
709.972723,2757,430.978583
2591.0879,4167,436.749233
-2179.532713,875,437.971688
407.908827,2052,440.754851
4333.355474,1811,443.14146
7007.887077,8106,454.121322
1232.947334,1345,456.289
3553.251354,2865,459.953074
2418.636707,5666,467.242408
1137.59166,1150,468.731207
-35.7463,5560,475.945111
2811.534754,5339,483.422724
8997.212043,1978,486.030616
-153.316388,1381,487.887519
3892.745582,4455,493.802598
544.203733,1466,495.735743
664.375941,10001,509.136554
1549.622184,3024,513.281829
1110.371117,2425,516.734615
4263.16663,3699,522.28736
3028.984717,10001,535.373955
-1643.594005,1081,536.879528
12157.303292,8115,547.919052
-1679.65866,659,548.864176
-0.321658,803,549.959458
10030.803914,6354,557.985064
4730.70732,1900,560.39562
4443.421216,3562,565.34695
10446.921049,2246,568.173136
5471.3751,4181,573.540345
10027.731386,5167,580.070074
-2059.313994,773,581.125153
13051.769267,6416,589.541895
5406.017619,5645,596.71801
-742.378967,678,597.668741
5762.163602,3382,601.921445
-1918.450016,449,602.578862
-1240.842756,682,603.521534
1138.112166,5806,611.156971
-1887.031952,617,612.042155
-1148.731717,850,613.178049
19095.156413,10001,625.761401
2060.255755,1478,627.705312
-1534.415481,424,628.694994
3165.436814,3225,632.88086
3091.918381,2352,635.922984
-1343.220085,775,636.985439
7975.875538,2889,640.618299
2265.458623,1859,643.016686
3214.469836,2138,645.813208
541.694607,2038,648.434102
2841.633352,6172,656.786594
6664.767519,3441,661.195954
-1035.400188,770,662.264143
8863.459391,2918,665.950407
5738.791055,4166,671.680912
-894.756252,679,672.629452
9376.348006,7171,681.670723
15549.802398,8507,692.756304
-205.905616,1131,694.265682
5290.790406,5827,701.661162
941.657793,1127,703.150045
832.34836,1079,704.597135
-969.679708,886,705.784777
9277.535029,1911,708.218676
1780.565705,2045,710.903096
174.904632,1122,712.390733
4470.918223,4172,718.152539
3500.991452,1413,719.986197
-332.6079,640,720.875296
3450.993527,2781,724.495329
-862.024327,698,725.452505
1159.752778,1296,727.13701
2750.959534,4932,733.539858
4847.812237,6277,741.947568
973.670475,1000,743.283626
853.077842,794,744.353358
4840.938915,1357,746.121716
-157.81536,970,747.430028
-447.816229,784,748.489607
3006.311613,3441,752.894715
-2114.116265,2675,756.270726
-1284.235138,644,757.544625
8865.526941,10001,770.296745
5420.121884,4091,775.532146
3633.148697,2168,778.364638
-926.720896,571,779.566204
4416.455365,3496,783.999291
8182.697394,4733,790.02833
6566.926448,1915,792.463606
2979.223801,1300,794.142201
4082.921121,3974,799.337106
3863.480908,1604,801.786664
975.749977,971,803.082862
4089.806745,8375,813.770096
3604.678841,3207,817.938997
4873.561528,2267,820.811513
34.419304,900,822.390495
1330.348277,2176,825.198632
6251.094445,9385,837.284115
2660.846391,1432,839.14087
8430.376791,2926,842.788741
1182.957266,861,844.352134
1462.841548,1414,846.202247
-482.38875,1112,847.687733
5253.429661,4734,853.80865
-1031.221436,515,854.558166
5194.245569,4283,860.022465
1567.117428,1115,861.486071
-1109.190426,562,862.282675
3209.801019,1959,865.136017
1220.196474,970,866.418703
-137.401539,1350,868.174222
2653.306679,6894,877.111682
-2090.656618,951,878.379596
8286.702167,4877,884.579193
3852.059788,3788,889.869952
11568.682606,4780,895.937087
8151.691118,6896,904.731879
1663.332024,1322,906.446642
-1466.708464,1241,908.406937
2048.143144,978,909.710011
-1555.51258,1006,911.070861
1076.091299,1085,912.49082
6124.99573,1670,914.63671
7739.516051,5153,921.171452
-1567.551911,612,922.051552
1295.720975,1150,923.558386
-91.123,1063,924.956789
5321.127392,3769,930.109051
7675.07287,5700,937.333408
814.358867,1183,938.866887
5995.543184,6057,946.646414
2144.291696,3582,951.588861
-740.293689,1224,953.218057
-943.255997,816,954.320785
9368.445159,10001,966.823975
6277.929988,3117,970.791016
2781.949196,2527,974.435899
10779.924557,6119,982.093386
971.394909,1246,983.711773
15679.293931,8837,994.960289
-218.885059,829,996.070783
1735.314783,1102,997.539469
22503.347654,10001,1009.81881
-669.855177,711,1010.791948
-633.955304,725,1011.768389
-174.058433,813,1012.858324
7845.749292,7343,1022.611956
6265.665188,3904,1027.615696
1693.832513,1156,1029.127584
-593.533121,678,1030.058973
3449.364413,2867,1033.759655
3224.10745,2725,1037.698261
14030.204788,9252,1049.062763
-13.28728,1254,1050.70061
5226.452215,3357,1054.935055
11808.77115,4131,1060.459901
-1091.53178,595,1061.299734
8436.70105,2994,1065.00598
6737.441951,2456,1068.101412
625.292857,853,1069.26899
-108.282596,696,1070.227117
12561.801561,3668,1074.805159
-686.683036,1137,1076.300963
3761.433822,2477,1079.839071
12089.294697,10001,1092.572594
8053.976221,8041,1103.122634
12434.588892,4077,1108.144267
-485.380345,500,1108.861484
767.984332,1126,1110.328346
-1211.697063,634,1111.215575
259.945775,1022,1112.570119
4039.464522,4433,1118.347191
4322.586331,9462,1130.740193
4988.238096,5543,1137.92683
8291.366924,7465,1147.828071
5370.949274,3752,1152.618097
8515.940736,8023,1163.133762
2595.065364,1538,1165.168682
10419.944284,2444,1168.210347
15335.049924,2531,1171.359236
3206.977164,3471,1175.919656
5617.604176,6654,1184.815864
16097.053766,7543,1194.208241
8525.824204,2465,1197.271247
10577.362078,3335,1201.406045
7992.574272,2189,1204.151126
5976.325019,1987,1207.004306
7430.64581,1838,1209.338433
15837.579243,9184,1220.780664
-1171.911351,446,1221.439178
26753.288169,10001,1233.943307
3299.946881,3908,1239.052069
1270.317101,1761,1241.400109
-761.099503,643,1242.293294
6425.426343,2155,1244.986501
7577.693608,4346,1250.887956
-393.806635,828,1252.0067
13138.952304,2857,1255.598052
11528.398503,10001,1268.552244
-107.700607,668,1269.478127
12277.850178,2510,1272.632598
6500.256873,6205,1280.567244
11833.452489,3233,1284.571224
7547.83365,2182,1287.286503
13504.86098,10001,1300.416365
12637.821134,10001,1313.281265
7788.586999,10001,1325.992355
18423.394882,9020,1337.607708
9998.06157,3033,1341.401916
9902.264273,2188,1344.151511
11426.479007,2432,1347.180933
32771.556988,10001,1359.889773
5104.752385,6639,1368.248657
6500.506534,8128,1379.058119
7043.141789,8207,1389.388449
20148.929531,10001,1402.153076
17532.722809,4766,1408.064178
18486.735427,4029,1412.978128
25251.383141,3340,1417.443106
3889.385128,3921,1422.474785
13574.526328,3414,1426.701313
14227.265085,2696,1430.058932
8576.784108,2108,1432.73131
7733.854967,2007,1435.652619
15688.900708,10001,1448.082356
9308.374107,10001,1461.249958
14413.713253,3460,1465.559876
22793.733832,10001,1478.390352
14543.78878,7923,1488.22905
9058.678635,1779,1490.483567
13761.213228,10001,1503.465229
16867.692079,3958,1508.368379
14456.717836,3020,1512.134201
16408.775962,9623,1524.497162
11219.096531,10001,1537.047165
11343.31233,2108,1540.068894
8049.422251,2051,1542.646927
6567.425705,10001,1555.35131
13318.749274,3179,1559.29403
9430.117074,2044,1562.208222
10174.437283,10001,1574.725599
11957.23588,2817,1578.274455
15429.143949,10001,1591.041078
2949.626989,4497,1596.868279
12905.21445,10001,1609.76439
16817.607036,10001,1622.079443
13454.905147,10001,1635.00742
592.492501,4236,1640.463908
12991.162197,10001,1653.212799
16470.208466,2989,1656.94364
6692.215304,10001,1670.1087
3532.539435,10001,1683.30226
14097.592877,10001,1696.291003
17514.919302,3060,1700.098957
4026.785048,10001,1713.700391
16084.075618,10001,1726.292839
779.896493,785,1727.356126
23486.293668,10001,1740.061512
19103.837908,4239,1745.292849
9130.493462,1894,1747.709574
8114.988016,1885,1750.453352
14450.442167,2356,1753.421917
861.04886,1004,1754.761352
20577.40592,10001,1767.137125
16621.385607,3767,1772.178792
1724.371424,1209,1773.77512
11774.267176,2766,1777.220355
13761.093184,10001,1789.978613
13680.893198,10001,1802.935538
30991.724549,8200,1813.242237
11165.362506,10001,1825.80197
12370.394284,10001,1838.693215
9824.982695,2282,1841.570919
11652.653245,10001,1854.044367
12272.758759,10001,1866.95709
9749.287734,2175,1869.694374
10962.639393,1731,1871.914106
14998.574895,3196,1876.249088
9020.133866,2225,1879.078255
300.269442,925,1880.33459
4278.658762,10001,1893.33821
14394.491443,3047,1897.53741
10634.58766,2168,1900.291384
5881.189212,10001,1913.087049
12770.637654,2234,1915.897978
9740.69282,10001,1928.822239
17111.057826,10001,1941.578772
-268.68094,590,1942.414756
7553.636347,10001,1954.968995
7580.871307,10001,1967.952395
19325.458145,3814,1972.679546
13527.398504,10001,1985.479369
9780.263051,1798,1987.766407
18084.097316,4054,1992.798805
10356.427112,2182,1995.518487
19459.86796,10001,2008.185242
13320.188564,2116,2010.831921
9183.734208,2292,2013.698942
19153.522425,10001,2026.410183
17653.486783,10001,2038.761168
12778.841116,2433,2041.844981
17360.757594,10001,2054.704315
3385.269181,10001,2068.070091
12490.886863,3043,2071.886516
9249.060989,1929,2074.341701
9859.116526,3087,2078.230441
9544.302244,2041,2080.811105
10580.564071,2494,2083.950343
9835.985518,2002,2086.864035
8943.507762,1929,2089.288901
16747.119856,10001,2101.531571
10896.368902,10001,2114.463852
8222.337354,1976,2116.993766
11103.144868,2355,2119.959967
8028.173021,10001,2132.954996
10801.006353,2195,2135.686654
14897.361019,10001,2148.524517
13565.455482,2379,2151.512558
9365.842628,10001,2164.027322
22465.525733,10001,2176.819767
11020.737596,2395,2179.805142
11526.24217,10001,2192.537399
7371.283611,10001,2204.961792
19956.708331,10001,2217.703654
10182.106236,1911,2220.123532
11972.149364,2561,2223.300296
18425.531177,10001,2235.962287
224.91842,706,2236.937227
14501.212916,2614,2240.215816
12522.705053,10001,2253.118518
14461.065408,2990,2256.809455
16943.839275,10001,2269.084144
12664.729626,10001,2281.849352
10937.310795,2339,2284.813458
11119.298232,7964,2295.067621
13528.462034,10001,2307.563556
10774.867531,10001,2320.3461
12411.880102,2550,2323.583011
33121.479359,7298,2332.527794
8056.950912,10001,2345.564563
35729.009125,7974,2355.64002
9883.429674,2700,2358.993093
10903.207868,2629,2362.311239
12613.621308,2630,2365.610689
19617.312302,10001,2378.27123
9441.233252,1852,2380.616249
12180.663411,10001,2392.989867
12603.111972,2726,2396.745028
7630.976399,10001,2409.265337
19951.162262,10001,2421.899318
10569.43327,2464,2425.002542
11346.551735,2115,2427.67105
14138.71769,2812,2431.164668
11888.159236,2004,2433.697844
6252.76497,7367,2443.358732
8931.945402,1995,2445.878033
14232.388016,10001,2458.312469
2769.943999,1780,2461.012648
12392.075093,2467,2464.123087
10935.821551,8579,2474.926676
7475.298128,10001,2487.897466
10407.651339,2289,2490.790093
9667.568733,1849,2493.135403
4653.984117,8253,2503.819453
15639.388368,3279,2507.895988
7095.521684,10001,2520.489127
18923.502506,10001,2533.275491
20681.73637,10001,2545.906407
8271.991138,1967,2548.412646
24051.747303,10001,2560.707752
17895.793552,10001,2573.510884
14103.460676,3388,2577.768705
8549.869646,1858,2580.145044
9900.399924,10001,2593.003849
7346.326885,1940,2595.464737
15485.269876,2709,2598.84716
9221.813691,10001,2611.734896
16002.199607,10001,2624.203112
19977.12436,10001,2636.919446
17806.879876,10001,2649.630033
9608.107617,2637,2652.932955
9874.807499,10001,2665.319754
15191.848054,3337,2669.847802
491.604514,1298,2671.499292
9348.343793,10001,2684.034657
16431.075345,2807,2687.937621
9846.645676,2221,2690.772637
12030.156049,2565,2693.996217
11083.400643,10001,2706.261664
15569.250673,10001,2718.96068
9470.181692,10001,2731.739783
17305.433418,10001,2744.208025
14845.724649,10001,2756.796767
12739.686487,10001,2769.117139
14539.817474,10001,2782.030893
12847.797948,10001,2794.828245
3974.878854,2083,2797.565819
11398.798,2212,2800.364249
10274.76557,10001,2813.027287
9278.657369,2799,2816.49316
11584.647848,10001,2828.851731
8143.329422,10001,2841.64602
8826.524205,10001,2854.278282
14272.508471,10001,2866.59068
12675.567477,2836,2870.137239
22060.092056,3503,2874.842035
8965.74969,2601,2878.146008
10002.552531,2097,2880.76265
10532.468116,10001,2893.021332
6931.168329,10001,2905.896584
19460.013089,10001,2918.509345
11769.668432,10001,2930.702352
12146.500319,2608,2934.003733
29486.202583,10001,2946.787789
9505.799005,3018,2950.585999
18320.025174,10001,2963.415374
15679.773002,3071,2967.237075
9647.147665,10001,2979.954343
11751.770912,2355,2982.917259
3997.648322,10001,2996.139149
8264.648678,10001,3009.080966
12930.462911,10001,3021.864671
7537.337286,10001,3034.413048
19316.586588,4170,3039.605026
12898.678986,10001,3052.294331
12964.77108,2572,3055.563697
15765.515569,10001,3068.398683
8033.062374,10001,3080.898657
9291.748991,10001,3093.801436
13214.397433,10001,3106.449723
8429.139424,10001,3119.026229
10200.034065,10001,3131.741818
7695.381159,2012,3134.308129
13252.540811,2922,3137.953328
12008.736773,2636,3141.243155
1086.676495,737,3142.252768
18654.48669,10001,3155.043788
13303.720073,10001,3167.996038
13856.715003,10001,3180.573548
13578.470347,2764,3184.063286
11432.108274,10001,3196.8182
13901.107214,3103,3200.761469
12546.708785,2535,3203.949782
26109.45423,10001,3216.952604
9423.655295,2205,3219.735931
11568.388436,2673,3223.103618
11178.220479,10001,3236.061371
10379.271877,2369,3239.054678
13674.856553,10001,3251.859875
1509.229828,788,3252.944062
11847.747695,2258,3255.799447
8514.32189,2063,3258.438724
13506.548786,10001,3271.145202
1120.152945,537,3271.916289
13860.674556,10001,3284.532993
23444.628459,5399,3291.565715
10738.197769,2520,3294.747661
16845.852017,10001,3307.112661
9275.911827,2350,3310.085485
13294.916111,2809,3314.042535
16440.611261,10001,3326.414257
9345.996461,2149,3329.112125
16977.057028,2962,3333.190638
7164.997196,2072,3335.808272
13608.305245,10001,3348.170247
16258.395336,10001,3360.889428
7699.812147,2102,3363.564851
14335.502634,10001,3376.54979
34775.203107,9752,3388.581861
15934.434519,10001,3401.16938
12874.834861,2538,3404.365434
13285.693511,10001,3417.138275
14567.642905,2976,3420.844255
7541.274947,10001,3433.386956
9620.708454,2664,3437.156214
10687.369928,2572,3440.416185
14493.517566,2819,3443.942876
10294.361177,2458,3447.078413
12943.167967,10001,3460.051012
8788.607699,2253,3462.91589
7684.426994,10001,3475.481137
12549.961082,2856,3479.400903
9987.622397,2117,3482.083325
14496.609057,2773,3485.53957
7281.035469,10001,3498.239246
11156.56752,2778,3502.07821
9340.777805,2150,3504.7618
32021.174817,9822,3516.868834
9871.0956,10001,3530.344833
13272.630149,10001,3543.271002
15762.255441,10001,3555.477899
9412.136895,10001,3568.751367
13743.702795,2925,3572.531073
11536.255696,10001,3585.50359
6664.428919,10001,3598.093292
11076.892196,2819,3601.652807
15543.355007,3103,3605.901686
8014.768076,2210,3608.683286
12121.235666,10001,3621.0537
9703.209111,2050,3623.654302
8440.720271,2229,3626.843573
14351.425252,10001,3639.392317
9371.532849,2636,3642.74435
21616.240215,8478,3653.486217
11776.842655,10001,3666.123644
9741.899405,2216,3669.287211
11082.272772,10001,3681.783611
11425.651621,2522,3684.97291
13062.320959,10001,3697.703707
7767.095853,10001,3710.690609
10289.999994,10001,3723.276842
5107.99519,10001,3736.468475
7184.345132,2718,3739.887228
3875.344682,10001,3752.951893
18092.925516,10001,3765.119358
18342.877866,2818,3768.637934
23693.85874,7954,3778.759803
7860.455667,10001,3791.20881
30930.61866,10001,3804.084448
9217.576916,10001,3816.974954
8301.947752,10001,3829.36237
12780.479541,3504,3834.093258
7384.301978,10001,3846.717402
12920.117406,10001,3859.500009
10197.817559,10001,3872.030133
6911.487423,10001,3884.794437
13081.75622,3681,3889.419293
15587.067758,4442,3894.937079
13068.190753,2681,3898.678339
10294.31951,10001,3911.477307
28508.696082,10001,3924.116834
14680.60953,10001,3936.401814
8990.992579,2465,3939.854694
11269.964205,2615,3943.136182
11595.734556,10001,3955.452317
2050.686556,854,3956.590543
11630.316202,10001,3969.351652
18273.558203,4131,3974.482194
14342.526316,10001,3987.343673
11687.663502,3177,3991.287966
10621.092801,10001,4004.077962
10054.21304,10001,4016.770334
8711.853823,2958,4020.478987
9121.085947,10001,4033.369024
6893.002042,2511,4036.533986
14127.606489,10001,4049.895209
9085.441338,2556,4053.308743
31683.650637,10001,4066.157105
13306.928013,10001,4079.269097
26340.340165,10001,4092.967824
11579.534161,10001,4105.472484
15528.362854,10001,4118.350687
9578.882479,2894,4121.968261
13616.981397,10001,4135.631017
19840.191587,3854,4140.749536
11412.971169,10001,4155.799666
8033.533809,10001,4170.042646
11309.932534,3118,4175.024393
11356.302833,2964,4179.442873
14410.760018,3572,4184.399924
13170.130656,3334,4188.771381
19548.155803,4552,4194.677876
9004.352976,2842,4198.620712
14577.005029,10001,4211.276776
5850.158344,10001,4224.977141
11381.909823,10001,4237.616645
10466.923499,10001,4250.664954
7643.612638,10001,4263.835438
9101.419498,10001,4276.650509
31910.977966,10001,4289.315477
8385.484242,10001,4301.802072
27996.203023,10001,4314.802042
13325.05143,3153,4318.727821
21135.298681,10001,4331.756017
12293.57289,10001,4344.149548
10479.381197,10001,4356.886637
7777.159689,10001,4369.679354
12130.385643,10001,4382.165957
16933.404808,4648,4388.223059
9867.975067,3158,4392.181644
14219.879267,3642,4396.754118
13061.757586,3859,4401.567772
30800.532086,10001,4414.188762
6931.654768,2627,4417.490876
2719.9318,6018,4425.058174
15967.155116,10001,4437.649923
29963.722676,10001,4450.384521
16698.027798,10001,4462.693347
7710.216031,10001,4475.42663
11887.826084,10001,4487.870163
10091.852323,2775,4491.713241
15519.889199,3565,4496.143553
15711.614204,10001,4508.421523
7046.204661,10001,4521.163887
15254.60625,10001,4533.807083
7974.118494,10001,4546.267975
14497.233084,3257,4550.344854
13538.535961,10001,4563.060184
18789.12497,10001,4575.690395
29616.252233,10001,4588.19126
37772.926359,10001,4600.865829
10213.611946,3053,4604.683159
8256.180303,10001,4617.542254
15075.554796,10001,4629.851926
10188.105064,10001,4642.968006
24136.81835,4146,4648.066803
15642.350475,3636,4652.562399
17560.739288,10001,4665.159745
10830.005539,10001,4678.011348
14054.96987,10001,4690.426737
15912.497045,5205,4697.18012
28245.546762,10001,4709.822213
17338.509915,4144,4714.939493
11116.406718,3202,4719.297919
13692.958684,3350,4723.468832
9230.739377,2879,4727.052502
14250.830296,3445,4731.367882
14678.436071,10001,4744.21646
28621.313656,10001,4756.640891
16441.084247,10001,4769.45475
32333.782737,10001,4782.156792
12119.362189,3610,4786.677384
12581.333013,10001,4799.165036
9980.05825,2675,4802.917522
8505.218445,10001,4815.280262
17391.286195,10001,4827.886287
25383.541181,10001,4840.080181
12742.746468,10001,4853.056406
19155.430173,10001,4865.694252
16638.844873,10001,4878.209757
14572.383403,3488,4882.576577
9373.668841,10001,4895.600239
11614.361523,10001,4908.464465
11285.634619,2938,4912.140671
15345.319938,2911,4915.802178
8025.420531,2352,4918.777697
13966.940658,2701,4922.170109
6273.220909,2434,4925.593407
13190.340176,3300,4929.64904
8165.528481,2669,4932.974969
16006.609311,3165,4936.889447
7395.199055,10001,4949.776825
11303.305761,10001,4962.521143
13071.985599,2974,4966.265455
12557.696045,3642,4971.196317
24294.813101,5361,4977.81069
18049.179799,3566,4982.244141
12420.157682,3045,4986.060222
14081.443995,3120,4990.344609
17126.845226,3518,4994.767097
11608.94853,2429,4997.821362
14304.298691,3222,5001.879091
11038.576851,10001,5014.619622
6706.262144,10001,5027.296787
14775.0045,10001,5040.045029
10071.69893,10001,5052.834526
13180.622077,2909,5056.424325
10937.563045,10001,5068.947009
9138.541416,10001,5081.975865
12523.219858,3007,5085.737367
7452.11767,10001,5098.714191
16194.441172,10001,5111.035626
25653.576168,10001,5123.722276
5642.375664,10001,5136.841509
18429.741395,10001,5149.109852
26592.345139,10001,5162.018829
4215.801851,10001,5174.86407
22050.398664,10001,5187.515154
9473.716112,3063,5191.355991
15415.585202,3342,5195.490329
10508.043506,10001,5208.429625
21307.256304,10001,5221.397099
33087.618676,10001,5233.732127
13530.612648,10001,5246.59931
20568.906439,10001,5259.206499
10732.543484,10001,5271.703105
9683.892528,2621,5274.972394
14430.719241,3266,5279.383974
19969.040877,10001,5291.630051
2239.691126,1043,5293.041056
12563.973855,2696,5296.387443
16294.495767,3377,5300.934405
4018.024694,2640,5304.210213
9794.348298,10001,5316.623468
12839.320926,10001,5329.76432
14576.951655,10001,5342.546955
8008.602017,2296,5345.430281
4324.792564,10001,5358.523932
19163.868484,4327,5364.212938
3115.863858,1819,5366.595174
5719.566499,10001,5379.595673
18996.148965,3865,5384.765056
6830.679098,10001,5397.521845
10423.563147,2904,5401.164386
10066.816217,2659,5404.487224
12954.242839,2608,5408.131779
2794.261921,5351,5414.927846
17562.884427,3411,5419.148505
12344.341899,3849,5423.930555
10994.069112,3201,5428.29851
29125.118793,10001,5440.52677
6476.269619,10001,5453.484696
6182.691409,10001,5466.221707
4987.268293,10001,5479.337485
9718.380707,10001,5492.233819
18542.860291,3779,5496.907944
11272.957642,10001,5509.242764
22457.611195,9386,5521.091652
8342.056192,2054,5523.688457
2317.748763,1506,5525.698
10325.278476,10001,5538.678505
7249.15225,10001,5551.5295
2147.797982,4241,5556.895157
8663.94069,2701,5560.251945
8054.139321,2268,5563.084561
2537.126382,3192,5567.116044
13626.202336,3444,5571.382232
3633.38125,1286,5573.470775
24338.129235,10001,5586.122341
12100.090593,2883,5589.708469
10602.344229,10001,5602.459976
23325.388631,5863,5609.66565
7825.220222,10001,5622.432282
15938.171277,10001,5635.066196
9665.412545,2201,5637.839805
2457.580841,1429,5639.736745
11802.621136,10001,5652.206199
10790.82182,10001,5665.722614
2614.380492,2193,5668.617587
12242.51383,2712,5671.994038
14192.286169,10001,5684.897715
13160.383927,2799,5688.363714
11450.152016,3028,5692.129355
19919.477615,4655,5698.248449
3343.191183,1339,5700.03965
13522.61149,2919,5703.679587
8502.113571,3467,5708.063517
28689.707783,10001,5720.99779
3372.253423,2691,5724.508162
17463.563022,10001,5736.901024
2270.469518,903,5738.095852
15729.575865,10001,5750.801146
9394.222157,2298,5753.699652
14081.145591,2851,5757.285054
2914.481863,946,5758.55319
14275.620547,3218,5762.937573
8400.82922,10001,5775.359886
14715.071789,3556,5779.781042
15581.389828,10001,5792.758106
8573.257297,3540,5797.21964
16533.876203,10001,5809.968038
14704.199432,10001,5822.977763
18827.099562,10001,5836.263002
13461.989441,10001,5849.426497
2386.690486,4809,5856.075444
11956.843814,3723,5860.713307
14881.934931,10001,5874.049985
14548.28722,10001,5886.741612
2458.317539,1838,5889.55838
10636.092758,2820,5893.11306
7659.605488,2341,5896.061765
9935.983135,10001,5908.654711
10488.805292,3430,5913.294183
9230.438079,3166,5917.26297
19703.718154,10001,5929.586622
14794.81763,3157,5933.922935
7217.12138,10001,5946.565192
15086.777136,3769,5951.740696
11215.462313,2388,5954.760685
3175.418725,1534,5956.814525
13196.288387,3392,5961.061513
12321.651523,2633,5964.355714
6526.20024,7725,5974.469463
10650.26877,10001,5986.882041
21148.979998,10001,5999.756557
9947.007376,3012,6003.562335
3329.937334,2203,6006.362746
8839.184495,2180,6009.116875
5348.788463,1814,6011.442026
10866.964322,10001,6024.287415
11473.834738,2955,6028.017168
2992.644218,1107,6029.51035
2806.869352,3980,6034.63233
2408.370382,2069,6037.7159
14525.172437,10001,6050.198307
12011.274642,3014,6053.986771
10783.969546,2482,6057.469503
5453.680046,10001,6070.20295
13084.683494,2692,6073.57661
5783.129756,10001,6086.923862
7680.33982,2488,6090.104853
11200.797229,10001,6103.59199
12274.6488,10001,6116.518877
15220.842316,3761,6121.611782
2092.728094,1439,6123.472373
6700.658057,1968,6126.01186
2397.561381,971,6127.355432
18242.510181,10001,6140.000532
10297.66113,3079,6144.377872
8330.88153,2118,6147.1204
14543.062069,2866,6150.726842
12883.036306,2844,6154.351532
10243.97792,2864,6157.988451
12128.398962,2724,6161.438571
20989.851552,6677,6170.150637
3463.498507,1518,6172.121654
16456.612111,10001,6185.039893
24297.492214,4317,6190.347276
7206.666254,10001,6203.010107
11311.811922,10001,6216.168583
28135.600723,10001,6229.39039
17513.472367,10001,6242.265146
19421.759359,4358,6248.031625
11551.432686,3038,6251.956052
33587.594805,9645,6264.279522
11741.219247,10001,6277.493179
1267.79275,760,6278.605194
1283.864144,1727,6280.952695
3220.363917,895,6282.152027
3116.347107,1738,6284.382259
31260.677228,8939,6296.23054
9861.488231,10001,6308.993197
8984.379492,3121,6313.38448
12023.956468,10001,6326.047369
13110.830613,2524,6329.338288
12209.442689,2317,6332.429098
13812.77388,2616,6336.3224
13096.775638,2950,6340.107602
16070.2403,10001,6352.867609
3446.821962,1257,6354.559144
11242.157066,2458,6358.020561
7265.442442,10001,6370.500926
9353.120028,10001,6383.370661
10239.11211,10001,6395.756451
12104.585884,10001,6408.474681
8133.62169,3491,6412.769906
20837.86911,6025,6420.606425
18710.175381,10001,6433.850514
16396.069458,3402,6438.30485
