#{"t_start": 1703424405.33243, "env_id": "modulating_slopeEnv"}
r,l,t
-1425.002744,302,0.980009
-2021.876356,425,1.673287
-1817.921891,469,2.393732
-1468.712476,262,2.848586
-1171.817423,260,3.297775
-1325.805049,260,3.749174
-1270.770911,275,4.20894
-1294.238042,304,4.722139
-1740.352694,274,5.182524
-1341.292929,270,5.643813
-1450.200866,236,6.049462
-1567.753101,267,6.505213
-1337.759656,436,7.178613
-1826.511253,340,7.714146
-1467.521243,269,8.173035
-1775.400791,288,8.654137
-1188.53328,561,9.475544
-1433.210297,323,10.001127
-1595.770118,287,10.475286
-933.102287,301,10.980144
-926.675073,266,11.431875
-1690.296464,349,11.978201
-1285.114873,283,12.445297
-1025.308366,349,12.990191
-1961.939174,651,13.935572
-1848.822869,321,14.458226
-1523.88582,282,14.926074
-1370.951189,278,15.393311
-1313.01348,332,15.935037
-1373.530181,229,16.336709
-1812.361536,343,16.876168
-1430.694783,283,17.347631
-1528.117965,303,17.852945
-1752.477419,331,18.382396
-1551.467316,303,18.889292
-1316.612449,260,19.339704
-1416.678919,236,19.751423
-1428.772179,259,20.203762
-877.261103,338,20.73757
-1096.924447,343,21.279109
-1173.10233,294,21.7586
-1667.847953,287,22.233178
-1532.50908,268,22.694208
-2461.125459,544,23.487786
-1997.074513,313,24.000233
-1511.44743,240,24.416953
-1445.319433,280,24.887908
-1430.838584,272,25.351494
-1276.243017,334,25.887886
-1960.449206,304,26.39574
-1760.741463,332,26.928856
-1407.579208,269,27.786909
-1137.931614,281,28.260996
-1095.456035,298,28.752749
-1347.162831,248,29.177087
-1373.338056,285,29.651712
-1307.74141,340,30.194362
-1448.915874,285,30.669698
-1695.748372,306,31.18257
-1181.703053,312,31.698759
-1585.714874,260,32.144619
-1627.146332,300,32.631281
-1587.37152,309,33.143405
-1237.161149,319,33.667653
-1115.123373,419,34.319322
-1561.192725,298,34.807805
-1942.292016,276,35.273498
-2011.407233,319,35.796639
-1388.891301,280,36.271673
-1653.369853,270,36.730484
-1424.320255,261,37.184071
-1390.060181,239,37.596495
-1573.200704,307,38.107254
-1292.087918,259,38.555838
-1288.595364,282,39.032116
-1419.972415,285,39.505512
-1276.722046,287,39.982104
-1169.109733,242,40.401063
-2159.393689,387,41.001493
-1128.239539,247,41.435449
-1733.422214,260,41.88906
-1690.318426,375,42.487744
-1997.886552,353,43.053404
-518.293172,515,43.82885
-2092.211804,338,44.370277
-1582.555296,273,44.832546
-1423.988731,298,45.323711
-1554.37478,293,45.805932
-1296.0684,297,46.286764
-1502.66854,271,46.745796
-856.149207,320,47.26569
-1561.788797,254,47.71354
-1106.073168,263,48.168815
-1427.879813,265,48.624279
-1562.747504,313,49.141948
-1271.866555,274,49.611908
-2134.672136,466,50.324779
-1454.446585,396,50.933755
-2658.045756,507,51.699235
-982.360862,412,52.345306
-872.58308,453,53.046189
-1569.891966,268,53.503735
-1383.82956,270,53.964518
-1789.673675,331,54.503032
-1320.427677,273,55.331259
-1716.60524,295,55.819466
-1587.081937,345,56.367604
-1289.531987,312,56.88484
-1167.95745,266,57.343033
-1522.745641,262,57.796111
-1833.343227,310,58.308147
-126.36475,777,59.410156
-1304.116037,276,59.908988
-840.559094,276,60.371394
-1601.406396,285,60.850915
-1238.864322,363,61.43323
-1037.783556,339,61.971935
-1777.753598,275,62.437635
-1268.275685,267,62.893348
-1550.820707,251,63.332414
-1620.232687,305,63.839065
-1074.779715,420,64.478061
-1487.874942,246,64.899087
-1810.55314,271,65.361532
-1611.388485,324,65.885763
-1445.809722,277,66.354048
-2112.54693,437,67.020467
-1682.118269,296,67.512255
-1459.881323,404,68.142567
-770.446627,287,68.614228
-1524.732989,253,69.059814
-1534.32314,286,69.534801
-1374.202275,296,70.020671
-1233.131527,326,70.543934
-1475.947971,261,70.998409
-1363.67514,291,71.473531
-1235.663379,232,71.882221
-1554.237333,305,72.393049
-1545.4902,290,72.872871
-1158.7661,289,73.345357
-1443.672628,245,73.760265
-1395.220572,287,74.239872
-1500.921123,287,74.713512
-1964.722174,324,75.241876
-1261.473228,338,75.779949
-1492.226007,224,76.180702
-1630.889707,301,76.684184
-1229.980952,303,77.192246
-2018.302516,370,77.781201
-2314.795289,439,78.453057
-1468.336634,268,78.910145
-1333.077816,271,79.372701
-1528.694786,252,79.812586
-1354.855085,261,80.263074
-1197.153001,219,80.654186
-1428.568117,311,81.172405
-1512.04512,299,81.656169
-1767.107152,303,82.514288
-1591.782262,355,83.094227
-1328.02507,399,83.713181
-1408.874156,288,84.192787
-1336.018264,278,84.659444
-1338.98889,283,85.129323
-1324.679974,256,85.579153
-1245.9194,292,86.060413
-2076.673191,298,86.549324
-1567.313585,258,86.999523
-1291.215803,266,87.459802
-1202.009574,240,87.873961
-1423.277519,282,88.351111
-1513.118207,423,89.010005
-1009.739482,491,89.746309
-2013.993692,417,90.396771
-1489.098656,326,90.928511
-1793.963559,378,91.523335
-1491.804892,337,92.062602
-1760.974529,291,92.542403
-1330.949476,281,93.016517
-1696.865807,301,93.520783
-1441.943599,327,94.055772
-1483.107192,262,94.507795
-1081.958912,288,94.982114
-782.012189,418,95.630293
-1250.351731,286,96.106816
-1308.946101,283,96.579008
-1430.419313,282,97.050861
-1461.27347,493,97.792745
-2165.652061,361,98.364485
-1999.761075,274,98.827328
-2035.468424,341,99.363987
-1507.988642,267,99.821605
-1913.871036,322,100.346215
-1318.378836,260,100.800007
-1418.186384,268,101.259032
-1454.804669,310,101.771579
-1487.098233,293,102.264968
-904.691411,297,102.751383
-1596.783946,276,103.218311
-1514.932034,331,103.747102
-2994.203062,608,104.624796
-1171.513612,253,105.071642
-1737.519404,310,105.590185
-1544.988757,513,106.360381
-1702.02452,308,106.874402
-1489.970578,318,107.396294
-1550.221655,246,107.819722
-1107.57032,387,108.429678
-993.150627,390,109.405822
-1391.854406,259,109.86253
-1280.963084,271,110.33374
-1613.24636,285,110.812491
-1370.252014,249,111.242632
-1803.423829,323,111.778123
-2565.424999,718,112.796343
-1559.709621,277,113.270624
-1735.679261,318,113.797159
-1565.397157,264,114.257834
-942.748022,381,114.854053
-1738.362578,255,115.305648
-1329.969891,267,115.764068
-1552.047073,425,116.417466
-1550.50885,317,116.943769
-2703.032379,421,117.605488
-1121.519664,281,118.079101
-2118.393979,479,118.791393
-1487.100297,275,119.255576
-1550.378043,258,119.707361
-1700.049329,281,120.186066
-1254.657187,264,120.646435
-1686.571744,460,121.350674
-1703.270123,289,121.836784
-1292.834632,298,122.321241
-1405.39808,306,122.834698
-1366.767495,256,123.2888
-1280.750172,261,123.743176
-1449.456506,268,124.204025
-1155.887249,276,124.675174
-1595.866324,350,125.229733
-1780.384572,402,125.866
-1653.877291,313,126.387093
-1635.270613,215,126.785818
-1616.95691,295,127.27451
-2398.726981,504,128.037195
-1553.828512,303,128.552135
-2183.734458,331,129.090312
-1560.282732,299,129.581467
-1572.42051,275,130.048731
-1320.756183,268,130.526258
-1227.632798,239,130.940784
-1692.023631,276,131.411582
-664.226638,556,132.236407
-1578.194262,470,132.95947
-1249.849196,287,133.436165
-1178.416309,257,133.886889
-2068.240069,421,134.537251
-2032.559597,325,135.072814
-1228.298863,495,135.817997
-1287.935671,243,136.615272
-1572.667156,247,137.037765
-2286.710107,440,137.71386
-1453.341969,276,138.181886
-1746.384096,281,138.656556
-1158.501687,302,139.163033
-2185.613802,557,139.980885
-2307.625398,596,140.839914
-1727.58853,566,141.684331
-1028.885996,387,142.287589
-2718.656916,555,143.106238
-1324.288993,440,143.779939
-1661.790904,219,144.175161
-1682.391799,400,144.791759
-1087.559467,314,145.307361
-1851.579106,299,145.787508
-2000.23704,322,146.313841
-1447.020343,325,146.843146
-1673.594584,246,147.287311
-1487.263245,323,147.836811
-1427.791858,326,148.367179
-1155.282948,358,148.933125
-1483.706171,269,149.393864
-1345.804006,299,149.881218
-1453.151436,389,150.484599
-1693.061503,259,150.935693
-2305.352561,349,151.476928
-1624.909334,296,151.960836
-1150.519235,403,152.596384
-1610.456466,319,153.122545
-1281.310733,269,153.585297
-1506.863791,371,154.169191
-1119.650421,247,154.593008
-1271.828482,330,155.127032
-1314.435712,274,155.594852
-2519.844296,515,156.36908
-1958.974972,365,156.948661
-1341.908554,378,157.545714
-1372.872357,324,158.071282
-846.631283,297,158.552469
-1527.020715,270,159.014765
-2224.928178,330,159.540695
-2739.440991,475,160.2586
-1647.746167,398,160.862711
-1544.258693,445,161.523474
-1116.803803,394,162.132721
-2123.464775,300,162.977602
-1253.269112,319,163.500392
-1393.677891,312,164.018223
-1335.145665,287,164.497998
-1775.501033,333,165.031848
-1049.678422,250,165.466578
-1966.824894,364,166.051606
-1731.991728,264,166.50982
-1618.811665,292,166.996966
-1788.544283,304,167.508429
-1457.623184,336,168.048876
-1959.52548,287,168.52458
-467.387748,633,169.43937
-627.782491,302,169.968419
-1384.50347,330,170.504182
-1947.258325,337,171.044151
-946.027213,531,171.829034
-1406.200734,302,172.340329
-1583.843504,373,172.931238
-1316.742157,299,173.423499
-1597.930518,439,174.098248
-1483.685289,353,174.67871
-1743.594852,275,175.143815
-1170.618029,248,175.569648
-1463.818728,355,176.140468
-1495.764531,238,176.556088
-1119.76939,312,177.06956
-1327.384745,290,177.555366
-2063.900281,381,178.15331
-1700.823057,301,178.658532
-1359.034393,232,179.072713
-974.731128,418,179.725532
-1678.709269,308,180.244133
-1469.617386,408,180.888505
-1284.172587,282,181.362886
-1638.497366,509,182.135856
-1171.701658,303,182.649526
-1111.817177,236,183.066964
-1564.230091,261,183.519244
-2159.233976,762,184.593638
-1105.406542,233,185.024515
-1582.977989,539,185.822111
-1064.889155,341,186.362458
-1205.05183,233,186.772207
-1850.004422,307,187.288814
-1836.257302,314,187.813404
-1626.578435,306,188.326647
-1452.611792,283,188.804618
-1085.558906,307,189.319775
-1586.401041,347,190.27355
-2369.414115,395,190.893569
-1368.963359,261,191.347992
-1518.306056,432,192.007638
-1188.422809,292,192.48845
-2804.442568,379,193.075693
-1555.918689,303,193.585985
-1550.2356,326,194.113805
-868.012954,718,195.142493
-1666.990184,434,195.823783
-1633.679547,308,196.33682
-1513.601279,272,196.803049
-1474.237008,315,197.326602
-965.047734,367,197.907039
-1309.06112,308,198.423085
-1449.783151,450,199.085246
-1205.724644,304,199.596311
-1211.985988,315,200.115632
-1605.608478,326,200.646743
-1759.196869,331,201.185438
-1098.316738,383,201.789149
-2217.629917,342,202.329212
-773.758119,575,203.171679
-738.864857,466,203.887361
-2270.586125,511,204.668961
-1325.434931,279,205.14191
-1812.617649,313,205.663856
-1753.540441,306,206.176249
-3874.068285,1059,207.621626
-1411.946486,280,208.09818
-1335.264789,276,208.565717
-1390.62544,270,209.027521
-1894.917879,432,209.691475
-1560.924155,245,210.114968
-2193.995219,357,210.680454
-1327.498059,289,211.160418
-1445.497185,370,211.74589
-1443.587838,301,212.251557
-990.661559,232,212.660658
-1064.727434,233,213.072181
-1795.745121,433,213.725381
-1291.738527,331,214.256605
-1398.655104,228,214.662518
-1890.170447,305,215.175177
-1235.63678,469,216.264829
-1379.6531,262,216.721928
-1361.028587,261,217.18098
-1127.463552,214,217.574771
519.575222,813,218.725849
-643.021537,462,219.442068
-1808.338818,315,219.969431
-1087.177849,312,220.489103
-1547.194408,286,220.965959
-2440.478445,422,221.620924
-1281.032648,298,222.110032
-1873.521633,336,222.648655
-1558.856547,400,223.266076
-3035.202771,573,224.12691
-672.015623,418,224.777094
-2105.48331,379,225.377299
-818.294852,297,225.86164
-1344.018036,288,226.346908
-1233.077781,456,227.057984
-1811.803152,308,227.571426
-1532.650493,291,228.053718
-1583.7252,274,228.521827
-1123.148612,304,229.031813
-2607.609317,657,229.99902
-1467.502962,265,230.495309
-1209.00447,248,230.965302
-999.008455,323,231.540972
-1032.841533,245,232.011121
-1371.766247,296,232.596089
-1615.26861,309,233.168312
-725.556614,681,234.24852
-1048.986225,403,234.969362
-1353.044719,367,235.560379
-3144.940722,528,236.347769
-1732.864644,305,236.862285
-1801.027331,329,237.393538
-1112.711562,355,237.967836
-1231.940903,429,238.626703
-1730.543355,365,239.211568
-1463.736364,269,239.67519
-1016.178518,320,240.196141
-1967.375997,283,240.66835
-1432.651543,234,241.083825
-1074.817798,398,241.698661
-2492.114239,481,242.425955
-1309.554775,382,243.392361
-1417.119459,289,243.872561
-1360.601193,278,244.349559
-1920.363994,491,245.093121
-1780.193054,313,245.617189
-3185.17252,726,246.651358
-1330.697585,258,247.116461
-1379.921039,247,247.544061
-1565.542141,542,248.336368
-1358.542461,251,248.780693
-1384.921369,311,249.300662
-1507.560287,473,250.017955
-4558.682165,1213,251.652458
-2024.906502,378,252.249654
-1498.661066,771,253.331064
-929.939349,254,253.772062
-1642.394429,491,254.498779
-1716.440835,316,255.021598
-588.749915,680,255.989697
-1106.001534,215,256.384196
-1086.705052,400,256.997628
-200.037451,1143,258.595086
-1040.232693,408,259.252212
-767.774927,432,259.91986
-1516.708924,336,260.473499
-1252.414896,413,261.138801
-1754.510415,332,261.682715
-1317.63186,279,262.182939
-976.924978,341,262.751078
-1367.667445,249,263.194111
-1779.429606,336,263.746063
-1920.085521,436,264.471567
-1301.448127,399,265.111799
-1590.430749,333,265.646904
-1882.074908,445,266.337978
-3454.88066,608,267.228812
-528.261972,1035,269.028559
-1023.402129,492,269.766267
-1533.054006,328,270.301497
-1741.650072,951,271.636747
-1190.392469,367,272.229923
-1481.185624,474,272.950625
-567.26111,699,273.964988
-194.785133,525,274.748951
3341.836504,1852,277.226167
-1297.600422,284,277.703511
-1447.555478,558,278.547951
-1033.942159,498,279.303236
-1048.209997,389,279.909182
-1977.806048,831,281.082309
-1309.144575,260,281.538902
-1396.921233,652,282.489609
-1501.741227,283,282.96949
-3087.095382,983,284.329801
-1403.596934,522,285.119267
-1573.773039,294,285.606362
-1264.866516,307,286.122617
-2456.702383,421,286.777334
-1194.726355,326,287.309669
181.634183,1028,288.711985
-908.509162,268,289.177712
-1069.395975,257,289.629609
-984.806164,289,290.113041
-1742.707472,314,290.636937
-1320.383188,390,291.244736
-2251.759511,509,292.010768
-1182.336738,329,292.55006
-1485.902568,798,294.042741
-1251.599391,419,294.691229
-1251.329258,252,295.139889
-983.141562,562,295.983273
-878.739753,511,296.750621
-1282.047787,318,297.270947
-1107.161451,448,297.948016
-1215.606983,379,298.546984
-1148.175125,305,299.061556
-1488.139046,743,300.102378
-1940.896397,494,300.872416
-1983.705708,494,301.610726
-1585.18861,312,302.128458
-1276.016046,566,302.963269
-2669.806561,549,303.765396
-1929.312536,408,304.407044
-1244.804027,741,305.449327
-3398.613894,799,306.582271
-1781.836803,403,307.21145
-1437.888999,354,307.777071
-2328.840369,615,308.66141
-1072.844749,328,309.194031
-3179.310548,1027,310.601891
-1544.977707,340,311.145586
-1309.474468,463,311.846132
1118.828784,1002,313.226814
-1536.100175,280,313.697781
-851.932941,721,314.720432
-1524.021152,277,315.190765
-3920.325682,1027,316.597821
-1622.968489,495,317.337941
-1697.705104,839,318.881609
-433.39808,987,320.23105
-1162.169841,244,320.661927
-1601.502836,552,321.502559
-1177.130477,309,322.024718
-2227.760222,525,322.802276
-2417.221627,745,323.83698
-2146.610477,597,324.68791
-2214.366742,450,325.371492
-834.552865,605,326.279347
-695.879842,518,327.047488
-2579.092471,646,327.969423
1565.48364,1154,329.551003
-4315.61695,1010,330.979115
-713.415087,379,331.559295
-1546.282636,345,332.108675
-1301.880381,298,332.60386
-1552.116789,547,333.405271
-1363.860917,522,334.182351
-1583.122806,682,335.147908
-2119.164698,588,335.994596
-2050.42659,843,337.178069
-1458.746981,416,337.829789
-1541.420449,287,338.31456
-1635.379911,455,339.019141
-1439.221451,398,339.626549
-2411.329878,561,340.456511
-1443.432459,321,340.982778
-1399.415439,984,342.33958
-1014.948042,777,343.82185
-1945.551127,623,344.722517
-1583.827559,468,345.434711
-2665.066517,748,346.484228
4437.974694,1444,348.409996
-1243.646053,465,349.119588
-1268.46764,873,350.322492
-2014.755598,648,351.255202
-893.799108,460,351.94836
-1554.421748,461,352.65779
-1983.80975,492,353.38925
-2058.005874,362,353.9664
-800.121147,312,354.476035
-2519.160062,681,355.450459
-3059.960524,656,356.392947
-1558.006162,313,356.910404
-1148.327275,516,357.68171
-4197.290893,912,358.944758
-1485.10796,292,359.432238
-1332.891887,530,360.218314
-112.949962,516,360.988078
-2239.554116,817,362.127841
-809.975358,729,363.156783
-1591.354671,335,363.696669
-859.282125,292,364.179774
-835.280798,515,364.950572
-1434.255222,602,365.832488
-1679.279181,416,366.472803
-2118.006698,534,367.62362
-1820.539739,548,368.431602
-757.118086,551,369.250459
-1344.316913,600,370.115018
4232.768638,1395,371.98601
-1313.051116,268,372.449493
-2027.673722,742,373.503834
390.283897,802,374.622151
584.048754,863,375.839442
-1354.626054,806,376.995893
-1024.530669,523,377.766313
-2702.708266,629,378.672721
-2409.871266,594,379.53303
-1942.588437,368,380.118966
817.299044,903,381.372682
-1622.846399,364,381.970693
-2232.237867,330,382.505544
-1397.607306,553,383.316305
-1315.191378,647,384.241355
-942.129912,560,385.074268
-454.394632,717,386.098546
-1860.007101,352,386.677587
-1208.836196,304,387.194887
-1663.458414,300,387.683103
-778.038166,561,388.524215
-1511.727344,502,389.29038
-1251.168278,409,389.930822
-1449.556887,362,390.509219
-2103.438256,672,391.847534
-1683.624702,303,392.364043
-1956.186716,691,393.336094
-490.483377,611,394.225835
-1804.638529,782,395.319671
-824.141262,364,395.888265
-1902.379357,626,396.779748
2407.62643,1564,398.904858
-3143.821834,751,399.952113
3582.644966,1721,402.231629
-1252.232701,312,402.753052
-2866.674444,756,403.839642
-1707.188606,301,404.345476
476.578207,1296,406.068444
-1612.304774,849,407.231601
-2277.990236,634,408.140788
-2022.24143,711,409.161191
-1764.957634,484,409.885867
440.727895,1312,411.645447
-1767.355914,790,412.747993
-582.689409,623,413.649055
-1623.398868,461,414.346854
-2093.817417,329,415.252677
-1444.993733,908,416.510715
-1453.796099,397,417.119893
-962.339123,467,417.82491
-2233.38519,551,418.656955
-1119.444308,596,419.51645
-1553.265957,676,420.478916
-1505.873467,1051,421.934947
672.216834,806,423.063138
-820.599114,556,423.885421
-1438.958431,359,424.466291
-539.926415,739,425.519824
-2612.304338,1457,427.476135
-3597.721979,786,428.57766
-1815.248495,524,429.339996
-1067.065149,444,430.007789
-1211.56866,342,430.549358
1933.937604,1048,431.97101
-1594.643041,324,432.50123
-1199.346749,424,433.140677
-575.105559,538,433.933796
-1252.696897,330,434.466851
874.340371,879,435.685788
-2253.870321,448,436.366811
-3013.954016,571,437.204506
-192.909882,839,438.362664
-271.494419,582,439.593224
-1740.194104,370,440.184604
-3891.709013,961,441.513372
-221.09793,367,442.086981
-2160.737773,1545,444.106328
-2262.06151,504,444.871613
-102.534086,813,446.026738
-4013.596905,1399,447.884363
-1849.176461,791,448.996025
-2241.631153,557,449.820296
-2030.941424,598,450.671186
-1603.126986,839,451.849308
-2842.355947,1024,453.244647
-1263.598566,624,454.149254
-333.1173,653,455.101329
-1858.475972,345,455.645391
-179.452651,1133,457.193673
-893.294255,615,458.084614
-491.454107,884,459.32076
2087.293326,1616,461.479172
-2816.784816,679,462.830859
-2269.165411,891,464.064585
-1950.416893,681,465.017084
656.718464,751,466.08069
-1184.734652,383,466.684009
50.04064,895,467.916177
3532.871294,1213,469.555507
-1286.748089,658,470.508358
124.296084,1042,471.932728
-1761.657563,364,472.516973
12.825441,799,473.614527
-303.669458,675,474.566337
-2360.131318,579,475.399152
-820.562676,1799,477.774543
12.550854,682,478.741288
-3866.960355,1473,480.663819
-1474.085844,815,481.819705
-1550.216451,474,482.534523
-1288.314749,563,483.359474
2997.539891,1368,485.198261
-738.672873,670,486.535485
-1196.039961,469,487.246896
-1132.837427,585,488.094529
-1465.934851,1502,490.087732
2969.902871,1527,492.142065
-2070.553836,520,492.922175
-1080.232917,420,493.568537
124.73262,1199,495.171567
-1202.154662,410,495.809829
-727.676312,1255,497.505075
2480.044505,2194,500.362236
-2291.42008,719,501.374974
-450.104446,848,502.54602
3140.41909,1350,504.349759
-2287.591838,617,505.240622
-1570.950859,1413,507.132047
-414.547175,529,507.911246
2811.692115,1350,510.100793
3459.203988,1386,511.955968
-1563.53701,399,512.579834
-1696.330028,1072,514.057283
-1258.925923,767,515.138356
2701.774222,2096,517.864881
-1013.072945,550,518.670365
1110.686678,939,519.953633
130.287041,1310,521.711253
3318.957312,1483,523.674787
-2131.853763,422,524.325664
-1383.564931,757,525.388582
-1834.953688,1535,527.425726
-128.600322,1033,528.810922
-1462.564946,383,529.404033
-467.826864,606,530.288559
229.149156,693,531.659175
-1085.79448,860,532.877702
-3232.099962,1165,534.444482
1121.620785,1713,536.732492
-2043.305395,576,537.578636
-1417.616463,550,538.386604
858.579556,1212,540.037345
702.667666,979,541.383223
-672.894735,562,542.218455
-1594.297879,807,543.344386
-2040.065693,833,544.513803
-2024.802076,657,545.463526
-1979.440407,369,546.046376
-191.243379,1326,547.808023
-1652.394149,1599,549.893352
-1063.145122,593,550.752187
-1769.733581,414,551.397015
-1465.632595,847,552.581797
-1654.766183,467,553.283256
-2312.233807,1576,555.744899
-2498.099482,615,556.643509
-2710.801502,791,557.742914
-1533.574247,396,558.348546
144.09097,1269,560.058352
-2563.670048,351,560.629218
-2392.215583,693,561.61029
109.98101,1483,563.586797
-1541.455297,625,564.487201
-1536.545753,868,565.702574
-135.882501,1209,567.323437
-3092.649984,2534,570.580179
-1786.162748,692,571.567683
-2293.511711,1814,573.966073
2838.999749,1982,576.598357
-3822.127841,769,578.043138
1217.755983,1029,579.433842
-1696.503309,428,580.089528
3682.514142,1736,582.394767
1543.528658,1204,584.0307
2335.13111,3287,588.30224
-1138.383883,1562,590.341444
870.80733,1777,592.658383
1148.356574,1976,595.277974
-925.087919,834,596.446072
1048.034662,1305,598.209759
-986.662466,1893,601.041801
1923.438821,2349,604.097643
-4248.105454,1465,606.036859
1259.96396,1742,608.343137
4552.259563,1135,609.886504
441.285269,997,611.247518
-1429.583062,680,612.223085
2354.685445,1143,613.772731
-2363.908388,1313,615.505923
-1803.744661,668,616.46429
-561.213507,690,617.453792
2329.281282,1202,619.070399
7866.479384,3354,623.741734
2202.083312,2302,626.809122
-1338.886177,1016,628.225955
2157.408706,3280,632.513058
-1421.431914,450,633.182693
1315.650289,1543,635.243694
-2771.762886,1081,636.725067
-2356.747968,741,637.784834
1571.693241,952,639.089449
-536.989114,817,640.233119
2745.005866,1115,641.758044
-1793.969825,510,642.534486
926.119348,1171,644.503025
-42.304267,1826,646.936891
242.28578,643,647.850534
2218.988087,1947,650.385788
-160.701831,1901,652.895589
2439.044384,1671,655.112395
-226.754871,1185,656.682061
2755.87153,1539,658.725528
174.968939,1569,660.786667
1429.146227,1724,663.079056
628.483049,1526,665.079881
1163.312845,2451,668.639199
1864.055834,1755,670.945362
1281.416639,1959,673.557532
145.291718,813,674.692425
321.969022,1380,676.51856
2242.983584,1971,679.123686
-945.227098,1333,680.907578
2682.482618,1376,682.766754
1478.47858,1514,684.813856
1837.395144,2022,687.481213
-1815.244573,344,688.0262
-2049.344028,1409,690.270318
2367.022387,2258,693.228155
8.245536,1785,695.563144
1020.692817,1436,697.469417
2250.655643,2882,701.213986
2998.309892,1380,703.093212
2361.893283,4216,708.569929
4338.860872,3101,712.949153
-1091.689501,2068,715.672061
-1371.055752,1066,717.119555
-2180.387641,1128,718.677565
88.931618,2679,722.174534
-1358.73788,956,723.510908
2359.628214,1336,725.297137
-866.668432,1512,727.314269
1728.327137,1459,729.284963
1228.881063,1004,730.664131
-1666.784372,1160,732.248559
1292.301691,1265,734.39235
3191.233245,2417,737.568437
-2232.418851,400,738.192485
-483.702233,1546,740.238203
-757.504499,776,741.327796
727.165752,1334,743.117661
-1505.636308,1347,744.924129
2688.968446,2349,748.014965
2298.071615,1813,750.414292
1549.324193,1507,752.441613
126.773506,1177,754.036099
924.558542,1015,755.799806
3051.095778,2503,759.101111
2190.590491,1461,761.08144
1426.247325,1939,763.677003
2450.539529,1569,765.754261
1971.961594,1900,768.263309
484.376695,1321,770.047425
-891.559149,1344,771.857325
1787.562164,1281,773.586551
-551.061228,2250,776.535934
3312.542838,2466,780.109428
1606.553646,1877,782.598658
2409.311404,1622,784.773592
81.983903,2882,788.50698
-4031.991868,973,789.857502
3457.191068,1653,792.062955
-618.084734,1605,794.214192
1147.530703,1941,796.751282
-432.246649,3664,801.860506
3727.195362,2355,804.948386
1073.104721,3350,809.243104
2048.98574,2027,811.892996
-23.549338,3280,816.158058
2069.561522,5446,823.598684
2428.995857,1930,826.161264
1674.932459,2306,829.205999
2995.914455,3826,834.143933
162.671439,3603,838.826865
2110.846603,4430,844.915867
-1954.196347,914,846.184651
2589.08471,2518,849.508424
2098.628822,1690,851.738541
2031.702694,1716,854.021872
222.193599,1579,856.109397
-627.66788,1449,858.036775
-2822.10414,2242,860.963357
1412.476625,3697,866.102398
911.8188,2317,869.135468
3298.370095,1910,871.654298
1296.754336,3758,876.479752
2723.23354,2405,879.655455
-205.431171,1098,881.125449
1937.272425,2144,883.938724
990.335813,1162,885.509076
2167.683381,2090,888.620619
-626.070182,2112,891.382463
-1219.786575,2480,894.610537
-1208.887584,4320,900.172313
-44.462663,2584,903.535395
1033.73539,3167,907.638752
3009.429933,2513,911.277882
124.515213,4367,916.906363
1273.020346,1746,919.220564
1560.11772,4233,924.728139
2742.967876,3165,928.841627
-1420.610212,666,930.166841
2281.489476,1399,931.995804
772.83353,2790,935.63511
1799.915014,2701,939.174646
1012.883798,3211,943.312244
1497.951269,1764,945.660996
3429.645433,1237,947.323332
-726.545343,704,948.309267
3067.937823,1469,950.271694
104.843575,5480,957.727873
-1010.808331,752,958.794462
2362.755533,6649,967.361576
458.260836,3018,971.278641
651.421057,2210,974.573656
-822.904327,1369,976.407591
1682.676888,3961,981.597862
299.189754,3396,985.971901
1271.426835,2592,989.353441
-1115.884991,1006,990.727754
1667.177945,4812,997.353616
1207.900803,4611,1003.330527
1233.564332,1792,1005.728626
1624.634019,2962,1009.597566
3366.992173,3856,1014.546191
1549.744345,2918,1018.699711
2853.132878,1667,1020.922452
2475.338914,3236,1025.121021
2623.326287,5238,1031.864425
2012.979145,1685,1034.058726
972.363196,4514,1040.233093
3021.002102,2964,1044.088114
1805.95914,8998,1055.582517
855.401847,2017,1058.261213
1796.301609,2678,1062.130591
1816.107651,1884,1064.624116
-1820.949606,1408,1066.526177
2455.948469,3777,1071.449755
-700.799237,673,1072.407935
2913.581205,9878,1085.297236
3539.840955,3810,1090.214214
5375.734825,10001,1103.225315
2387.444575,5406,1110.173275
1676.057783,2265,1113.146109
6432.401345,10001,1126.18345
-2630.785449,942,1127.484738
2458.254666,7531,1137.196117
-2556.844518,665,1138.139646
2097.208571,8733,1149.785403
2956.315632,2236,1152.738261
6988.000647,5546,1159.840127
10602.764125,10001,1172.810326
-195.396941,2954,1176.762785
796.018872,1056,1178.197873
1584.619263,2637,1181.641831
2481.752947,3231,1185.879164
1656.407404,2047,1188.571443
2244.250623,2881,1192.719595
1856.939762,2361,1195.833407
4106.224115,10001,1208.65536
6933.465678,10001,1221.720332
10259.548276,10001,1234.793372
14480.415255,8310,1245.328723
9049.669778,10001,1258.289764
9508.868051,9255,1269.956296
1105.970821,4507,1276.17865
24047.597105,10001,1288.772971
5985.154737,10001,1301.93346
13915.285653,10001,1314.658902
23525.938146,10001,1327.570738
8213.533246,10001,1340.677486
6960.285987,10001,1353.427344
19904.758257,10001,1366.37109
8825.2955,10001,1378.977587
10232.579856,10001,1391.966467
16344.015356,10001,1405.012416
18576.809318,10001,1417.690704
15571.667692,10001,1430.829365
16815.776044,10001,1443.777248
10205.347618,9251,1455.497231
17169.05674,10001,1468.570723
10313.62977,7852,1478.555732
9268.770612,10001,1491.685595
11816.138512,10001,1504.483724
19570.079024,10001,1517.555088
8560.300817,10001,1530.740602
14618.347492,10001,1543.318968
15793.943226,10001,1556.306701
15962.226836,10001,1568.950392
10457.356115,10001,1581.812103
9909.803187,10001,1594.749076
5068.361133,2957,1598.588866
4056.023101,3323,1602.853399
7772.674397,10001,1615.802229
12287.846766,10001,1628.385424
7702.270969,10001,1641.418929
14515.260644,10001,1654.403931
2803.752362,5129,1661.032797
9185.678383,4996,1667.347933
5903.821989,3258,1671.563098
12224.043753,10001,1684.553113
9341.216499,10001,1697.558438
5047.623685,6785,1706.143774
11041.361508,6868,1714.785038
9394.840762,6375,1723.182658
4139.840168,10001,1735.841718
6237.999278,10001,1748.84864
4179.872624,6968,1757.663046
11810.050856,6166,1765.829492
9757.116968,10001,1778.402017
5894.650247,10001,1791.338727
4523.938718,3777,1796.159353
6924.015512,5469,1803.488273
4109.520679,7612,1813.205786
5859.343554,6982,1822.023448
4478.888285,7561,1831.962915
5497.573226,4436,1837.608021
5687.294868,3351,1841.904181
7690.339589,4501,1847.964983
6297.073013,6132,1856.151201
4062.455673,4877,1862.84844
4685.327467,7187,1873.073206
7400.755114,4803,1879.15533
7002.745858,5520,1886.091911
3177.985901,3232,1890.61408
7133.26668,4623,1896.445213
5178.997501,4889,1902.615018
8789.074153,4591,1908.382978
3578.219496,6640,1917.202416
7520.171374,4311,1922.653014
10156.019348,4446,1928.240102
7378.155258,5703,1935.813791
2652.708478,4800,1941.927955
4404.250458,5526,1948.903048
5738.546564,5744,1956.542418
4059.200529,4979,1962.818212
4362.968405,4911,1968.989923
7750.16997,5151,1975.824151
5942.282628,5125,1982.280082
7381.106916,5927,1989.734388
5973.305015,5494,1997.069613
5166.669438,5145,2003.573196
10448.344168,4494,2009.270688
9707.803306,4651,2015.557222
4129.081454,5440,2022.456602
9951.237966,4925,2028.694604
8399.718971,5202,2035.681797
5397.143627,3778,2040.506658
9335.672267,5247,2047.081069
8813.417857,4022,2052.182124
3241.39123,2562,2055.478563
2298.939297,1936,2058.388729
4035.59386,6465,2066.506276
6889.134403,5882,2073.908181
5439.759893,4388,2079.843797
5182.069345,4382,2085.409297
6036.063901,4026,2090.53789
4089.88317,5955,2098.058192
6923.462496,5212,2105.065558
897.91752,772,2106.132389
11169.055295,5580,2113.135124
9391.315977,4769,2119.194784
9874.007343,5784,2126.913305
5944.42463,3953,2131.947533
7455.478654,4645,2137.79269
8176.437846,4677,2144.098135
9047.446507,5590,2151.198092
6204.639667,5171,2157.752862
8314.264826,4956,2164.356762
8504.700102,4414,2169.963897
9112.347791,5297,2176.633811
8804.581727,4735,2182.640871
6828.7822,4749,2189.007553
9824.136102,5201,2195.570238
17109.612639,5388,2202.332599
9796.498678,6207,2210.488909
6461.039476,5428,2217.313907
371.100912,725,2218.326827
7983.253772,5104,2224.820966
16199.288979,5636,2232.243018
8560.049621,5826,2239.657773
8342.911476,5188,2246.222404
17081.835618,5099,2252.913697
10235.136677,4070,2257.998502
17694.761365,5106,2264.33187
11263.933653,6913,2273.349936
4634.603275,2409,2276.460754
10058.174792,5116,2282.902398
9960.088364,3724,2287.599108
15766.019611,5775,2295.180173
12428.098259,5219,2301.722286
7771.446696,4780,2307.755719
11541.148827,5058,2314.484751
8850.43335,5352,2321.220485
1398.015107,844,2322.495686
11010.529975,4615,2328.278103
6104.179048,3615,2333.22997
8018.570748,4878,2339.370718
702.287081,774,2340.438229
7526.113881,5116,2346.866915
16030.025144,5679,2354.337389
9029.418758,5531,2361.296619
2898.174149,1682,2363.487819
6965.869137,4411,2369.047507
8287.93171,3596,2374.018043
8605.896929,5461,2380.847642
8621.786459,4869,2386.932785
7910.597079,3955,2391.902534
10162.962096,5590,2399.254387
4446.606019,3804,2404.088975
2437.746323,932,2405.350762
5622.167841,9915,2418.050002
10685.157086,5715,2425.197157
13632.242379,4777,2431.149889
10194.995249,5242,2438.053511
7899.12067,5128,2444.457176
5844.091101,5332,2451.124293
8060.940739,5089,2457.868859
9512.781236,5517,2464.789913
7825.377416,3976,2469.776426
1391.964906,875,2470.966571
9728.969168,5810,2478.598206
7691.126029,4745,2484.539637
6186.077499,3231,2488.630124
8481.268877,4928,2494.821176
8224.034811,5223,2501.73458
2044.360332,1129,2503.227151
7804.515142,5671,2510.317734
14025.103322,5346,2516.963711
7161.596816,4126,2522.505291
12213.249063,6284,2530.295976
8323.721394,3681,2534.905072
10177.094208,5311,2541.879269
14015.342431,5163,2548.293776
6038.105558,4299,2553.683723
20142.310154,8731,2564.814465
11603.249869,4194,2570.042656
7148.646855,4029,2575.111253
12383.931699,4440,2580.655681
7768.22245,4557,2586.734666
12562.202117,4628,2592.508505
10781.091304,4613,2598.278867
12604.279975,5067,2604.947432
8653.454304,4644,2610.754029
7010.537776,3268,2614.879919
9874.878171,3850,2619.710351
12105.736419,4610,2625.825616
7988.335886,4616,2631.583703
9679.023086,5388,2638.260875
12702.134289,5002,2644.837104
9594.73709,3674,2649.443178
9030.937835,4542,2655.118738
8454.47073,3410,2659.390107
8440.871249,4191,2665.004664
4579.513175,4465,2670.627419
9655.153635,6334,2678.478035
7356.726425,4395,2683.973351
4210.331392,4111,2689.507538
7261.915829,3654,2694.088004
8848.342324,4602,2699.843847
11381.151631,4759,2705.76385
7691.387259,3391,2710.395862
18801.350059,6013,2717.785076
14287.7585,4393,2723.259317
7862.983014,5429,2730.795994
9041.347853,3562,2735.272518
14079.083594,5558,2742.18479
9555.604682,6058,2750.090634
9620.630988,5796,2757.262303
11515.00849,3783,2762.024337
15748.47957,4273,2767.331957
22205.968401,6174,2775.342402
10668.637266,5137,2781.744657
15893.657198,4732,2787.618046
15550.566722,4252,2793.310297
15545.354416,5261,2799.836258
10142.748462,4680,2805.662763
7547.42334,8680,2816.959855
9807.409125,4755,2822.876401
13652.077426,8289,2833.467114
17049.615542,4384,2838.909291
20532.720534,5997,2846.284547
14176.51273,4548,2852.31971
22758.627349,5881,2859.606744
8700.448003,10001,2872.238146
8789.684627,5016,2878.884912
16539.980866,5054,2885.166052
18975.186149,6623,2893.366903
29071.86062,9267,2905.111264
16322.036617,8622,2916.1252
13612.369288,10001,2928.74315
16273.110568,4903,2934.839263
8265.193231,5028,2941.521744
13357.332599,7041,2950.222823
13484.592849,5782,2957.774931
22626.356294,7020,2966.432583
11901.214777,7133,2975.304193
10116.882611,6501,2983.76703
20434.712392,5808,2990.945068
10770.78936,5098,2997.622541
14414.65699,5424,3004.329075
7547.304206,4208,3009.580649
14766.245925,4967,3015.727892
12935.95391,3746,3020.788503
18643.740314,10001,3033.14493
17010.367416,7285,3042.480772
10042.980319,5031,3048.723477
17549.979055,7218,3057.608012
16767.175113,7690,3067.442139
26104.839767,7256,3076.337443
26631.70526,8825,3087.569769
15314.314558,4705,3093.429842
31339.604714,10001,3106.146166
16172.456946,3857,3110.964118
18565.66191,7420,3120.101085
20671.657409,10001,3132.802458
16250.166695,10001,3145.662076
18513.056974,5504,3152.504285
28080.829366,8086,3162.831122
21051.978183,8829,3173.735716
19285.20448,6640,3181.970844
15183.797983,5261,3188.898747
19402.103711,5605,3195.861876
15899.978622,5061,3202.154225
12528.526767,7561,3211.926444
18847.364525,5095,3218.244999
12591.451025,4102,3223.398042
12673.291582,4338,3229.207493
19255.366985,5426,3235.947973
7284.944164,5077,3242.307897
17463.222304,6968,3251.306711
9146.969505,4199,3256.568902
12114.234206,7466,3266.233347
29978.420203,7983,3276.089641
25233.307728,6788,3284.474464
15945.131166,7499,3294.172811
23518.181805,6952,3302.770154
28061.402462,7260,3312.074614
16248.82147,4353,3317.486632
16932.56625,5027,3323.723788
13665.450008,7758,3333.698393
15937.131457,5801,3340.881475
10447.788977,4403,3346.378263
29939.829136,9816,3358.768944
24741.503372,7832,3368.396226
29089.897782,9247,3380.077201
27983.02647,7761,3389.944536
24622.310005,10001,3402.263249
31784.626433,10001,3414.821878
27649.287378,10001,3427.025341
31353.253554,10001,3439.612817
19694.580068,10001,3452.323271
19150.295391,8093,3462.259409
22850.681163,7800,3472.210896
17050.280736,9297,3483.669297
26345.306721,10001,3496.30699
5274.410456,5887,3503.605406
30765.039189,8833,3514.778281
11427.184568,6226,3522.476336
27689.62179,7497,3531.642457
21695.47208,8531,3542.519258
20102.840566,4268,3547.790173
28870.020161,8400,3558.433206
28316.40304,7538,3567.658265
34630.157675,10001,3580.287152
12601.609588,10001,3592.675635
8766.87325,6520,3601.146274
35620.17962,10001,3613.314455
24126.813267,6168,3621.243035
27984.827624,10001,3633.491031
41944.338313,10001,3645.994321
28307.590455,10001,3658.606231
37322.168806,10001,3670.839918
38299.630268,10001,3683.455576
27860.327427,6144,3690.983586
37043.59616,10001,3703.576882
35740.378447,8482,3713.951474
32921.289121,10001,3726.591781
15978.616195,5123,3732.912491
33869.253754,10001,3745.545846
40191.988457,10001,3758.268587
31010.929348,8045,3768.141574
13259.216085,5129,3774.525291
36525.63787,10001,3787.207675
30532.646523,8885,3798.071791
41575.797466,10001,3810.676615
21778.727745,6134,3818.240601
7787.507868,4199,3823.919402
40287.860214,10001,3836.164951
36007.509476,10001,3848.806467
37828.040841,10001,3861.481173
27989.584747,10001,3873.698255
18645.793027,6120,3881.57944
42618.872059,10001,3893.785569
10094.623201,4189,3898.982458
9057.104214,4459,3904.900328
39135.648124,10001,3917.079687
32145.556972,10001,3929.675803
11556.642225,5687,3936.722785
5347.230557,5689,3944.203685
10792.675533,5289,3950.806103
30209.827944,10001,3963.488227
8323.686626,4668,3969.339635
21968.924719,7755,3978.941032
39291.728981,10001,3991.665404
34275.182779,10001,4003.979428
8726.092506,5844,4011.639779
26912.104727,7812,4021.282707
12441.265539,4603,4027.388517
4864.278433,7309,4036.560849
35411.496821,9949,4049.177955
32044.620179,10001,4061.446813
29693.4549,9207,4073.318161
12676.479068,7092,4082.130325
9073.89989,4375,4087.997439
17613.235357,5815,4095.196651
7064.350417,2496,4098.365947
11470.930841,9513,4110.502498
39165.540534,10001,4122.736037
26599.090155,8164,4133.127792
6025.803695,3634,4137.70802
14538.517095,5452,4144.500587
4965.751507,2256,4147.396464
30095.915201,8564,4158.265718
25416.289997,9179,4169.889928
29618.294425,8484,4180.285871
17832.311559,8065,4190.584044
34797.860598,10001,4202.829773
32688.94742,9903,4215.336152
7241.723611,5120,4221.701142
7831.759681,3159,4225.68438
8996.3335,5264,4232.589284
35357.211352,10001,4244.781325
25053.219981,8334,4255.372881
27082.30786,8951,4266.348037
18265.47355,7366,4275.752555
14312.68724,9410,4287.381838
34942.083625,10001,4299.93704
34788.687971,10001,4312.144671
7003.81016,8793,4323.445136
35953.808442,10001,4336.100885
29359.869325,8513,4346.579495
5778.201899,5004,4352.828724
41576.802261,10001,4365.541342
28390.730149,8421,4376.344663
42104.182784,10001,4388.662182
11903.429617,5386,4395.392479
27943.033905,7824,4405.421263
7880.978471,3758,4410.165014
17280.346719,10001,4423.00177
41399.11005,10001,4435.335372
34277.452251,10001,4448.084578
14925.241192,5331,4454.732581
7671.809202,4098,4460.266395
21997.938429,7614,4469.739711
9038.759517,5740,4476.884344
4268.261155,2201,4480.125752
11987.028179,5781,4487.3459
10768.450083,7494,4496.702744
33648.416655,10001,4509.418434
41230.930759,10001,4522.068367
18980.510545,5469,4528.866485
42184.700569,10001,4541.594835
15735.17384,9939,4553.915008
21498.836186,6567,4562.419218
9020.20804,3891,4567.295479
21822.873587,5349,4573.951767
31648.211296,10001,4586.674948
27615.75976,8255,4596.813951
29952.234222,8591,4607.703667
30765.696309,10001,4619.987261
24970.90939,6647,4628.55291
13940.56044,5070,4634.845568
3375.537764,1507,4636.859078
5986.56219,5136,4643.234439
18981.959063,6045,4651.069957
10729.26148,6634,4659.233295
39309.214638,10001,4671.771548
17578.470815,8288,4681.984076
21991.069296,6281,4690.107374
22159.786478,7281,4699.0734
6166.626702,5714,4706.549927
19703.421628,5341,4713.200842
26637.005589,8277,4723.446719
20386.462894,5415,4730.555148
3804.540546,1868,4733.001201
21841.640088,5908,4740.338149
27920.151314,7993,4750.578577
35355.002414,10001,4762.857273
33737.128595,10001,4775.583426
35264.059288,10001,4788.262592
22962.259283,6287,4796.061407
38438.466213,10001,4808.341578
15961.038657,4721,4814.644873
23184.071544,6795,4823.067832
34421.707927,10001,4835.767795
39495.919832,10001,4848.03244
34058.674565,10001,4860.758543
9627.091558,5717,4867.848092
34262.720912,9704,4880.110648
25240.228187,6270,4887.811161
27683.389675,9241,4899.56224
19968.664494,6170,4907.208808
20454.064356,5956,4915.025252
23038.808593,6252,4922.79436
33455.198776,10001,4935.405803
25247.560047,6169,4942.999645
8112.170809,4582,4948.707601
38110.888853,10001,4961.27057
20692.646135,6115,4968.791242
22388.856027,6814,4977.564927
28662.987888,8177,4987.620638
39509.983888,10001,5000.220431
25906.318329,6835,5008.678531
15283.641385,8073,5019.071005
31511.64094,7895,5028.795426
22970.697511,6459,5037.172788
10806.629355,8595,5047.82341
37944.915029,10001,5060.482031
38407.242766,10001,5072.741982
37748.391882,9204,5084.450515
34933.430337,10001,5097.076572
34231.961844,10001,5109.380588
14606.391753,8996,5120.819081
39394.573919,10001,5133.099528
34125.73306,10001,5145.754121
15353.710953,6698,5154.056639
21665.615563,6832,5162.87798
37153.768456,10001,5175.167933
45382.311973,10001,5187.858
26381.965378,6795,5196.248434
38357.838076,10001,5208.916343
11009.540148,8444,5219.282328
15945.992024,10001,5231.898664
20568.584974,6426,5239.816421
40324.844896,10001,5252.380327
15508.438011,6163,5259.996867
39859.818569,10001,5272.541427
37245.85112,10001,5285.109052
23198.333346,6319,5292.890358
37620.006174,10001,5305.533949
13714.09264,5220,5311.978049
8042.254038,9242,5323.621947
37692.8078,10001,5335.838867
35792.705971,10001,5348.441255
26757.562324,7251,5357.308658
42857.535313,10001,5369.851795
35929.646663,10001,5382.086512
30258.824767,10001,5394.629237
17931.465083,6105,5402.136314
30971.678443,8247,5412.738323
14193.585886,10001,5425.256346
15852.49999,10001,5437.413208
3392.400568,1855,5439.838999
22276.745549,7451,5449.429751
24428.111397,6746,5457.754045
32963.588264,10001,5470.376343
10050.127227,5047,5476.652857
20778.848895,5935,5484.077137
40029.594434,10001,5496.78785
34529.520675,10001,5509.488372
23602.689502,6570,5517.620445
36160.023336,10001,5530.257418
24818.454151,6371,5538.138909
30648.05632,7595,5547.921142
32930.661171,8171,5558.039943
35925.289411,9843,5570.541713
35820.122725,10001,5582.814377
8779.671217,4585,5588.924696
3710.906722,2165,5591.733949
13348.166064,10001,5604.028968
4833.004525,6508,5612.475596
32656.066302,8152,5622.572868
32636.342438,9175,5634.225994
38251.318961,10001,5646.508142
38197.14933,10001,5659.14688
35327.69131,10001,5671.748693
14739.713728,10001,5683.952941
27856.327365,8704,5695.025175
27295.796803,7887,5704.843367
21666.335403,5936,5712.616483
37996.91627,10001,5724.853292
38070.384393,10001,5737.529214
36045.980385,10001,5749.793031
37660.72167,10001,5762.461168
30275.548679,10001,5775.053517
14009.397241,10001,5787.265167
39360.708018,10001,5799.886595
44142.224336,10001,5812.118847
5198.068926,2473,5815.736205
36924.555913,10001,5827.981804
36995.616552,10001,5840.582944
13764.853855,10001,5852.994096
42937.65625,10001,5865.642066
36522.792197,10001,5878.256093
39324.847685,10001,5890.461388
13739.930131,10001,5903.192669
34594.960093,10001,5915.418625
24483.77638,7290,5924.798082
43142.155467,10001,5937.036427
26268.737866,6707,5945.726173
38936.385384,10001,5958.324665
4464.766582,1732,5960.577368
36721.647848,10001,5972.810751
5310.249742,2837,5976.406618
35611.085151,10001,5989.008656
21915.970308,10001,6001.571745
36386.456923,10001,6013.799957
38692.259945,10001,6026.487562
16233.670488,10001,6038.757496
41914.866916,10001,6051.454256
41655.173372,10001,6064.123285
26490.866154,10001,6076.391575
36198.177196,10001,6089.024127
38852.859872,10001,6101.609987
23056.996182,7712,6111.137493
24514.231144,6854,6119.6193
3094.155462,719,6120.616823
15193.028875,10001,6133.293289
13682.572071,10001,6146.042973
41593.618534,10001,6158.282865
40539.966788,10001,6170.967586
20117.162151,8037,6180.822624
45655.929391,10001,6193.427156
28090.872079,7323,6202.449053
37828.704414,10001,6215.027908
30788.932881,10001,6228.00583
42970.329783,10001,6241.304585
42388.12193,10001,6254.001354
25611.169028,8970,6265.037967
2553.336062,695,6266.003816
35684.418948,10001,6278.642738
38732.680625,10001,6291.265257
36702.396598,10001,6303.570632
33912.342992,10001,6316.219542
31809.983578,10001,6328.872782
15148.666726,8830,6339.620156
23837.455064,10001,6352.175134
41960.825209,10001,6364.448602
37968.320572,10001,6377.033974
3638.417176,1076,6378.478381
2617.607193,659,6379.402816
24931.64413,10001,6391.98273
39600.790601,10001,6404.254596
37500.452001,10001,6416.847425
35631.87871,10001,6429.105518
26414.493343,10001,6441.758547
38405.841816,10001,6454.387036
36315.348209,10001,6466.643971
33095.549314,10001,6479.245008
26762.27256,7655,6488.663326
32260.217379,9924,6501.137446
37620.961618,10001,6513.718155
34866.353244,10001,6525.917101
3885.7054,883,6527.108995
32357.19388,9803,6539.483169
11110.272972,3448,6543.797191
38983.586998,10001,6556.400028
10158.697048,4085,6561.512134
7646.085644,5291,6568.081525
39896.506427,10001,6580.67393
40516.655497,10001,6592.893073
3571.268966,834,6594.017395
5143.406862,1661,6596.5287
37603.102568,10001,6608.681695
3014.412814,671,6609.613496
12160.5989,3231,6613.704676
31290.996076,10001,6626.358059
35735.242897,10001,6638.979306
11229.981809,3502,6643.400064
24579.334692,6123,6650.97218
40402.878054,10001,6663.624398
38469.635087,10001,6675.875138
40445.492164,10001,6688.499149
22772.230685,6237,6696.18031
33474.021148,10001,6708.767204
23276.255751,6424,6716.664507
37945.256982,10001,6729.248601
43461.878253,10001,6741.824649
5059.301449,1147,6743.325498
39065.367674,10001,6755.521751
40132.562892,10001,6768.083426
4914.795963,2097,6770.795614
4654.60948,1822,6773.172136
15086.466065,5999,6780.91026
40322.53105,10001,6793.128965
45878.464803,10001,6805.699881
3247.299142,899,6806.904359
15090.264036,5744,6813.998332
2508.43196,794,6815.083651
37283.037343,10001,6827.6322
28852.134954,6948,6836.14415
2671.704889,758,6837.181005
3119.719962,1289,6838.900134
12887.434125,7761,6848.819347
3238.435664,1083,6850.258734
4165.963085,2088,6852.92048
3505.690282,911,6854.152198
39476.080752,10001,6866.78759
28595.667447,7516,6876.015421
40038.874524,10001,6888.616409
4124.188496,1171,6890.185145
3716.709589,1717,6892.407851
3912.198923,1254,6894.081052
4659.326514,1893,6896.50568
41510.68056,10001,6909.060234
36334.453655,10001,6921.288427
38939.355344,10001,6933.864477
37839.494912,10001,6946.461063
2598.859742,715,6947.445123
40951.479366,10001,6959.698311
2300.612124,835,6960.825039
2683.537132,902,6962.05017
2443.506377,915,6963.285253
2868.67886,766,6964.334974
2609.607757,838,6965.83698
39298.517321,10001,6978.078417
3972.150063,2154,6980.84816
4942.022122,1604,6982.957364
39661.587281,10001,6995.591973
40269.081961,10001,7008.172829
3430.688076,1207,7009.770613
18430.023604,4968,7015.924176
2872.29315,614,7016.794424
35173.919336,10001,7029.347059
16597.812226,4055,7034.396472
36237.978613,10001,7046.617723
4689.156407,1547,7049.006999
33812.902504,10001,7061.252437
33644.56476,10001,7073.934569
17693.847777,4367,7079.351286
3420.439471,749,7080.370392
2770.039595,857,7081.541555
3383.442039,713,7082.521177
40524.869856,10001,7095.187191
4412.832136,1568,7097.255957
42521.492437,10001,7109.866049
10069.628165,3111,7113.798317
38826.832669,10001,7126.132931
37541.919752,10001,7138.783775
4406.328176,1970,7141.344949
39124.265016,10001,7154.01639
24546.054429,9360,7165.493446
36206.283078,10001,7178.148468
2803.817769,802,7179.253975
42313.080271,10001,7191.506167
38801.373409,10001,7204.178843
34320.702541,8427,7214.829886
3124.382348,1088,7216.2788
2148.380843,744,7217.296704
40140.531974,10001,7229.535931
41576.121367,10001,7242.171637
43847.639652,10001,7254.760017
39749.882548,10001,7266.993288
39197.650848,10001,7279.605218
3913.216782,1098,7281.066373
4014.172757,1170,7282.603776
2507.446287,803,7283.701966
39734.327194,10001,7296.292394
15180.787115,10001,7308.536367
34693.817914,10001,7321.119219
3112.341786,973,7322.418256
27105.875635,10001,7334.589617
10200.418774,3730,7339.603282
16175.29949,10001,7351.764368
2329.791077,590,7352.598454
4350.386847,1487,7354.547
2555.596995,817,7355.671112
37244.737149,10001,7368.403719
36031.170416,10001,7381.084548
4500.864883,1064,7382.53543
2500.424406,832,7383.677238
2705.391354,639,7384.570988
42891.631047,10001,7396.870047
21401.01113,5666,7404.262168
36359.623394,10001,7416.490005
18040.018719,5394,7423.529947
36861.679153,8615,7434.069909
3356.6185,1127,7435.568027
41598.4684,10001,7448.187937
3452.2032,738,7449.203662
39560.447038,10001,7461.850564
36961.362145,8712,7472.539975
17073.588852,4372,7477.96254
2664.610948,681,7478.918093
3385.338876,768,7480.342976
2613.9542,1554,7482.407019
17168.653394,4437,7487.912599
3856.015087,857,7489.082363
41774.181084,10001,7501.80488
44413.692136,10001,7514.063653
45177.735079,10001,7526.680822
5353.497828,1524,7528.664731
42640.17866,10001,7540.821156
17924.365062,7571,7550.50515
16497.387164,3972,7555.409878
3133.014377,831,7556.531373
29258.111834,6935,7565.364794
23348.659148,5536,7572.138379
-1054.297663,2023,7574.756496
39304.710242,10001,7587.343468
14532.497663,4707,7593.147047
17710.597624,3851,7597.931144
766.942265,546,7598.72259
-404.647449,561,7599.549696
39498.049608,10001,7612.113751
47254.305629,9761,7624.310647
42687.077394,10001,7636.483497
43672.025297,10001,7648.982598
5364.237546,2406,7652.045372
3509.976559,903,7653.286666
41857.224137,10001,7665.857626
20724.915079,6746,7674.109507
5661.982449,3449,7678.39194
28333.716897,7334,7687.715556
32361.959398,6566,7695.743608
31847.252309,9598,7707.814543
45354.963013,10001,7719.966735
38697.149866,8463,7730.622518
42748.250554,10001,7742.803089
13293.805957,4933,7749.237574
23217.038973,5332,7755.758162
11077.721778,3928,7760.587018
17507.581214,5516,7767.698003
12578.249827,3498,7772.045994
33969.983453,8530,7782.389821
13939.044572,4188,7787.920758
4422.081614,1845,7790.312148
5887.320308,4571,7796.000314
13340.3726,10001,7808.74117
46261.097727,10001,7820.888661
12389.235591,4497,7826.416917
3984.105675,2430,7829.871147
26035.336108,6244,7837.523229
15486.121448,9942,7850.127371
32254.047142,7609,7859.412696
45975.924764,10001,7871.880835
15382.574267,10001,7884.241501
3159.257046,812,7885.354739
22187.632855,6575,7893.75098
37625.677874,8535,7904.085779
16841.809614,4282,7909.330577
39429.135312,10001,7921.853154
3806.033198,1460,7923.750786
5553.342118,2338,7926.711959
16548.384297,4784,7932.971695
44992.551549,10001,7945.147261
24225.539468,7598,7954.816691
12973.356714,3571,7959.246011
19802.398157,5931,7966.493001
22235.537891,5529,7973.639886
17363.937015,3835,7978.366006
2404.367133,579,7979.18143
5936.088572,1675,7981.350623
12967.156528,10001,7994.022289
10899.936254,4270,7999.296524
41708.590985,10001,8011.491199
37826.563426,8715,8022.503691
27497.294056,9343,8034.309235
26528.371561,7387,8043.342735
25159.668365,7521,8052.51902
12735.03848,3786,8057.57076
34074.662906,10001,8069.715852
4553.889793,2107,8072.414593
36014.69195,10001,8085.038622
5551.987122,2263,8087.917195
9499.762874,6113,8095.8441
40547.195303,10001,8108.083334
7978.004676,3360,8112.310969
24745.174894,8247,8122.82771
40286.766059,10001,8135.044889
9581.067044,4109,8140.495662
2762.52654,1479,8142.41655
42134.50866,10001,8154.649562
21732.99243,5617,8161.94962
24404.320854,9775,8173.85074
20519.631874,5822,8181.360163
33328.421758,9748,8193.201427
5578.614223,1020,8194.580712
3418.44019,1262,8196.236571
21965.416678,6470,8204.624784
20739.924327,6228,8212.264084
22416.268157,6451,8220.612112
39299.306482,9847,8232.609556
18702.776784,4720,8238.787131
37688.125456,10001,8251.006838
13825.303988,3644,8255.522722
25661.643455,7637,8265.211359
33146.184113,8025,8274.991304
3849.684995,1443,8276.86105
36078.392557,10001,8289.364459
34637.853767,10001,8301.981013
28546.997254,7320,8310.910748
7417.80477,2952,8314.627109
81.159963,2156,8317.373042
30238.371495,7188,8326.516835
34013.411173,10001,8338.825642
38136.471966,10001,8351.442845
14726.859151,3960,8356.344406
24721.446688,5777,8363.7958
33781.829218,7761,8373.293403
15198.39867,3817,8378.020007
26579.715714,7444,8387.49502
18890.721002,5042,8393.639173
11338.211384,4070,8398.621137
39006.638782,10001,8411.304508
15637.880416,10001,8423.961428
12505.849959,3673,8428.510857
6547.7467,2470,8431.659029
41645.855585,10001,8444.324841
20052.367962,4909,8450.386165
2951.730756,1500,8452.344361
24371.38878,6042,8459.784322
7872.869427,2202,8462.57811
15531.098155,4252,8468.213095
33086.34114,10001,8480.495964
37303.469448,10001,8493.187762
22120.016242,10001,8505.806586
19554.876633,5298,8512.325803
5782.425277,1423,8514.169655
25812.756481,5690,8521.180626
22171.170133,7714,8531.053116
25314.527518,6897,8539.558371
4433.07206,1916,8542.026153
25987.218412,6417,8550.275362
4437.494455,1094,8551.719006
4595.933774,1714,8553.944104
40213.54526,10001,8566.230243
3615.544459,807,8567.690579
36465.818779,8250,8577.802193
16637.494075,4444,8583.293917
23647.106948,6163,8591.280781
45224.674278,9861,8603.336614
12206.060319,4671,8609.484813
22883.288648,6298,8617.220262
21123.365743,7585,8626.910507
10742.375723,3298,8631.446857
16929.13117,5208,8638.067124
5709.842703,1790,8640.385214
41897.980023,10001,8653.030373
29227.204212,7556,8662.303204
24821.174335,6786,8671.002639
8183.933201,2840,8674.570359
2032.801553,1361,8676.36648
21028.881764,5688,8683.393401
22069.347384,5652,8690.410674
34746.580175,10001,8703.11729
15123.915462,4809,8709.079349
23479.263453,5845,8716.737331
38806.365427,10001,8728.977796
5101.123987,988,8730.298477
23723.592829,6991,8739.314574
6661.607182,3747,8744.005833
13075.848495,4140,8749.156628
12895.630456,4075,8754.609061
24666.200913,6633,8762.777725
41496.553355,9494,8774.740795
37610.288068,10001,8787.053423
5278.838446,1875,8789.481647
40810.03276,8995,8800.793323
4431.503273,1452,8802.688785
27902.527019,6014,8810.076387
33769.806603,10001,8822.725048
11619.857572,4965,8828.822693
43289.168015,9804,8841.057471
36543.86894,8788,8851.762826
12334.864069,4104,8857.268849
22243.931877,7573,8866.573817
45820.855945,10001,8879.231144
7198.569099,2480,8882.400626
4125.220846,935,8883.660322
22701.976119,5683,8890.688671
36339.245879,10001,8903.324961
23305.164725,7037,8911.979598
42732.675348,10001,8924.573993
13984.174704,4246,8929.831281
22236.56393,5974,8937.205953
13550.158295,4164,8942.743895
4826.550982,994,8944.086385
43172.727752,10001,8956.434881
34124.58874,8148,8966.848671
16429.979305,5183,8973.250643
37011.133557,10001,8985.930519
5100.465523,1784,8988.219662
5363.652276,1175,8989.771659
5013.277858,1019,8991.131955
9956.121796,4977,8997.272682
22889.758454,5865,9004.901169
28899.404834,7674,9014.327666
15403.511512,4954,9020.4711
47746.515663,9271,9032.151815
10170.126945,3986,9037.112121
31802.21003,10001,9049.753428
41275.395503,10001,9062.360089
47897.95045,9267,9073.681114
25834.161119,10001,9086.342191
7139.957775,2188,9089.137045
5136.902737,1225,9090.749759
28273.40137,7009,9099.333295
34096.329036,6918,9108.192535
34429.091839,10001,9120.369777
44150.253408,10001,9132.888009
21844.421127,4469,9138.372851
5622.245593,1228,9139.982091
41429.208693,10001,9152.564522
4325.30108,1504,9154.518052
13914.56749,5357,9161.126206
32976.222784,10001,9173.647577
4876.061402,960,9174.939245
14764.207824,5430,9181.619366
12135.142391,3328,9186.11447
34935.346747,10001,9198.338383
39461.487627,10001,9210.883375
4907.906718,1056,9212.304597
27204.69149,6040,9219.775099
3283.08091,886,9220.966392
41644.478772,10001,9233.570067
4301.700054,913,9234.802305
4639.113769,1031,9236.176022
14584.074251,4774,9242.055187
44712.896538,10001,9254.56309
24303.873469,7493,9263.692159
34983.26692,10001,9276.251801
39261.430638,10001,9288.75506
39178.60696,10001,9300.895541
45055.347714,10001,9313.429229
28044.414039,6224,9321.048256
17643.072003,4869,9327.026525
40863.301092,10001,9339.638431
3794.562034,1741,9341.898489
4655.912245,1030,9343.280349
5152.268056,1068,9344.698554
27905.998119,7477,9354.331537
4798.232692,1003,9355.702549
24906.922251,6388,9363.589897
4704.248194,1078,9365.040478
5530.487845,1235,9366.680734
4761.994219,1118,9368.172834
4699.523495,1197,9370.137753
12080.339318,4481,9375.709528
13910.117712,3966,9380.667803
3941.644696,856,9381.847915
19745.576146,7045,9390.917367
9715.570569,4328,9396.239188
33165.838222,8357,9406.422282
5087.212852,1026,9407.798859
27576.230899,7792,9417.706909
4551.491602,894,9418.916988
27603.794641,8935,9429.811581
47346.657653,10001,9442.334293
36102.093407,10001,9454.86611
4539.959701,972,9456.183325
47729.85348,9650,9467.934948
28307.281161,6349,9476.268761
4612.802865,1216,9477.888738
36961.839913,8958,9488.868636
2212.108891,1354,9490.662628
41247.281352,9146,9502.263947
4965.397364,1253,9503.919069
24855.059379,8797,9515.183884
47919.518684,9046,9526.315339
23966.372776,5505,9533.137774
24443.202817,6758,9541.851025
21392.998635,7331,9550.873953
27936.038935,8058,9561.175394
17076.251618,4799,9567.12181
5032.283537,1518,9569.12077
23864.679665,5732,9576.573899
4655.012088,958,9577.879735
28256.384732,7296,9586.850261
14821.149606,5435,9593.574889
4733.373582,1062,9595.008428
5174.56967,1227,9597.012911
6478.843363,3765,9601.736864
31340.116327,8890,9612.631458
31993.138909,8887,9623.921396
8661.550445,4365,9629.389906
4920.8683,1395,9631.233335
24630.374899,6294,9639.363514
18889.185577,4912,9645.469321
4755.759411,1055,9646.892442
47220.142635,10001,9659.526734
45972.626476,10001,9671.732297
21454.568402,5160,9678.11789
18702.314782,5739,9685.567862
3250.187425,1573,9687.60301
44171.859029,10001,9700.283531
43945.152814,10001,9712.56948
17914.70445,5583,9719.464195
3248.538918,1617,9722.002717
20086.689328,6167,9729.637826
47941.224589,9123,9740.78284
5274.751771,1051,9742.585676
24522.35219,5306,9749.196292
28353.586636,6482,9757.198066
47595.819492,10001,9769.8204
28874.186061,5457,9776.592875
28176.483126,6417,9784.895541
43580.965261,10001,9797.118922
5380.20108,1074,9798.542443
45359.692808,10001,9811.17717
28153.622586,6621,9819.328751
34808.940898,6727,9828.005073
18958.512411,4909,9834.08305
12067.238434,2604,9837.388815
4630.868849,1153,9838.941863
23368.236874,5189,9845.730953
17254.220881,3857,9850.546867
4822.085223,1085,9851.99733
44903.140336,10001,9864.261534
16205.004025,4501,9870.220305
21660.391613,5844,9877.466355
3073.64198,1513,9879.479994
18010.90282,4505,9885.078614
13499.321588,7297,9894.505582
15524.499405,3920,9899.393358
11439.508458,3363,9903.588756
16110.035086,5643,9910.955688
3720.213411,1956,9913.546748
45717.641253,10001,9925.725456
18652.739554,4614,9931.799673
5873.817342,1262,9933.46931
10225.602379,3269,9937.530735
5209.359377,1411,9939.400427
27493.226604,7196,9948.603216
46119.038904,10001,9960.761439
18914.892714,4772,9966.633841
16302.810318,4618,9972.708746
14974.200004,4579,9978.378572
36879.681101,10001,9990.882032
23857.25333,6514,9998.881056
42685.569975,10001,10011.437132
20819.175965,5218,10017.836358
19804.487987,6128,10025.354286
45672.362766,10001,10038.005231
12813.709371,4650,10043.791203
35914.73017,10001,10056.380215
29791.637671,7529,10065.606387
35263.527545,8957,10076.951336
39166.722858,10001,10089.206475
24007.622262,8813,10100.443884
44927.909035,10001,10113.053041
24664.915493,5226,10119.485725
8854.993574,4690,10125.28328
4473.863083,1127,10126.780741
47300.517359,10001,10139.429901
13081.638315,3234,10143.483945
40381.854767,10001,10156.164636
47802.82871,9712,10168.043166
47960.47376,9433,10179.967577
20283.320465,5170,10186.369672
22328.177289,6274,10194.470663
41508.439094,10001,10206.742553
-573.380612,332,10207.26757
8239.219171,4310,10212.597939
47540.642062,10001,10225.223007
30380.38206,10001,10237.813059
19724.709767,4384,10243.229937
24228.68165,6003,10250.638188
24057.858609,6037,10258.447224
32625.910672,10001,10270.661336
5766.624752,1305,10272.403586
20470.689673,4804,10278.725317
46351.976453,10001,10290.946577
21198.353366,6596,10299.436372
16991.837094,3756,10304.130643
5159.986331,1233,10305.746246
24008.859045,5444,10312.473274
14928.868385,4995,10318.996093
20269.878021,5112,10325.315623
29382.10156,7878,10334.911273
26177.419106,8333,10345.621638
21867.396281,4940,10351.704472
2263.91456,487,10352.416291
36304.526854,10001,10365.011529
11460.57042,3832,10369.761558
16196.734598,4530,10375.341425
14801.728551,4596,10381.359107
16003.92193,4045,10386.35775
-1267.050126,646,10387.256617
21433.079909,6276,10394.965568
3179.50941,883,10396.158588
15253.676446,3883,10401.348255
27963.823082,8557,10411.812099
36721.767598,10001,10424.370877
12416.190877,3883,10429.170879
18101.231174,5621,10436.094416
20184.346594,5763,10443.569861
21923.111416,5392,10450.196009
20693.754437,6152,10457.787565
-1615.26708,581,10458.609954
13998.446548,3601,10463.472612
22518.647642,6152,10471.008263
14478.307736,3216,10475.034989
41011.475148,10001,10487.575021
16086.850114,3936,10492.442719
37697.814129,10001,10504.984671
20385.341266,5481,10511.71218
4915.673262,1003,10513.055329
8273.188487,3991,10517.980211
10639.507087,4792,10524.233566
12858.940863,5181,10530.627292
13836.342023,4061,10535.673785
11048.955766,4505,10541.253536
16801.614664,4392,10547.051213
8266.818267,3115,10550.988319
15044.540957,3428,10555.271234
25068.643417,6735,10563.473775
15580.409663,4958,10569.967232
42474.833506,10001,10582.208791
14160.454072,5066,10588.846904
11501.071119,4710,10594.64067
15081.795981,3724,10599.275272
16334.796619,4730,10605.465553
14891.139288,4815,10611.399569
5070.683179,1110,10612.873287
25710.516066,6773,10621.154455
16880.563897,4085,10626.546221
19190.01953,5068,10632.796725
15311.213397,4169,10637.948476
2519.502903,1399,10639.790722
4689.202513,1036,10641.160241
45961.163877,10001,10653.703571
12922.872641,5943,10660.976677
3211.280778,1542,10663.00075
14845.223093,4060,10668.374547
9015.401086,3657,10672.906049
25365.300455,7118,10681.565803
20070.619379,4524,10687.112408
13913.392591,5257,10693.958958
8752.282215,3868,10698.762605
23365.541262,5308,10705.268026
16079.762117,4527,10711.239715
35081.003461,10001,10723.516953
23893.963461,6218,10731.547832
11719.678584,3125,10735.454397
17719.785951,4432,10740.927116
34825.812154,10001,10753.520972
-2110.228557,601,10754.38787
4678.551956,1393,10756.244342
12482.016203,5062,10762.513847
5198.194901,1077,10763.942189
22767.364392,5616,10771.251993
47926.510252,9974,10783.388559
15806.593093,4461,10788.897333
20926.146236,7592,10798.608229
42777.396397,10001,10811.20058
25077.985679,7441,10820.294696
24380.585353,5965,10827.64743
15299.701818,4474,10833.537977
35655.357721,9266,10844.888318
4959.453012,1042,10846.277987
23835.656338,4582,10852.306548
12305.622691,3479,10856.680634
4452.132767,3241,10860.729819
16893.69391,5305,10867.281621
23172.91063,5428,10874.351733
16487.495883,4243,10879.616311
18180.818097,5475,10886.41138
12026.033197,4730,10892.268268
18334.59834,6424,10900.594388
4682.55378,1135,10902.10006
40967.583922,10001,10914.716548
-827.409166,703,10915.710179
20193.53601,5407,10922.33918
32938.555269,8554,10932.778017
22062.617101,5664,10940.122904
33172.099334,9187,10951.276138
9294.085468,3089,10955.47564
22121.074706,5135,10961.79396
2537.483242,2808,10965.477835
19507.510773,5029,10971.644293
15609.310123,3764,10976.66559
9099.734291,3633,10981.164947
15793.406627,3804,10985.890341
16148.012267,4881,10991.876121
16367.763717,3812,10996.975784
19230.857022,4786,11002.836347
7621.152404,3264,11006.878333
16887.192834,4517,11012.444351
16647.174827,6069,11020.223966
26443.915241,5603,11027.06628
29793.908085,8766,11038.124686
14503.238173,5907,11045.434398
44325.486844,10001,11058.045979
21442.749449,4937,11064.126164
18757.895117,6639,11072.262793
12617.364635,4435,11077.730987
10161.872092,3118,11081.968931
45295.151067,10001,11094.157828
33294.529259,9456,11106.179337
4966.057152,1188,11107.759376
4154.182427,1347,11109.530353
20284.857317,5333,11116.130525
14865.745632,4733,11122.375383
23645.591463,5890,11129.652764
28367.666972,6170,11137.274452
24232.106152,4993,11143.799226
26260.552729,6248,11151.483296
21509.970046,6176,11159.078441
10878.476319,4920,11165.550153
42673.011238,10001,11177.791539
21999.620377,4713,11183.997053
10152.414671,4021,11188.99868
10594.063434,3700,11193.570429
4661.160062,1125,11195.075924
47607.141791,9716,11207.340489
32313.51142,9767,11219.256932
37964.718373,9751,11231.606155
14927.323431,6232,11239.233085
32815.527101,8517,11249.997136
14679.74907,4613,11255.703256
43385.377945,10001,11268.386338
21472.52402,5513,11275.191025
32634.209686,9714,11287.457167
5351.903477,1115,11288.94506
23285.377168,6290,11296.727387
38495.401403,9362,11308.554507
24451.441758,7147,11317.304172
5872.530301,2001,11319.888833
5268.465278,1269,11321.578435
41049.205904,9462,11333.531593
47681.137294,9318,11344.93231
38603.090786,9412,11356.818916
42252.875612,10001,11369.461375
19643.824393,6848,11377.862041
10135.376296,3077,11381.719464
4282.717044,1675,11383.90507
1686.058345,2378,11387.464404
33703.018508,10001,11399.663827
11693.27249,5018,11405.849464
47070.988867,10001,11418.467027
47944.772119,9457,11430.425929
18206.730034,6036,11437.84734
5073.762625,2764,11441.330003
40371.580067,10001,11453.939435
4140.669765,1565,11455.980959
9419.781753,5005,11462.166573
25182.097413,6979,11471.150991
41820.992512,10001,11483.409428
20750.919019,10001,11496.103354
17722.505383,3674,11500.675723
40516.04191,10001,11513.317796
41283.828107,10001,11525.593966
43890.001338,10001,11538.253286
48055.431843,8533,11548.716436
36376.376199,10001,11561.322401
22513.752657,4840,11567.286691
25801.214194,5858,11574.859133
17355.675727,3584,11579.321867
31308.361737,7957,11589.091882
31808.50536,8966,11600.568533
43969.560888,10001,11613.128968
29691.155207,5803,11620.293087
25072.945398,6547,11628.38904
24844.506677,5263,11635.2856
19236.413545,4816,11641.224051
38681.401032,10001,11653.410279
47477.693109,10001,11666.0475
16943.683891,4086,11671.103714
19049.837251,4828,11677.399541
47646.460041,10001,11689.614742
20630.099066,4556,11695.619431
47858.410312,9131,11706.767834
47671.406542,9568,11718.872376
27794.517395,7356,11728.087514
43324.436732,10001,11740.74056
18061.168733,4867,11746.7853
39989.321931,10001,11759.416975
26618.859591,5209,11765.856731
47713.888594,9827,11778.246383
36638.894515,8137,11788.281265
47651.670705,9690,11800.497535
47866.470857,9644,11812.343897
42164.087451,10001,11824.952827
16368.346764,5723,11832.028411
27479.510056,7053,11841.148913
30801.190561,6601,11849.293474
42390.308997,10001,11861.942436
17634.919418,10001,11874.28945
24607.324816,5639,11881.646914
44709.37649,10001,11893.873061
46204.637515,10001,11906.56067
47853.616124,8994,11917.590599
47718.833724,9843,11930.003925
3391.887402,1737,11932.244366
22368.974772,5703,11939.29708
28301.723211,6651,11947.906713
39016.74553,10001,11960.114057
47689.779667,10001,11972.787176
19055.549339,4270,11978.080302
24658.854735,6151,11986.062389
46164.544219,10001,11998.287171
39151.126514,10001,12010.944527
44998.647399,10001,12023.551931
5945.231026,2961,12027.274678
47655.011009,9969,12039.423912
36022.436504,9675,12051.607033
46735.083584,9929,12064.015436
3722.42474,1559,12066.047747
47782.687844,9582,12077.762749
47863.203011,9598,12089.821829
45302.820325,10001,12101.979847
36284.200512,10001,12114.520227
32893.973663,10001,12127.091246
24281.247652,6197,12134.700851
1417.776048,1729,12136.957464
47603.61774,9456,12148.904308
47904.358184,9248,12160.213371
11431.970597,4698,12166.41162
21511.505657,5204,12172.873478
40760.262356,10001,12185.118991
42505.279604,9899,12197.582982
47668.824336,9685,12209.791574
-851.110754,405,12210.415694
34161.545512,10001,12222.589803
42648.518485,10001,12235.158053
40085.881671,10001,12247.398255
47989.21038,9354,12259.326309
23237.027718,8309,12270.152267
48029.969422,9400,12281.696547
40783.521859,10001,12294.343533
17162.549461,4424,12299.789725
20100.101557,4159,12304.915009
46728.123842,9387,12316.733164
10264.204213,3965,12321.66769
20869.492456,5879,12328.913707
3852.504871,1254,12330.981802
14921.519959,4054,12336.00434
12695.954841,7182,12344.77319
45218.040021,10001,12357.297827
4190.123675,1265,12358.968072
33148.535208,6591,12367.033999
6485.12168,3439,12371.661848
6139.307204,3483,12375.98288
28906.440795,6224,12383.586299
22283.571203,6674,12392.130136
22883.69229,5474,12398.844488
4034.299858,1320,12400.58801
47878.041855,9233,12411.801357
47808.425588,9926,12424.230521
47124.287993,10001,12436.777544
47869.569462,9607,12448.477466
47836.173085,9264,12460.181811
33637.074066,10001,12472.337135
32337.700539,7074,12481.369347
30313.673396,6320,12489.122771
37414.09551,10001,12501.71539
44476.209663,10001,12514.278324
47984.35042,8880,12525.130061
29692.234662,7025,12533.764918
22976.227834,6247,12541.85637
35264.293323,10001,12554.075553
32797.498022,7791,12563.99325
33123.778624,10001,12576.566835
32848.387564,8971,12587.570651
5325.484317,2317,12590.540407
47522.00869,10001,12603.163761
42655.040955,10001,12615.37115
33648.901447,6923,12624.383197
47473.478926,9346,12635.69625
43555.404946,10001,12648.305884
6193.666408,1797,12650.621802
9920.541447,7215,12659.915802
8605.410618,6571,12668.011672
22803.723813,4677,12673.788733
43380.213423,10001,12686.398844
40203.262945,10001,12698.99864
44582.26251,10001,12711.238023
39628.804496,10001,12723.800108
28063.090835,5997,12731.198867
