#{"t_start": 1696533504.0037098, "env_id": "bridgeEnv-v0"}
r,l,t
-3753.543278,394,1.3627
-1992.739253,306,1.72819
-3416.893809,683,2.399189
-2718.8236,425,2.851306
-3115.356995,530,3.397192
-1976.509978,275,3.725518
-3489.672283,365,4.127323
-2080.862045,333,4.51671
-2571.261603,376,4.941747
-3669.904825,498,5.468073
-2245.487588,275,5.802911
-3523.794078,503,6.344882
-2314.806855,355,6.749659
-1978.886348,248,7.058713
-3768.715998,420,7.544399
-3537.75028,371,7.942537
-1196.685147,114,8.123253
-3334.748699,528,8.643915
-3551.356412,363,9.024524
-2120.316957,303,9.365286
-2348.451525,316,9.713881
-3716.692856,500,10.234876
-1978.804993,254,10.557049
-3513.375492,429,11.043823
-3308.144988,842,11.857323
-2829.454754,406,12.300882
-1695.491909,263,12.63041
-3563.38521,481,13.124623
-2019.965912,287,13.466582
-3527.940277,586,14.088955
-3600.769495,1029,15.027834
-3446.671613,442,15.479025
-3239.286099,633,16.083045
-1951.044104,259,16.40033
-3761.276622,464,16.907543
-3715.557207,744,17.644534
-3429.79315,763,18.370996
-3216.376707,512,19.228763
-1988.475003,289,19.565482
-2325.601794,332,19.942752
-3758.430274,378,20.349601
-3622.364623,353,20.733333
-3467.104903,458,21.208919
-3433.347592,523,21.753228
-3224.908256,617,22.369391
-2518.803184,473,22.874416
-3325.716561,453,23.353769
-3841.754677,557,23.915657
-3774.776728,381,24.329785
-3423.808152,449,24.799388
-3510.481839,529,25.333058
-3012.107702,528,25.877278
-3415.332309,671,26.52569
-3812.545124,344,26.904058
-2115.046051,361,27.301349
-3801.820968,585,27.875834
-3563.832914,595,28.46504
-3029.583219,412,28.900596
-3827.566062,501,29.412564
-3011.924343,444,29.885247
-3185.881354,431,30.335678
-3761.220698,433,30.800056
-3749.529375,680,31.498608
-3633.038196,711,32.213907
-2137.663056,320,32.579272
-3403.132709,627,33.244821
-3599.660184,440,33.750246
-2057.414935,353,34.21307
-2239.991307,308,34.622328
-2225.669981,311,35.005956
-1984.154017,288,35.381258
-3756.156794,386,35.824328
-3419.269304,463,36.714573
-2644.971195,348,37.18407
-1208.596094,114,37.387018
-1625.387031,217,37.706276
-3700.556592,513,38.280999
-3783.288516,525,38.896916
-3193.409625,419,39.375806
-2810.046607,528,39.928972
-2663.829568,492,40.45467
-2423.800069,299,40.802539
-3541.797029,510,41.420185
-3587.80001,532,42.021616
-3443.410078,375,42.4611
-2906.335617,480,42.998103
-3416.817408,550,43.562865
-3200.836327,440,44.066428
-3286.029902,357,44.472316
-3117.487961,444,44.949538
-3395.489954,362,45.358524
-3637.592834,447,45.846832
-3636.888975,487,46.361738
-3614.448847,509,46.897578
-2779.455488,384,47.322577
-3830.082141,471,47.808085
-3643.239608,341,48.19202
-3509.986955,414,48.638407
-3449.798949,564,49.218464
-2293.604815,341,49.600652
-2738.966877,364,50.002807
-3119.515944,380,50.425349
-2108.248347,273,50.755512
-3314.122636,550,51.341148
-1865.05527,275,51.681299
-3171.188538,646,52.335419
-3235.853572,502,52.867486
-3410.9995,360,53.266622
-3734.579844,370,53.674631
-2351.693776,379,54.099065
-2017.098653,302,54.462972
-3392.291174,363,54.869067
-2704.852218,405,55.661978
-1287.685554,114,55.846095
-2847.527571,340,56.23509
-3711.110489,376,56.648441
-2484.541905,377,57.073076
-3692.144462,372,57.487598
-2903.197214,392,57.915592
-2687.912675,347,58.30497
-2985.381605,555,58.869311
-3228.649194,511,59.394704
-3711.164729,610,60.001125
-3662.315354,365,60.399533
-3401.87882,707,61.089649
-1986.655805,295,61.431719
-3771.624846,384,61.849694
-2247.337608,375,62.263556
-3132.586351,391,62.678713
-3103.073102,541,63.236063
-3648.110732,544,63.788774
-2137.924387,277,64.11682
-3155.729933,376,64.532236
-3753.112242,366,64.940628
-2673.643386,366,65.348257
-3555.381971,390,65.780473
-3147.204221,339,66.166518
-1239.662649,113,66.351005
-3757.772958,402,66.786197
-3456.848299,490,67.302838
-3507.70143,474,67.791877
-3927.803887,517,68.328852
-1777.976269,222,68.612386
-3502.095436,632,69.241424
-2549.962178,461,69.724588
-2935.774471,425,70.170787
-2624.949807,397,70.5981
-3691.043421,571,71.168564
-1159.134641,102,71.341421
-2373.658883,377,71.757145
-2516.840708,338,72.144312
-3360.280348,521,72.68135
-2557.043599,427,73.498634
-3307.632118,638,74.13536
-2513.480032,381,74.561232
-2332.541084,365,74.977061
-2349.825272,283,75.317493
-2996.14421,325,75.691792
-2925.081135,329,76.065411
-3795.513233,605,76.668094
-3744.530133,399,77.098889
-2324.206663,385,77.531256
-3706.968167,363,77.93793
-1242.469879,117,78.12623
-2828.701968,346,78.518976
-3452.376057,514,79.056217
-3064.1612,513,79.592942
-1566.726065,222,79.881653
-1899.50281,226,80.173431
-2908.674682,701,80.870971
-2741.293746,462,81.367203
-1920.166951,237,81.66722
-1297.358072,126,81.862356
-3566.206893,409,82.302402
-1190.627697,110,82.484345
-2662.339515,397,82.928729
-2808.433296,651,83.585738
-3647.079159,410,84.026234
-2689.119036,352,84.429066
-3538.942848,524,84.964675
-2724.773541,388,85.399701
-3531.56136,354,85.794952
-3687.157375,432,86.253136
-2012.250833,264,86.574248
-2046.425739,293,86.922989
-3454.936836,499,87.439959
-3278.567082,455,87.928287
-3634.990401,481,88.432525
-3776.168758,363,88.828165
-1836.686034,232,89.127035
-2289.251006,283,89.461675
-1587.418748,208,89.735431
-1750.207222,241,90.040214
-2555.784903,380,90.465681
-2168.167806,346,90.857397
-3572.432645,511,91.38665
-3782.678302,546,92.303142
-1852.081534,269,92.62796
-2102.159664,295,92.968546
-1319.912188,121,93.155898
-2180.507065,334,93.533155
-3509.521664,425,93.984012
-1341.307333,115,94.167135
-3724.157369,365,94.565363
-3361.443558,587,95.164322
-3747.469368,812,95.947239
-2151.376495,315,96.312397
-3515.784143,494,96.827341
-2021.994628,260,97.147884
-3375.009232,441,97.619837
-1314.788102,129,97.816048
-3460.533447,398,98.25537
-3804.859346,485,98.765608
-3220.830089,491,99.280513
-3613.345203,396,99.70551
-2766.076708,494,100.229091
-2675.989085,374,100.649395
-3034.141923,686,101.335745
-3473.341286,383,101.758514
-3472.306125,503,102.285022
-3787.784593,563,102.858701
-3677.54797,581,103.455849
-2247.458045,382,103.889814
-1882.065924,322,104.265693
-2083.801681,349,104.664773
-1741.654104,246,104.970047
-3338.608935,631,105.60718
-3559.478197,477,106.112397
-3206.393378,596,106.719513
-2135.205179,351,107.1154
-3351.151047,480,107.616368
-2057.215237,311,107.97304
-1556.061577,213,108.248605
-3176.813867,829,109.044736
-2171.924243,350,109.440168
-3744.220818,397,110.247652
-2895.690882,400,110.68469
-3709.330664,371,111.088833
-3330.829999,478,111.583441
-2686.457048,362,111.983483
-1834.08438,276,112.31298
-1560.110042,197,112.568999
-3624.927928,710,113.261082
-3777.119302,504,113.778012
-1977.891211,262,114.090482
-2018.00339,319,114.451636
-3547.561031,488,114.958524
-3188.770643,563,115.53034
-3515.915269,462,116.015885
-3144.900891,633,116.647195
-2363.336332,360,117.049603
-2094.977378,316,117.408587
-2241.287102,286,117.742184
-2800.439261,737,118.454149
-2136.786416,344,118.839719
-2027.467327,273,119.16573
-3199.367259,588,119.749202
-2447.513294,407,120.193919
-3446.511387,900,121.032847
-2705.157016,573,121.607162
-3390.593543,566,122.173925
-1285.575628,129,122.370551
-1693.576101,240,122.672494
-2008.863272,281,123.004923
-3114.51232,439,123.472289
-3154.00025,545,124.037954
-3288.765148,550,124.604271
-2415.844777,476,125.11764
-1636.151228,220,125.400874
-3530.476402,788,126.174581
-1963.770002,247,126.487487
-3574.565259,358,126.882381
-3612.899583,658,127.902693
-3573.033836,575,128.488504
-2029.242718,291,128.829382
-3471.569867,577,129.410043
-1367.079101,123,129.598891
-2006.847846,252,129.910243
-3195.416768,372,130.324506
-1950.9999,316,130.69039
-2275.845138,310,131.042408
-2678.756066,475,131.540422
-2254.423867,317,131.896616
-1232.231979,106,132.071657
-3239.844206,562,132.636198
-1615.8935,209,132.907571
-2854.878871,508,133.424127
-2701.421118,452,133.90518
-2132.994942,283,134.241738
-3453.137848,650,134.896721
-2553.030791,374,135.324176
-3488.107116,375,135.732769
-1845.367054,258,136.046702
-2063.575328,346,136.441564
-1951.019433,270,136.767095
-2063.932205,338,137.154615
-2660.110955,458,137.640681
-3266.917899,798,138.433763
-1230.03185,122,138.628123
-2089.887915,341,139.020033
-3051.831987,549,139.591219
-2043.600548,295,139.944019
-2016.779826,459,140.448494
-2121.084034,274,140.781191
-3732.859975,489,141.294901
-2862.983924,487,141.802513
-2341.46662,329,142.184095
-1871.496556,320,142.553843
-2225.350046,340,142.941429
-2120.225432,365,143.346592
-2273.201636,275,143.677334
-3558.686683,919,144.560522
-3269.338141,504,145.092665
-1672.982557,225,145.381291
-2005.256828,286,145.724448
-1296.565453,130,146.300668
-2341.632408,442,146.774008
-2095.401551,269,147.101937
-1270.825972,138,147.311303
-2017.737217,248,147.621001
-3783.238798,689,148.301055
-2034.632082,266,148.623289
-2337.347609,369,149.040383
-2248.083046,367,149.4489
-1356.148969,142,149.658934
-2125.716508,335,150.041305
-3340.664861,500,150.559122
-2742.414387,384,150.991054
-3673.834041,811,151.786875
-1803.006779,240,152.090524
-1779.480883,270,152.422033
-3431.270771,499,152.938721
-3505.74621,701,153.6392
-3750.310457,742,154.364531
-2020.435259,313,154.728335
-1420.959871,141,154.933011
-2158.872869,301,155.287338
-2005.014057,307,155.644758
-1674.040161,279,155.979179
-1754.327447,237,156.277315
-1597.671012,211,156.554127
-2110.451979,363,156.965078
-1212.005434,113,157.148964
-3536.941781,729,157.8645
-3071.988366,472,158.363384
-2042.997986,324,158.730553
-3453.339619,993,159.689249
-3347.882622,507,160.220202
-2485.057844,436,160.690057
-2073.986527,321,161.064163
-3507.016342,695,161.768419
-3303.89556,402,162.211541
-2474.073487,339,162.605385
-3648.656105,417,163.05086
-2216.842866,353,163.453945
-3076.35612,429,163.927499
-3505.2393,401,164.718379
-1158.439529,100,164.894869
-1842.98869,229,165.189064
-2299.708151,361,165.592418
-1443.767135,144,165.802423
-1968.339892,288,166.147279
-3053.885898,522,166.705813
-2998.771608,526,167.258632
-2995.473573,544,167.825766
-2187.53862,327,168.202032
-3249.322905,613,168.822958
-1310.802723,135,169.027301
-2509.914362,537,169.589878
-2355.828169,382,170.020951
-1829.072948,323,170.3911
-3435.457478,656,171.042744
-1264.76793,133,171.241793
-1758.148554,217,171.519549
-1292.741257,121,171.708097
-2531.903151,329,172.085281
-2518.312913,412,172.527634
-2117.248699,295,172.868414
-2091.759671,467,173.358358
-2365.574221,464,173.852743
-2147.416315,287,174.189149
-3519.02781,468,174.667284
-3623.87997,439,175.132588
-2620.291413,592,175.733742
-3436.109733,424,176.179245
-2073.154964,261,176.492639
-2087.658874,353,176.89158
-3553.818549,873,177.713769
-1778.867139,288,178.052151
-1886.872636,309,178.411358
-3451.230368,495,178.918184
-3206.639929,461,179.407446
-2233.996082,323,179.777887
-3598.842356,679,180.449322
-1779.01851,301,180.795094
-1910.857651,342,181.181767
-1748.717497,217,181.461344
-2262.326004,318,181.829565
-3267.44833,451,182.303657
-1624.585417,194,182.918628
-2263.907233,655,183.573195
-1801.89322,320,183.938683
-1982.044079,267,184.256317
-3162.989494,643,184.88947
-2048.70024,443,185.363511
-1834.69578,288,185.700418
-2276.611867,712,186.390691
-2846.226789,377,186.801991
-1929.856876,271,187.118447
-3319.923834,389,187.539521
-3391.97309,650,188.178875
-3731.642374,740,188.909059
-2317.660729,346,189.296633
-3387.092765,542,189.849702
-1182.906962,110,190.029001
-2261.609886,326,190.398887
-2338.171522,291,190.73581
-3002.145756,1081,191.76024
-2249.506334,379,192.175347
-1917.500108,250,192.479654
-2226.55398,290,192.816452
-1369.944309,139,193.017176
-3255.258048,858,193.844463
-3239.300394,465,194.324906
-2759.885495,438,194.783619
-3422.184788,753,195.512024
-1327.37116,132,195.710639
-2244.342025,379,196.128741
-3776.011449,1015,197.076829
-1927.571805,307,197.428609
-3529.281672,716,198.123166
-3371.158329,716,198.818718
-2283.151906,416,199.265144
-1308.576291,135,199.465945
-2419.35823,359,199.869436
-1388.03822,152,200.43205
-2644.783864,511,200.97138
-2623.010836,460,201.46959
-2795.148974,686,202.134301
-2356.383832,305,202.486283
-2417.428171,497,203.011871
-3346.549488,462,203.511961
-3421.415504,772,204.278127
-1564.021072,223,204.566317
-3584.375,396,204.994245
-1444.601839,173,205.230417
-2251.823539,257,205.538339
-2533.696753,365,205.948441
-2316.745799,501,206.469481
-2356.554084,425,206.922506
-2092.116026,285,207.262955
-2679.405087,448,207.736377
-2350.278777,353,208.123228
-3858.936262,813,208.910175
-2409.641531,311,209.268159
-2210.546065,429,209.728543
-2803.221318,432,210.191427
-1727.592213,237,210.483372
-2136.49885,378,210.903274
-3111.712313,486,211.399626
-2242.830739,374,211.815118
-2783.832678,602,212.412256
-1827.174038,207,212.68164
-2143.030875,370,213.091792
-3777.778042,508,213.628811
-1971.518801,313,213.992524
-1949.771752,338,214.378291
-2651.431675,390,214.811219
-3019.286436,465,215.305805
-2671.064339,483,215.816445
-1953.212082,277,216.143522
-2139.158526,395,216.576044
-1944.171237,297,216.918995
-2342.839188,469,217.410473
-1278.490136,129,217.606045
-3149.346453,647,218.614899
-1966.207046,319,218.97492
-3290.318085,799,219.75768
-1959.786614,332,220.136496
-2191.598261,292,220.484317
-1694.468117,219,220.769398
-2088.588642,282,221.114987
-2317.63972,453,221.60658
-2973.56166,588,222.213175
-3633.546642,609,222.838672
-1873.615453,305,223.194802
-1644.123093,222,223.479883
-2709.506855,358,223.880967
-1290.190932,132,224.080672
-2529.471293,523,224.633424
-3489.207922,589,225.238731
-1934.687018,323,225.611317
-2310.791244,337,225.998858
-2323.667929,319,226.364722
-2289.068503,640,227.007665
-2175.861238,346,227.396701
-1343.209283,156,227.617209
-3399.81127,517,228.146631
-2654.410677,451,228.6231
-1194.825567,104,228.797249
-2737.746298,370,229.206914
-2058.375625,318,229.569416
-1952.119013,298,229.917816
-2591.288218,500,230.452466
-2371.712923,288,230.796442
-2252.460254,298,231.148407
-2992.684375,512,231.687206
-3059.89237,379,232.110477
-2108.140993,358,232.518517
-1798.803605,308,232.87899
-1668.581571,233,233.170004
-2278.691719,416,233.620651
-2703.403549,813,234.415392
-1445.898784,175,234.655692
-1377.939833,136,234.858854
-2433.383945,568,235.453705
-3629.907502,611,236.072128
-1767.190196,206,236.344905
-3400.046531,464,237.187207
-2362.474968,568,237.766675
-1234.859795,121,237.957546
-2121.741759,395,238.397177
-2269.253364,434,238.869097
-2204.632148,358,239.279561
-2111.230373,240,239.580664
-2139.094078,435,240.052762
-2249.981386,295,240.401076
-2035.742822,317,240.77339
-1696.395101,219,241.058568
-1937.35893,284,241.399819
-1227.028207,121,241.591432
-1965.554881,291,241.9362
-1976.838704,295,242.284089
-2528.312589,338,242.677561
-2196.610478,472,243.167275
-1673.022885,271,243.48663
-2132.5866,280,243.820052
-2494.228418,353,244.216439
-1337.438777,149,244.432081
-2165.788412,324,244.802035
-1613.50055,225,245.086171
-1617.925786,206,245.354485
-1321.333648,144,245.561031
-3015.97765,510,246.093287
-1884.028607,285,246.424545
-2027.143349,331,246.801043
-3119.807362,575,247.383032
-1994.937502,282,247.722372
-2165.60598,252,248.04133
-2219.143293,375,248.465622
-2343.481254,346,248.867881
-1321.324109,144,249.082729
-2389.62429,342,249.482893
-2561.600305,333,249.873147
-1246.209911,114,250.061319
-1968.816471,312,250.42366
-1800.68299,273,250.746721
-1778.686215,307,251.101984
-1791.081151,214,251.379903
-2963.57207,1077,252.396458
-2535.030859,490,252.915256
-1972.535791,255,253.221399
-2529.684568,340,253.612907
-2863.781639,448,254.086576
-3461.873738,445,254.558981
-1321.787007,136,254.762022
-2822.28215,533,255.309291
-3789.5239,728,256.389235
-2067.423428,315,256.756493
-2243.876402,387,257.188087
-1407.795012,139,257.396128
-1726.095412,204,257.670536
-3214.491659,882,258.543755
-1332.464091,139,258.753774
-2447.813556,442,259.237056
-2081.158923,281,259.580992
-2275.595959,408,260.034316
-1298.541424,133,260.237946
-1955.752191,253,260.552279
-1377.74437,157,260.780385
-3357.767533,477,261.28814
-1845.266312,311,261.65573
-1689.48666,230,261.950917
-2230.452477,286,262.292146
-2413.976379,345,262.689719
-1597.167531,214,262.970078
-2726.669093,533,263.539326
-2114.696103,327,263.926042
-1532.954682,185,264.182837
-1818.920933,323,264.556186
-1618.164344,196,264.823329
-2077.330971,334,265.21526
-2971.884281,593,265.830419
-1157.575631,103,266.006282
-1784.262872,222,266.291314
-3671.109564,721,266.999099
-2121.014634,336,267.380438
-1833.192578,285,267.714844
-2213.378376,300,268.064798
-2378.046974,304,268.414847
-1875.403995,273,268.73714
-1301.48318,127,268.929909
-1756.40789,254,269.232055
-1870.448076,233,269.51921
-2218.104524,328,269.897923
-1289.705606,126,270.089688
-2262.269204,345,270.47527
-1892.202094,220,270.747132
-1316.866209,131,270.945761
-2380.922848,399,271.379495
-1908.799307,223,271.659225
-3439.522873,516,272.184133
-1895.647825,309,272.536197
-1613.91268,184,272.784562
-1161.832226,108,272.963909
-2844.843425,324,273.330866
-1958.812087,233,273.621628
-1852.763322,311,273.979535
-1082.145058,761,274.705045
-2244.054122,338,275.447415
-1732.599522,247,275.751868
-2398.940433,374,276.172877
-2230.403035,308,276.535545
-3516.564112,475,277.035625
-1703.315115,316,277.406636
-2181.666038,770,278.164208
-1879.882129,279,278.498057
-1389.335862,143,278.706177
-1738.275103,198,278.974016
-2246.366782,260,279.292503
-2416.592926,322,279.673301
-2073.32131,272,280.002682
-3017.545568,487,280.515449
-1812.252543,224,280.802995
-1344.662192,152,281.02315
-1777.028114,312,281.383502
-1404.337335,135,281.583966
-1315.413926,137,281.790011
-3247.094191,631,282.428617
-1208.219103,118,282.61587
-2279.611001,318,282.987461
-3477.399868,596,283.593027
-2157.341856,361,284.000253
-2561.688731,524,284.549266
-1646.105048,225,284.832726
-1915.352419,232,285.121145
-1185.249804,111,285.301607
-2962.663809,532,285.858091
-1162.552712,99,286.032676
-1759.708774,244,286.340893
-3409.168866,756,287.087613
-3211.881395,758,287.834037
-2286.803775,374,288.254606
-1372.335533,144,288.463706
-2262.42891,325,288.84313
-1143.541591,96,289.013636
-1896.885646,246,289.321201
-2602.540267,571,289.914111
-1967.045717,358,290.31896
-1949.421291,303,290.672078
-2554.532702,502,291.195512
-1291.998408,140,291.402793
-1418.40044,155,291.622224
-2661.647308,296,291.968316
-1380.111664,165,292.201793
-2208.869014,272,292.533379
-1490.685986,190,292.787156
-3009.733595,561,293.363695
-1141.288289,105,293.54369
-2796.224085,449,294.023545
-2149.902705,355,294.768426
-1351.397183,170,295.000425
-2044.825693,320,295.36954
-2191.101199,302,295.720381
-1153.763947,101,295.896101
-2397.707354,501,296.416002
-1363.467395,138,296.624243
-2205.724984,342,297.012287
-2528.383397,518,297.560139
-1549.979011,201,297.827153
-2536.951256,302,298.17673
-3568.335966,523,298.720262
-2530.126852,461,299.22245
-3084.161487,614,299.834082
-3101.708553,522,300.382923
-3576.05958,1165,301.471838
-3560.670153,768,302.211358
-2889.610139,575,302.805046
-1932.635826,233,303.101149
-2014.728477,298,303.451759
-2507.0537,710,304.146482
-1910.092536,329,304.522631
-2579.459828,468,305.021235
-1542.428717,226,305.313255
-3384.160921,615,305.923455
-2464.822021,357,306.325957
-3128.315697,1093,307.352123
-2987.367444,430,307.811275
-1273.033621,127,308.008945
-1842.418319,272,308.337031
-2622.173183,307,308.697111
-1584.488687,270,309.021538
-1775.078701,241,309.324775
-2032.398809,315,309.692299
-2046.922366,302,310.047258
-2451.999939,292,310.397011
-3056.090496,515,310.938756
-1678.45174,204,311.212062
-2715.823359,556,311.786313
-2036.35264,281,312.124784
-3093.073363,484,313.007757
-1973.462737,331,313.389987
-1375.447394,155,313.608095
-1243.537595,128,313.804672
-2625.432969,458,314.295434
-2228.381944,366,314.703941
-2109.383056,316,315.069527
-3691.063306,1110,316.117243
-2266.541704,316,316.489783
-2285.277053,330,316.871772
-3014.473175,739,317.601813
-1315.352005,145,317.81492
-1366.479473,161,318.038818
-2101.383908,343,318.428906
-2409.095255,344,318.818043
-3683.682748,829,319.617701
-1709.738843,220,319.905664
-1887.805323,286,320.244028
-2153.429745,354,320.645127
-1347.129834,136,320.848668
-3333.047535,663,321.516412
-1976.26748,268,321.843441
-1723.44264,227,322.13484
-1249.444078,124,322.326703
-1286.401815,122,322.51954
-1307.252648,116,322.704886
-1280.563681,130,322.905014
-1276.055679,126,323.099092
-2474.457469,315,323.46397
-2155.651469,287,323.806219
-2073.09347,358,324.211444
-1926.567398,307,324.570781
-2668.766289,416,325.024475
-1142.093173,105,325.202098
-1239.353821,124,325.397181
-1974.972426,387,325.827789
-2680.879772,558,326.406487
-2615.511011,508,326.945582
-1482.652808,165,327.178729
-1870.673295,298,327.527962
-2224.172967,401,327.975333
-2138.242196,346,328.367126
-1291.082822,143,328.58061
-2057.639988,287,328.921056
-2260.388505,297,329.269019
-1212.80147,113,329.455172
-2591.48672,340,329.852517
-2963.943557,1279,331.046242
-3021.080607,478,331.9039
-1265.989972,123,332.098994
-2130.133804,305,332.456713
-3661.919272,676,333.129039
-1737.581664,239,333.432297
-1429.015268,159,333.653828
-1892.880124,258,333.966773
-3561.239488,774,334.72895
-1503.933505,167,334.963963
-3432.794433,734,335.682329
-3223.808297,498,336.208412
-2486.077366,558,336.78078
-2458.740721,460,337.266269
-2254.975561,326,337.649542
-2964.663376,603,338.285076
-2367.083447,409,338.735103
-1354.720052,140,338.947009
-2460.95776,504,339.479835
-2538.990916,638,340.131653
-2977.454735,613,340.764081
-3162.474671,427,341.229527
-2117.823246,287,341.575486
-1264.34463,123,341.769357
-1377.657856,163,342.000737
-2017.11166,329,342.38226
-1372.402874,160,342.609197
-2546.547597,481,343.124664
-2501.838981,360,343.538281
-1925.095651,346,343.929646
-1984.617856,280,344.268195
-1276.113521,119,344.456918
-1849.091419,296,344.807055
-3251.313053,472,345.312219
-2048.054097,347,345.708835
-2162.049791,349,346.103581
-2668.248033,464,346.593717
-2757.504688,665,347.259012
-1839.525528,289,347.600798
-1372.971564,152,347.818375
-3047.403871,573,348.414877
-2279.476798,322,348.780681
-1185.227194,102,348.958618
-2804.813621,877,350.182967
-1400.450865,136,350.384899
-2075.359002,310,350.745749
-2335.456687,350,351.145418
-2679.711125,439,351.614291
-3627.189582,620,352.239979
-1303.262277,138,352.44523
-1799.33933,241,352.749424
-1862.052994,349,353.142439
-3284.70017,599,353.755346
-2642.490349,580,354.354994
-2261.050857,341,354.741132
-1937.019193,282,355.077105
-2872.761674,539,355.63871
-2350.946672,362,356.049702
-3540.374432,924,356.95584
-3343.530832,957,357.878029
-2519.723186,326,358.254642
-2155.037466,342,358.64749
-2035.889541,299,359.000919
-1858.983157,291,359.339585
-2218.429756,282,359.674109
-1765.895591,294,360.021741
-1771.759161,269,360.342597
-1494.496618,191,360.601061
-2635.068748,509,361.137408
-2417.410139,366,361.541824
-1576.988137,188,361.793726
-1876.994664,281,362.126707
-2867.540926,476,362.635915
-3548.475905,765,363.394629
-1307.764714,136,363.601993
-1281.029161,123,363.796301
-1491.944894,203,364.068065
-1629.4787,274,364.406118
-3347.425633,621,365.043804
-3195.31365,687,365.725209
-1815.009116,288,366.067667
-2117.700165,343,366.458586
-2047.756482,285,366.800336
-1780.395558,251,367.117456
-2247.092301,391,367.559562
-2254.159432,293,367.913115
-1922.681948,350,368.307983
-1509.766385,216,368.941654
-1877.975058,284,369.279632
-1379.404902,145,369.495943
-2398.578995,347,369.894796
-1376.366997,125,370.08661
-1464.784205,150,370.299375
-2131.859968,634,370.968485
-2437.910925,958,371.882361
-3112.834978,1217,373.036074
-2529.935878,468,373.551106
-1306.814408,147,373.765282
-2604.124386,302,374.1229
-2308.42983,334,374.507504
-1826.587906,241,374.807448
-2720.531932,481,375.330146
-1957.557325,295,375.670129
-1743.014161,321,376.039234
-1998.468347,331,376.422079
-2422.62594,407,376.877142
-1888.700802,238,377.172275
-1250.506889,136,377.375366
-2247.85991,505,377.918548
-1709.458195,212,378.199433
-2927.389309,528,378.748037
-2288.948876,327,379.129033
-2754.072807,418,379.589747
-1969.674835,346,379.98362
-2052.47158,250,380.293766
-2235.638244,669,380.980726
-1423.861819,143,381.188753
-2572.620983,426,381.660311
-2842.962316,357,382.063461
-2694.835232,329,382.444848
-2383.366529,286,382.785079
-2148.073228,290,383.134791
-3557.455394,701,383.847552
-2306.20246,343,384.239488
-2550.492689,298,384.583558
-1909.145902,302,384.936382
-2602.830998,371,385.361044
-2217.370117,296,385.715858
-1315.232426,155,385.939961
-2164.155893,295,386.285686
-2364.589183,407,386.736362
-2164.98116,287,387.071455
-1331.299936,138,387.619074
-2853.195764,732,388.336923
-1283.444435,115,388.521587
-2456.310594,299,388.867401
-2302.002646,370,389.280233
-1844.749128,315,389.649441
-2096.612693,305,390.018222
-2372.586674,290,390.373453
-2595.420414,383,390.803703
-2675.559196,474,391.306661
-2371.998741,360,391.716534
-2367.666522,539,392.282606
-2073.657852,311,392.645587
-2671.666398,510,393.195495
-2766.827878,464,393.696113
-1345.900514,148,393.916098
-2162.659804,241,394.227849
-2320.527608,341,394.625449
-1238.618847,113,394.813671
-1304.602078,161,395.041553
-1777.19834,351,395.442647
-3052.634982,531,396.004272
-2045.510902,250,396.304855
-2322.008806,399,396.745427
-2635.670621,313,397.104042
-3816.677582,715,397.806519
-3124.991674,556,398.366691
-1515.369412,193,398.623096
-2401.117163,544,399.191391
-2448.343614,512,399.733891
-1450.675703,160,399.958019
-2509.551356,317,400.323919
-2516.317097,556,400.915825
-1290.185757,134,401.115844
-3467.411255,546,401.676239
-2761.709367,486,402.204011
-2600.879567,665,402.889143
-2140.457034,320,403.264731
-2215.406436,356,403.671021
-2450.443402,436,404.141259
-1202.896126,128,404.338957
-1213.273852,112,404.525487
-2162.407005,336,404.916326
-1303.590156,133,405.116227
-2444.949177,301,405.468254
-1892.734465,298,405.819241
-3641.691896,571,406.755546
-2782.735138,535,407.328373
-1790.458772,305,407.68436
-2545.714249,325,408.062661
-2096.608717,362,408.47239
-2063.151361,278,408.802923
-3332.072948,581,409.397125
-1731.603836,312,409.766544
-2062.589133,331,410.145134
-1423.354153,143,410.35457
-1409.844197,185,410.614578
-2036.328978,303,410.972879
-2240.443845,386,411.410349
-2163.720415,708,412.122476
-2762.351083,601,412.749949
-1969.691633,307,413.118658
-2002.358066,291,413.459198
-1849.815658,346,413.863971
-1310.103663,148,414.081118
-2628.093349,595,414.717984
-2393.411454,301,415.073342
-1296.627746,1223,416.231329
-1593.824195,215,416.512225
-2066.910504,334,416.896297
-2234.996746,347,417.295591
-1308.164783,117,417.483015
-1925.70697,629,418.122423
-2425.061287,499,418.645374
-1511.885849,167,418.879971
-2282.831042,365,419.300091
-2312.407582,879,420.165883
-2620.051459,545,420.735054
-3396.456635,597,421.345057
-1237.841633,109,421.527454
-1849.252766,267,421.856818
-2687.301456,568,422.431624
-1335.073359,120,422.620284
-2073.14107,330,422.995363
-1743.703374,226,423.290218
-2392.694997,323,423.658916
-3346.318433,679,424.351137
-2128.569136,287,425.056142
-2284.084819,337,425.44218
-1979.202642,357,425.840451
-1295.621312,137,426.04326
-2178.579803,347,426.419549
-1791.443358,299,426.765424
-1841.034547,269,427.081189
-1950.019463,360,427.484692
-2161.22763,358,427.880567
-1317.0019,171,428.113266
-2106.437814,405,428.551467
-3721.124971,824,429.336289
-1887.425065,354,429.723101
-1960.497893,319,430.077472
-2723.589951,508,430.602678
-1432.38899,147,430.812382
-2267.681519,406,431.258062
-2413.618554,349,431.660423
-2757.943409,489,432.17972
-1920.795921,272,432.506809
-2144.981722,1272,433.675154
-2584.196441,378,434.093758
-1784.800274,247,434.400121
-1370.004924,146,434.608601
-1331.755992,127,434.803335
-2309.357879,312,435.161259
-2710.410991,514,435.696779
-3473.438836,792,436.469834
-1733.823631,804,437.242153
-3149.477182,564,437.813782
-1870.017169,262,438.132274
-1450.706046,189,438.376803
-2175.265542,1539,439.756502
-2002.877292,319,440.118101
-1776.563724,299,440.460011
-1977.906715,353,440.853547
-1853.949433,301,441.19717
-1905.280055,295,441.537364
-2909.509901,504,442.0684
-2066.906294,371,442.854132
-2461.020002,438,443.326454
-2136.933556,300,443.675129
-2245.045363,423,444.13049
-2584.016285,463,444.625489
-1939.354622,242,444.928102
-2318.028462,307,445.285778
-2587.22216,570,445.871335
-715.661717,1795,447.501939
-1320.745616,143,447.712396
-2179.364626,292,448.065798
-2893.68274,435,448.533788
-2068.085879,788,449.29855
-2151.614426,442,449.783765
-2105.772817,320,450.155588
-2185.02994,365,450.563928
-1382.250637,156,450.786155
-2747.311942,565,451.369214
-2990.749932,526,451.918979
-2654.31024,512,452.454475
-1827.490368,266,452.78083
-2144.144328,311,453.148481
-2099.671303,281,453.482466
-2186.494805,344,453.873675
-2187.010221,371,454.290132
-2393.325126,414,454.750037
-2595.460019,411,455.197264
-1312.229872,133,455.402345
-1354.735326,152,455.618875
-2211.575573,635,456.263091
-1875.149299,295,456.604878
-2898.458476,678,457.29758
-3014.181244,410,457.745106
-2223.201707,308,458.101159
-3688.423574,650,458.755023
-1953.644067,290,459.097347
-3332.588701,701,459.807969
-2994.317952,434,460.268416
-2344.742929,1029,461.589568
-2977.818917,1425,462.911299
-2204.748006,464,463.402566
-2385.450517,376,463.815838
-2372.879774,480,464.331426
-1876.135537,336,464.709127
-2312.530265,318,465.080275
-1186.635015,1162,466.168358
-2143.805,326,466.539425
-2046.993651,323,466.90557
-2032.408713,384,467.327983
-2432.928223,583,467.922903
-2735.924556,1126,468.985569
-1244.239211,126,469.178264
-2319.637305,461,469.672556
-1762.911903,271,469.99657
-2216.73831,332,470.369913
-1545.150842,686,471.035822
-2199.168247,381,471.461384
-1013.166367,926,472.341879
-2903.543449,426,472.796474
-1277.927087,127,472.989481
-1575.986048,236,473.289016
939.267031,1971,475.053417
-2339.908468,323,475.422244
-1912.112244,335,475.798879
1109.35906,2552,478.413995
-3876.271042,868,479.255102
5854.678396,4484,483.135763
-2494.856155,537,483.696427
-1334.880741,878,484.535902
-2112.195991,418,484.990061
-1543.871841,1132,486.055943
-2314.820813,369,486.471717
-2172.028983,393,486.899755
-1357.853632,175,487.140391
-2448.217985,441,487.618826
-2870.428643,564,488.197897
-1172.920848,106,488.375636
-2210.219247,339,488.763365
-2489.893971,491,489.292861
-2376.611143,314,489.657527
-2291.972085,409,490.105821
6211.002171,4738,494.543746
-2087.77943,315,494.904072
-2476.944681,420,495.36874
-2212.691723,524,495.917887
-1628.413052,864,496.738901
-2134.985915,327,497.115303
-1295.500899,125,497.30565
-1792.278348,344,497.696341
-2763.433682,703,498.398941
-2018.037752,332,498.790349
-2446.72971,388,499.218974
-2097.843838,312,499.576978
-1768.121237,400,500.014405
-2306.907624,377,500.429603
-2266.832276,1118,501.474862
-3773.335089,559,502.044484
-1333.230134,160,502.267189
-1979.393753,366,502.674055
-1261.469853,122,502.865795
-2204.451443,318,503.229548
-2060.30365,372,503.638045
-1528.224658,1339,504.875513
-2022.020458,363,505.288572
-2124.614173,422,505.750293
-2118.308111,495,506.267894
-2294.236631,367,506.678595
-2350.19785,378,507.101302
-2106.572539,384,507.518817
-1860.54591,578,508.105427
-1638.193802,786,508.865882
-2520.134625,586,509.462872
-2282.457568,420,509.911938
-3357.380347,946,511.182143
-2123.951931,589,511.784131
-1970.066574,376,512.210394
-2175.250394,455,512.700821
-2316.683602,458,513.19573
33.62425,1973,514.952193
-2042.527549,420,515.405071
-2044.614118,310,515.766779
-1445.186589,1270,516.947724
-2079.600554,496,517.473226
-2164.642567,411,517.92965
-1945.054534,289,518.264955
-421.881681,1650,519.786737
-2581.543262,419,520.242301
-2623.368137,386,520.671311
-1964.922836,581,521.258891
-2642.020246,676,521.946373
-810.674169,965,522.865009
-2804.414911,531,523.417394
-1831.326107,704,524.107844
-2168.739429,315,524.470109
-720.143065,2102,526.353114
-2732.060518,569,526.943475
-1985.618554,356,527.70277
-2282.068054,853,528.531633
-2034.814793,321,528.900559
-2993.114745,558,529.471277
-2739.207677,409,529.922912
-718.388936,1426,531.244703
-2632.056224,445,531.723666
3914.402715,3592,534.921087
-2235.298049,394,535.358277
-2468.224622,494,535.885822
424.886867,1771,537.46922
-2594.255623,444,537.948629
-2009.467789,346,538.332711
-1374.515111,122,538.51842
-2716.595296,546,539.093876
-1215.593649,121,539.286
-1837.416928,319,539.655069
1460.301171,1968,541.423703
-2109.897828,416,541.8806
706.375775,2378,544.390807
-2172.407785,487,544.914152
333.025426,1739,546.496794
-354.393417,1324,547.731464
-2003.820297,590,548.327033
-431.331339,1009,549.287102
-2655.029235,590,549.89906
-1853.132078,573,550.489754
560.567366,1851,552.15768
-2516.960996,494,552.690065
-2511.996568,598,553.306725
-1791.405867,677,553.984813
-2538.934181,406,554.433422
-85.588289,1475,555.799798
-2239.691404,379,556.22211
538.941958,2157,558.186952
-2461.052162,325,558.562437
-2160.853088,412,559.014435
-2588.644141,685,560.051689
-1301.182769,989,560.998363
-1395.298557,991,561.939297
-1171.019168,1613,563.439663
-2143.938731,598,564.056724
1279.976271,1922,565.79824
-1856.457578,524,566.340084
-759.022528,1127,567.404946
-987.383785,1133,568.460416
-2062.416663,1038,569.441783
-2096.901787,464,569.934021
-2948.958418,482,570.443766
-2112.525693,369,570.843649
-2640.137378,479,571.350232
-1820.493466,305,571.697392
-983.816621,2398,573.854075
5738.220435,4465,578.11282
-2246.899258,304,578.468178
-2644.671464,433,578.940974
-2540.005811,373,579.354252
8026.791672,5001,583.730268
-1715.432722,478,584.238993
-1967.732874,620,584.863923
-2483.993306,860,585.721637
-2086.312529,494,586.237487
-1399.70528,559,586.811875
-1904.638652,300,587.168883
-1470.426521,452,587.656574
486.92311,2175,589.647352
-2166.906694,577,590.233652
-2603.62119,597,590.839916
4894.876258,5001,595.590229
-2055.537904,463,596.082944
3024.81332,3751,599.406641
6003.359942,5001,603.803128
6856.874693,5001,608.526057
-2695.996903,1287,609.734951
-2274.458123,453,610.214888
-1441.623664,937,611.118303
-3073.607079,692,611.819134
-1820.956399,309,612.177002
7256.521379,5001,616.588706
-2254.63869,763,617.357919
-2130.142281,315,617.725578
5531.242726,5001,622.469586
-2278.240713,544,623.036708
5752.118374,5001,627.384301
-2601.614902,408,627.826922
-3006.605128,489,628.339208
-1893.045818,596,628.957929
3890.004813,5001,633.331563
-2438.943468,376,633.743637
-2521.795568,627,634.381686
-1377.410262,131,634.57912
-2923.045404,738,635.30839
-2263.067831,458,635.793908
-877.362958,1617,637.63199
-3076.969259,421,638.082559
2603.785778,4103,641.664384
5161.971706,5001,646.01728
4832.071613,5001,650.38871
-2732.383825,519,650.931967
-3277.091009,423,651.386524
4993.83521,5001,656.079485
-1322.709383,1167,657.173462
-1961.725552,687,657.861257
4270.605539,5001,662.287911
-2025.294976,497,662.81213
3776.559879,5001,667.534168
-3316.412902,493,668.055532
-2162.089649,382,668.474259
-3348.735436,828,669.268826
-2226.603923,377,669.683429
-386.203267,860,670.528961
-2214.99906,677,671.180929
-1537.102156,632,671.80211
-3299.539493,487,672.308735
-1958.445768,268,672.626498
4279.929846,5001,676.989691
-3577.949846,449,677.46891
4687.911919,5001,681.805406
3504.248216,5001,686.513608
-1290.40211,539,687.07883
-2665.85806,391,687.508857
-2597.964,541,688.076999
-1926.40365,328,688.456879
3927.344246,5001,692.85241
-2476.136754,442,693.320416
-2527.251269,324,693.69088
4290.590365,5001,698.366998
3038.009416,5001,702.723191
2060.185838,5001,707.031806
-3129.868005,427,707.485173
1668.188291,5001,711.846882
-2203.701169,493,712.719415
-2085.178274,416,713.170066
-1865.671574,530,713.714218
-2624.014948,433,714.184399
-1911.971936,1340,715.436236
-1848.683243,291,715.774311
3726.989855,5001,720.096462
1761.439503,5001,724.440664
-1952.955701,325,724.808822
3606.145631,5001,729.481195
3337.082547,5001,733.857751
-2912.005385,383,734.276216
-2804.975252,495,734.787482
3731.486158,5001,739.146936
2048.957092,5001,743.911042
2632.495003,5001,748.301783
-2809.011246,658,748.96035
-3114.01652,443,749.429352
3520.728795,5001,753.736132
3284.574747,5001,758.440941
3212.894636,5001,762.82502
3209.500161,5001,767.166159
-1403.717092,822,767.958422
146.421444,3632,771.20401
515.09347,5001,775.940014
1299.853625,5001,780.313725
1631.641309,5001,784.696302
-3083.613746,660,785.361287
-2357.523003,551,785.926709
-3412.065056,785,787.028129
-1851.183411,392,787.452072
-2129.715381,682,788.136235
1862.414276,5001,792.550393
2771.561674,5001,796.85945
1503.719434,5001,801.256387
1245.477617,5001,806.009965
-1652.331848,643,806.647198
-1412.524799,622,807.264968
1916.810909,5001,811.674897
-2367.902184,990,812.636342
2337.673673,5001,817.327637
-2246.019901,733,818.04208
3351.237584,5001,822.372779
4248.497847,5001,826.6873
1036.157929,4679,830.771404
3482.633371,4633,835.182961
-1716.493845,561,835.760152
4022.220244,5001,840.131456
3262.239684,5001,844.474763
2971.897329,5001,849.169941
-2920.885367,538,849.717696
-2395.99432,758,850.454724
4076.718615,5001,854.780314
-1935.447542,440,855.248951
-946.176759,690,855.929935
4846.004574,5001,860.240014
-1880.482314,351,860.625055
-2180.790031,594,861.563898
4939.789372,5001,865.965729
-2596.117338,349,866.354223
-2019.643599,643,866.985708
3796.834333,5001,871.349673
-2179.048319,508,871.864107
4015.873318,5001,876.518102
-1750.462412,666,877.178727
1762.072133,5001,881.56448
3124.40225,5001,885.922471
4001.080224,5001,890.322379
-734.467079,2278,892.697473
212.750724,4763,896.876899
3203.706918,5001,901.221852
-3554.335598,735,901.930025
3128.139296,5001,906.648089
3272.221114,5001,911.02419
3422.043475,5001,915.354455
4309.705932,5001,919.668125
4093.392093,5001,924.361783
2595.262321,5001,928.758366
2618.410858,5001,933.073243
3361.692626,5001,937.758997
3593.540406,5001,942.128413
-2935.860358,645,942.771568
3292.624886,5001,947.109728
4284.152035,5001,951.836646
1388.226417,5001,956.195136
-2584.680744,558,956.758329
4652.145302,5001,961.07282
-2395.845477,753,961.813346
4826.402054,5001,966.487449
4166.466364,5001,970.819998
3004.57287,5001,975.113577
3889.653593,5001,979.808168
4877.099148,5001,984.129179
4279.204482,5001,988.459035
5617.849244,5001,992.750277
5174.935387,5001,997.425159
-2591.488017,312,997.784517
-2850.462151,713,998.472376
4238.808685,5001,1002.822619
-2566.811495,637,1003.452635
3740.290974,5001,1008.178172
-3032.069796,595,1008.772605
-3450.306793,598,1009.382988
5026.133699,5001,1013.758832
-2963.350891,425,1014.21016
-3590.173538,693,1014.884031
-2804.497074,506,1015.403803
-3486.503694,553,1015.962786
5116.107622,5001,1020.302531
-2533.444582,369,1020.703082
-3342.713882,829,1021.486861
4529.297352,5001,1026.153932
4982.821855,5001,1030.447348
-3022.4324,460,1030.922848
-2951.267366,522,1031.455212
5606.913374,5001,1035.779263
4330.788154,5001,1040.471289
4953.037794,5001,1044.821533
4124.097088,5001,1049.123034
4358.478798,5001,1053.784518
4460.621219,5001,1058.163409
4244.530572,5001,1062.465894
4486.108809,5001,1067.172904
3397.280201,5001,1071.486358
4480.290904,5001,1075.811117
5586.515447,5001,1080.142348
5480.291308,5001,1084.800899
-2642.505772,457,1085.276867
2380.6062,5001,1089.619968
4682.520889,5001,1093.957992
3982.152892,5001,1098.662773
5158.613994,5001,1103.004822
-2279.51629,1006,1103.94094
4061.254133,5001,1108.27263
4451.360361,5001,1112.921352
5526.070663,5001,1117.248913
3053.21762,5001,1121.560107
5680.796185,5001,1126.28928
5558.73922,5001,1130.639937
5337.037615,5001,1134.95048
5681.848416,5001,1139.272794
5111.790824,5001,1143.961148
4261.941177,5001,1148.252582
5028.708375,5001,1152.595872
5014.640921,5001,1157.353649
5354.372739,5001,1161.721641
4339.640099,5001,1166.022947
-2956.24695,427,1166.481448
4042.968152,5001,1171.214273
-2413.341897,744,1171.956194
4616.825839,5001,1176.303919
4558.595424,5001,1180.668448
3449.825629,5001,1185.357185
4822.014471,5001,1189.662407
3764.04713,5001,1193.973133
4994.554149,5001,1198.611847
4553.335271,5001,1202.917556
3090.702949,5001,1207.197953
4927.718001,5001,1211.5312
5677.774353,5001,1216.21067
5516.335863,5001,1220.472445
5635.688775,5001,1224.804348
5156.76349,5001,1229.530961
5343.260359,5001,1233.79581
5602.308399,5001,1238.074436
4670.498381,5001,1242.836956
5001.162717,5001,1247.132497
3777.685294,5001,1251.400902
4549.536872,5001,1255.657836
5399.691077,5001,1260.285291
4173.579625,5001,1264.576736
4712.521787,5001,1268.903112
-2279.544255,547,1269.464762
2904.16191,5001,1274.188782
4122.790608,5001,1278.553519
3889.915121,5001,1282.85059
3761.76358,5001,1287.516741
4201.525266,5001,1291.835596
5283.225535,5001,1296.164899
3919.094715,5001,1300.88261
3034.933649,5001,1305.159291
4695.91227,5001,1309.462897
4212.823992,5001,1313.807546
5478.523897,5001,1318.457726
3368.576762,5001,1322.786083
4612.623352,5001,1327.106595
5220.60062,5001,1331.780359
5220.173719,5001,1336.085261
6100.465181,5001,1340.365224
5593.085464,5001,1344.996483
3337.077816,5001,1349.306355
4680.781638,5001,1353.624051
4808.470256,5001,1358.258372
5101.392955,5001,1362.595424
5332.116534,5001,1366.933177
5320.300406,5001,1371.250853
4895.882389,5001,1375.91793
5150.469133,5001,1380.243699
3436.836006,5001,1384.584119
5305.652642,5001,1389.324533
4680.92573,5001,1393.677082
4169.181806,5001,1397.936629
5220.486739,5001,1402.626419
4661.31748,5001,1406.911847
4617.681073,5001,1411.164245
5148.744716,5001,1415.800761
5431.250346,5001,1420.102716
6009.731347,5001,1424.441735
5758.873563,5001,1428.68596
4485.226533,5001,1433.412832
5638.731993,5001,1437.722227
3763.921525,5001,1442.018209
5135.292544,5001,1446.666417
4207.077133,5001,1450.973649
4710.629957,5001,1455.290242
-1882.525493,522,1455.826048
5092.191848,5001,1460.538892
4851.953687,5001,1464.867117
5195.914884,5001,1469.196938
4808.773999,5001,1473.922029
5118.098336,5001,1478.228702
-1523.044738,707,1478.920566
5976.31879,5001,1483.217785
6051.839557,5001,1487.573072
5576.586695,5001,1492.263668
1920.308477,3817,1495.555068
5807.727362,5001,1499.905047
5558.803562,5001,1504.613649
5628.509106,5001,1508.910211
5209.367709,5001,1513.196027
5217.426847,5001,1517.865708
4518.676193,5001,1522.215387
4930.184778,5001,1526.610295
4886.187615,5001,1530.921366
4368.412846,5001,1535.655162
3797.767951,5001,1540.055721
4114.924755,5001,1544.452937
4560.811281,5001,1549.181025
4562.132961,5001,1553.56579
5643.665839,5001,1557.938332
5924.391986,5001,1562.629335
3073.374455,5001,1566.969208
4358.894309,5001,1571.31238
6132.768869,5001,1575.990574
4429.200902,5001,1580.372668
5348.763219,5001,1584.736648
5914.151952,5001,1589.054997
4879.472054,5001,1593.736355
5658.395031,5001,1598.074786
5832.903493,5001,1602.392228
6093.982338,5001,1607.1136
3795.151906,5001,1611.442294
5047.107925,5001,1615.785461
6278.645497,5001,1620.515621
5290.99319,5001,1624.878226
5790.267447,5001,1629.254101
6600.160393,5001,1633.610074
4813.310616,5001,1638.351004
5176.914771,5001,1642.744005
5862.58965,5001,1647.12251
5560.490921,5001,1651.841246
4796.794756,5001,1656.15201
5294.429761,5001,1660.449739
3321.474211,5001,1665.091072
3307.717642,5001,1669.436337
3862.16892,5001,1673.76681
5566.647398,5001,1678.468746
6072.06756,5001,1682.8301
5646.371344,5001,1687.169146
5272.48668,5001,1691.492936
4151.151966,5001,1696.16534
5382.022079,5001,1700.548809
4957.142964,5001,1704.886166
4912.725114,5001,1709.575518
4980.852985,5001,1713.919252
5781.257097,5001,1718.272687
5139.570311,5001,1722.982655
6443.150367,5001,1727.317941
5313.154213,5001,1731.59463
6153.207017,5001,1735.919505
7021.675835,5001,1740.597567
5513.776133,5001,1744.906866
5901.141778,5001,1749.227355
5678.236978,5001,1753.912165
6455.155963,5001,1758.258969
4859.995413,5001,1762.560607
6889.939893,5001,1767.220105
6647.101158,5001,1771.531484
5741.17214,5001,1775.837417
5333.756702,5001,1780.525103
6285.695466,5001,1784.84873
6223.495338,5001,1789.162667
5628.648147,5001,1793.479924
5765.944785,5001,1798.088333
5673.103624,5001,1802.428249
5614.037205,5001,1806.722615
5760.733453,5001,1811.365409
5841.648949,5001,1815.675857
6723.683363,5001,1819.95333
6971.616478,5001,1824.609462
5996.309746,5001,1828.897864
4957.883548,5001,1833.168623
-1462.680054,571,1833.727312
6056.977248,5001,1838.409767
5011.104844,5001,1842.765151
6270.770954,5001,1847.148427
4353.386549,5001,1851.475248
4701.950288,5001,1856.153939
5762.878625,5001,1860.496571
5181.334103,5001,1864.862568
6117.452298,5001,1869.545303
6064.273751,5001,1873.873855
5547.106641,5001,1878.178066
6265.929412,5001,1882.88823
5589.853577,5001,1887.249782
5501.634456,5001,1891.595062
5706.372384,5001,1896.286145
5399.500214,5001,1900.647141
6321.056836,5001,1904.974287
6268.874385,5001,1909.334498
5685.617556,5001,1914.037407
5247.818626,5001,1918.372696
4297.019334,5001,1922.705252
5558.488103,5001,1927.401785
5947.111916,5001,1931.752003
5581.955277,5001,1936.028885
5012.674766,5001,1940.713195
5922.987611,5001,1945.078171
6442.42455,5001,1949.404057
5904.499274,5001,1953.742177
5986.264148,5001,1958.379714
6279.88061,5001,1962.702052
6138.838467,5001,1967.006674
6289.457685,5001,1971.661718
6107.224648,5001,1975.983088
6342.229517,5001,1980.308586
5805.846468,5001,1985.01335
6050.045471,5001,1989.362578
5960.903307,5001,1993.714132
5993.472536,5001,1998.398039
5661.513879,5001,2002.723525
6212.388768,5001,2007.08093
6285.82489,5001,2011.439471
4793.468729,5001,2016.172598
5930.670445,5001,2020.57297
6691.191258,5001,2024.918907
6282.602279,5001,2029.636316
6618.810637,5001,2033.991503
6306.506413,5001,2038.332334
5200.426703,5001,2043.056675
5153.727696,5001,2047.405148
5998.140226,5001,2051.782374
6197.332746,5001,2056.491171
6306.145771,5001,2060.854819
6673.72092,5001,2065.198991
6546.109092,5001,2069.531033
5668.075777,5001,2074.251939
6699.900891,5001,2078.615041
6058.877456,5001,2083.026235
6419.283605,5001,2087.741528
6518.458908,5001,2092.071718
6472.234511,5001,2096.44808
5660.685345,5001,2101.186935
5055.823768,5001,2105.507838
6308.387056,5001,2109.858302
5396.092391,5001,2114.238657
5529.938832,5001,2118.983894
3090.826839,5001,2123.392814
5934.177473,5001,2127.764517
5184.661201,5001,2132.498677
5141.361797,5001,2136.845088
5526.122415,5001,2141.199776
4855.442036,5001,2145.942913
5904.714251,5001,2150.311015
5946.479653,5001,2154.708331
5780.238426,5001,2159.456831
5501.170527,5001,2163.822917
6053.122715,5001,2168.198475
5298.445175,5001,2172.564542
5123.284369,5001,2177.28905
5867.991856,5001,2181.657488
5642.523903,5001,2186.020901
5684.754545,5001,2190.751174
5472.555562,5001,2195.132836
5483.601911,5001,2199.488964
5347.525321,5001,2204.188221
6294.426126,5001,2208.525911
6161.177522,5001,2212.866878
5786.25308,5001,2217.214461
6337.914852,5001,2221.940297
6657.743088,5001,2226.32842
5464.036116,5001,2230.644398
6189.469213,5001,2235.313649
-1159.732633,981,2236.218695
5649.986103,5001,2240.54337
6217.562139,5001,2244.878783
6103.077066,5001,2249.539293
6480.921594,5001,2253.881917
6672.019114,5001,2258.190051
6373.656945,5001,2262.84317
5042.71072,5001,2267.152745
6004.45401,5001,2271.487307
6221.76046,5001,2276.170696
6414.575623,5001,2280.508799
6371.782085,5001,2284.829692
6815.172583,5001,2289.175596
4230.743105,5001,2293.879075
6897.043534,5001,2298.206077
6399.170632,5001,2302.522722
5688.811977,5001,2307.221594
6380.071877,5001,2311.604482
6508.284227,5001,2315.990581
6465.064012,5001,2320.751846
6558.577099,5001,2325.063029
7016.557617,5001,2329.426526
5318.30322,5001,2333.813661
6478.385974,5001,2338.526551
6189.721851,5001,2342.853627
6372.744383,5001,2347.220639
6883.562395,5001,2351.912135
7138.217034,5001,2356.29793
7066.518906,5001,2360.656473
6471.662165,5001,2365.401909
6435.743564,5001,2369.769645
6766.228586,5001,2374.163348
6319.278109,5001,2378.900603
6365.003944,5001,2383.281444
6575.451475,5001,2387.679047
6047.926643,5001,2392.068002
6471.988418,5001,2396.801952
6751.353291,5001,2401.194687
6245.713421,5001,2405.579986
6942.665167,5001,2410.291008
6983.032785,5001,2414.652339
7042.870129,5001,2419.03731
5935.714307,5001,2423.768889
6255.459642,5001,2428.125216
6245.235942,5001,2432.479341
6381.414597,5001,2437.188956
6982.528374,5001,2441.431576
6557.252336,5001,2445.673871
6760.08392,5001,2449.885562
6478.742629,5001,2454.521662
6664.530737,5001,2458.800748
6100.947491,5001,2463.130742
6709.014255,5001,2467.830471
5224.595821,5001,2472.225614
6330.971235,5001,2476.575747
6413.17247,5001,2481.309999
6077.168649,5001,2485.643338
6640.48595,5001,2489.98836
6529.751335,5001,2494.310158
6885.30606,5001,2499.04846
7252.724164,5001,2503.385176
6948.470597,5001,2507.718973
6665.218967,5001,2512.448557
6815.893181,5001,2516.799156
6631.322645,5001,2521.171045
6340.065916,5001,2525.896936
6907.081121,5001,2530.242053
7017.205127,5001,2534.561576
7463.199852,5001,2539.231188
7229.966829,5001,2543.597043
7215.456705,5001,2547.947139
7203.548557,5001,2552.319156
6929.338181,5001,2557.008785
7223.079595,5001,2561.369435
7584.000467,5001,2565.724586
6905.329556,5001,2570.426464
7578.584701,5001,2574.784373
4630.856824,5001,2579.162557
7168.024977,5001,2583.853897
7327.887028,5001,2588.183627
7396.663841,5001,2592.51772
7376.83612,5001,2597.218908
7553.153192,5001,2601.566786
7350.932272,5001,2605.934553
6922.244076,5001,2610.295874
7576.480485,5001,2615.017959
6882.670404,5001,2619.407504
7340.080329,5001,2623.766784
7354.169977,5001,2628.475731
6919.150878,5001,2632.850417
7172.195401,5001,2637.222435
6998.651675,5001,2641.931392
7030.658329,5001,2646.241717
6924.189364,5001,2650.557836
7178.058577,5001,2654.885704
7452.735138,5001,2659.591533
6869.670248,5001,2663.893411
7298.315485,5001,2668.184726
7589.990624,5001,2672.847327
6050.628048,5001,2677.212613
7458.322904,5001,2681.494916
7483.61494,5001,2686.133672
6842.192985,5001,2690.485642
7417.179466,5001,2694.781385
7505.34952,5001,2699.484506
7145.337764,5001,2703.776193
7480.286536,5001,2708.08056
7411.853108,5001,2712.395215
6077.788894,5001,2717.032615
7357.377308,5001,2721.305762
7505.894585,5001,2725.553992
7804.920551,5001,2730.25051
7986.077396,5001,2734.600584
4043.14215,5001,2738.969234
7695.615329,5001,2743.662605
7689.929709,5001,2747.985624
7263.007913,5001,2752.270656
7735.704437,5001,2756.588574
7594.182902,5001,2761.225099
7844.591694,5001,2765.513511
7813.759067,5001,2769.82937
8025.108172,5001,2774.50126
7885.706976,5001,2778.832424
8005.767549,5001,2783.137759
7993.900064,5001,2787.783869
8055.000106,5001,2792.096829
7780.055276,5001,2796.407048
8136.076884,5001,2801.070782
8480.795361,5001,2805.426253
8035.450638,5001,2809.737168
8101.630997,5001,2814.054844
7857.35926,5001,2818.708651
7834.285848,5001,2823.037772
8664.532901,5001,2827.410298
7263.002664,5001,2832.115844
7968.440386,5001,2836.407196
8117.436522,5001,2840.677117
6165.79851,5001,2845.297693
8301.991273,5001,2849.655926
8027.179938,5001,2853.955421
7096.202389,5001,2858.589667
8536.123904,5001,2862.898562
8310.35131,5001,2867.185846
9064.271466,5001,2871.489497
8449.835173,5001,2876.141319
8625.12222,5001,2880.456496
8722.948032,5001,2884.758041
8867.720476,5001,2889.380438
8678.912861,5001,2893.682683
8195.966857,5001,2897.92724
8794.394212,5001,2902.530321
8903.312493,5001,2906.816953
9411.745306,5001,2911.115952
8767.916711,5001,2915.398513
4396.161711,5001,2920.107641
9342.303434,5001,2924.436229
8753.073219,5001,2928.750416
9588.20399,5001,2933.377686
9330.043046,5001,2937.724532
9476.54024,5001,2942.007611
9496.133822,5001,2946.642055
8649.962308,5001,2950.872424
9404.035232,5001,2955.091345
9744.938188,5001,2959.736839
8814.939469,5001,2964.004902
5096.12376,5001,2968.29683
7581.12572,5001,2972.619141
9946.472397,5001,2977.30597
9727.701649,5001,2981.591114
9705.774785,5001,2985.90982
9677.972843,5001,2990.51706
9884.691134,5001,2994.753062
9845.093573,5001,2999.029749
10226.564728,5001,3003.692721
9487.22626,5001,3007.993104
-1405.252968,2460,3010.199029
9740.194239,5001,3014.488884
9121.171442,5001,3019.101591
8893.037947,5001,3023.347883
10508.477385,5001,3027.642308
10088.667772,5001,3032.223608
9836.13208,5001,3036.527042
8074.051003,5001,3040.80534
9771.083087,5001,3045.090008
10249.092345,5001,3049.790315
10191.041301,5001,3054.091601
9796.971145,5001,3058.403477
10296.415675,5001,3063.048534
8104.266781,5001,3067.392644
10344.36434,5001,3071.70593
10093.786211,5001,3076.368801
9800.89742,5001,3080.679635
9801.193068,5001,3084.968475
10405.332203,5001,3089.632156
9047.573372,5001,3093.904547
10383.772838,5001,3098.183606
9684.664214,5001,3102.41193
9204.740766,5001,3107.022623
10186.81657,5001,3111.290255
9896.590083,5001,3115.533529
10510.853356,5001,3120.16505
11124.00084,5001,3124.374424
10404.296063,5001,3128.580569
9870.128231,5001,3133.141356
10978.888606,5001,3137.394032
9221.421861,5001,3141.778925
9169.774447,5001,3146.413065
10044.009061,5001,3150.750476
10195.33558,5001,3155.061204
9316.23864,5001,3159.358021
10987.339565,5001,3164.071453
10773.041181,5001,3168.400575
8762.280656,5001,3172.695557
10754.102729,5001,3177.303975
11151.667448,5001,3181.570266
10722.318513,5001,3185.835146
11141.710878,5001,3190.465333
11296.803545,5001,3194.7534
11368.777569,5001,3198.962924
11520.301663,5001,3203.204801
11743.882383,5001,3207.810408
9960.359805,5001,3212.100407
11297.034432,5001,3216.40153
11369.669245,5001,3220.995665
11246.360241,5001,3225.255987
11740.427525,5001,3229.539552
10737.899895,5001,3234.142555
11524.514938,5001,3238.434631
11534.683032,5001,3242.725951
11573.61126,5001,3247.365858
12067.047393,5001,3251.677636
11088.699012,5001,3255.963168
11543.532341,5001,3260.266724
11977.828403,5001,3264.937448
11923.24021,5001,3269.261457
11133.138985,5001,3273.585569
11695.941775,5001,3278.228761
11340.086619,5001,3282.502942
11385.751739,5001,3286.822875
11622.843404,5001,3291.479837
12002.929434,5001,3295.712232
11981.995121,5001,3300.023839
11295.828565,5001,3304.333204
11823.648852,5001,3309.020668
12201.113568,5001,3313.317573
12025.477655,5001,3317.629037
11604.617842,5001,3322.299966
10235.153088,5001,3326.603147
11626.592969,5001,3330.894596
11844.643601,5001,3335.53523
11910.247434,5001,3339.812723
12441.006344,5001,3344.094629
12388.848393,5001,3348.754365
12271.750978,5001,3353.015593
12153.34777,5001,3357.287429
11365.509887,5001,3361.58358
12298.170402,5001,3366.244375
11797.370281,5001,3370.552274
11699.611836,5001,3374.847997
12543.872975,5001,3379.470425
12775.745416,5001,3383.75748
12120.268414,5001,3388.031398
12364.909081,5001,3392.669457
12073.71264,5001,3396.973245
12462.145648,5001,3401.290623
12455.813942,5001,3406.016966
12315.450438,5001,3410.332299
11545.531727,5001,3414.677377
12258.395333,5001,3418.975705
11840.195404,5001,3423.639297
13119.137218,5001,3427.958179
11836.094151,5001,3432.302056
12010.849317,5001,3436.909033
12489.501293,5001,3441.199672
12250.160876,5001,3445.489791
11324.235823,5001,3450.102495
12903.33059,5001,3454.334478
11661.409495,5001,3458.596886
10983.397557,5001,3462.888097
12089.879038,5001,3467.558067
13382.117705,5001,3471.878227
12287.105089,5001,3476.181427
13152.601929,5001,3480.84169
12468.74646,5001,3485.165411
11739.352573,5001,3489.411805
13513.16695,5001,3494.063464
13149.985913,5001,3498.375381
12387.131888,5001,3502.686688
13329.4986,5001,3507.319313
12934.557174,5001,3511.594704
13165.720602,5001,3515.87951
13667.080227,5001,3520.178357
13151.839353,5001,3524.833657
13106.074268,5001,3529.096659
13676.193387,5001,3533.386089
13455.946636,5001,3538.042917
13817.721325,5001,3542.313596
13708.131094,5001,3546.561737
13297.905345,5001,3551.139519
13506.326029,5001,3555.419729
13642.635785,5001,3559.697336
13188.990221,5001,3563.895102
13190.202741,5001,3568.493903
13579.194487,5001,3572.800068
13658.111606,5001,3577.053845
12811.146322,5001,3581.665019
12931.588365,5001,3585.909518
12551.112956,5001,3590.115774
13504.020523,5001,3594.684764
13442.494902,5001,3598.937753
13608.865725,5001,3603.217834
12287.844585,5001,3607.840144
13544.302311,5001,3612.067293
13238.194322,5001,3616.309836
13115.817549,5001,3620.642991
12192.860098,5001,3625.235913
13208.426015,5001,3629.475141
13083.957145,5001,3633.731472
12877.188851,5001,3638.354052
13144.614694,5001,3642.585554
12548.158402,5001,3646.888959
12642.545051,5001,3651.550344
12947.094052,5001,3655.828515
12869.074572,5001,3660.103131
13081.889951,5001,3664.761529
13173.655597,5001,3669.042145
12368.241183,5001,3673.276719
11858.362092,5001,3677.511382
12823.42975,5001,3682.110287
12713.512695,5001,3686.418939
13416.646745,5001,3690.693678
12177.778296,5001,3695.311828
13528.194323,5001,3699.610024
12883.994162,5001,3703.853912
12390.04193,5001,3708.470829
12841.701509,5001,3712.722908
12700.129471,5001,3717.015388
12896.011953,5001,3721.306787
12977.922791,5001,3725.922329
12608.816383,5001,3730.157726
12559.264107,5001,3734.393337
12766.781243,5001,3739.036757
12701.526138,5001,3743.347062
11761.945835,5001,3747.608486
11187.770293,5001,3752.259141
12824.421228,5001,3756.55738
12511.396449,5001,3760.869834
13002.345075,5001,3765.502049
11504.119233,5001,3769.815831
11966.398933,5001,3774.100791
12441.675568,5001,3778.409573
12000.656433,5001,3783.083881
11719.511518,5001,3787.392238
12520.752788,5001,3791.735224
12382.033821,5001,3796.433508
13307.380218,5001,3800.749752
12915.659272,5001,3805.075763
12858.656879,5001,3809.737728
12441.671859,5001,3813.986499
13005.189636,5001,3818.254153
12964.577802,5001,3822.866489
12635.676685,5001,3827.178132
12706.933265,5001,3831.507281
12410.494826,5001,3835.815357
12957.966942,5001,3840.509255
12532.632456,5001,3844.818736
10392.190765,5001,3849.061849
13210.905187,5001,3853.770558
13008.17038,5001,3858.039
13790.706654,5001,3862.322838
12860.210311,5001,3866.951628
12788.184644,5001,3871.221352
13056.544586,5001,3875.496457
12544.578066,5001,3879.76876
13776.905614,5001,3884.447181
13313.181433,5001,3888.760755
13754.967132,5001,3893.075899
11106.354,5001,3897.738761
13488.781455,5001,3902.078018
12264.873049,5001,3906.389942
12775.686209,5001,3911.076531
12993.670923,5001,3915.397202
13747.405645,5001,3919.703517
13619.08278,5001,3924.375145
13869.623185,5001,3928.661236
13830.554453,5001,3932.943903
13721.439912,5001,3937.266608
13349.395927,5001,3941.873168
13608.590903,5001,3946.141997
12714.217195,5001,3950.424321
13300.263047,5001,3955.065581
13505.896499,5001,3959.383952
13904.843153,5001,3963.682371
13933.165963,5001,3968.343271
13592.316812,5001,3972.633038
13624.265578,5001,3976.923816
13846.161464,5001,3981.237979
14438.961319,5001,3985.884595
13921.339188,5001,3990.171328
13944.14256,5001,3994.478424
14092.184201,5001,3999.128563
13965.863542,5001,4003.430794
13392.007731,5001,4007.732727
14162.599126,5001,4012.373508
11567.158806,5001,4016.670657
14324.682959,5001,4020.970654
14160.91298,5001,4025.624029
14659.531694,5001,4029.943088
14791.835949,5001,4034.221245
14441.602311,5001,4038.498105
14095.037286,5001,4043.157902
12947.128846,5001,4047.435493
14443.744482,5001,4051.716711
13542.274616,5001,4056.367259
14701.874293,5001,4060.699105
14735.87967,5001,4064.949534
14366.416801,5001,4069.58718
14078.648195,5001,4073.848248
14284.810727,5001,4078.115757
15023.259771,5001,4082.73878
14694.242095,5001,4087.007855
14888.357354,5001,4091.323378
14728.051869,5001,4095.646141
14929.488844,5001,4100.308837
14937.809843,5001,4104.603755
14627.677867,5001,4108.887923
14593.643785,5001,4113.50552
14881.931491,5001,4117.758684
14523.140838,5001,4122.072488
13926.298632,5001,4126.733423
13659.293759,5001,4131.032553
14679.370968,5001,4135.404749
14759.039531,5001,4139.741427
14143.809421,5001,4144.410822
13382.185284,5001,4148.771177
15064.775578,5001,4153.132939
14509.019275,5001,4157.838684
15326.40123,5001,4162.181741
14871.773839,5001,4166.464134
14270.951375,5001,4171.10888
14984.832455,5001,4175.44624
14173.916558,5001,4179.748322
15263.581536,5001,4184.435983
14233.015248,5001,4188.765421
15580.414849,5001,4193.095645
16064.513288,5001,4197.45209
14876.215026,5001,4202.136013
15513.159451,5001,4206.406064
15427.726488,5001,4210.752307
15297.704093,5001,4215.487694
16051.756949,5001,4219.8354
15572.887106,5001,4224.201635
15437.04764,5001,4228.882221
15377.93843,5001,4233.237128
15344.550075,5001,4237.571358
15816.934784,5001,4242.325296
15427.112391,5001,4246.670037
15887.08599,5001,4251.020637
15983.752473,5001,4255.315226
15723.62266,5001,4259.961343
13083.927329,4682,4263.979361
16500.641213,5001,4268.281916
16189.107692,5001,4272.948336
15769.669344,5001,4277.233867
14692.417718,5001,4281.543285
15117.316442,5001,4286.191169
16312.133217,5001,4290.516818
13758.90052,5001,4294.824376
15577.783784,5001,4299.155371
16565.818749,5001,4303.856655
15920.233483,5001,4308.184187
15590.64618,5001,4312.572168
15720.339294,5001,4317.297266
16299.260218,5001,4321.686892
14862.204269,5001,4326.04852
16611.244713,5001,4330.690774
15381.613995,5001,4335.078958
13435.070809,5001,4339.383522
16262.911228,5001,4344.117416
15300.683287,5001,4348.447963
16275.022214,5001,4352.718654
13490.542768,5001,4356.940551
16476.700236,5001,4361.574456
15579.413914,5001,4365.877815
16521.417378,5001,4370.22788
16445.015723,5001,4374.890359
15184.041613,5001,4379.198214
16217.921417,5001,4383.540173
15841.899244,5001,4388.211566
16074.90641,5001,4392.520111
15059.770443,5001,4396.805181
14662.936971,5001,4401.127582
16028.526076,5001,4405.803194
15894.927084,5001,4410.084996
16030.018377,5001,4414.406883
15639.906903,5001,4419.053473
16290.356076,5001,4423.370145
15248.171816,5001,4427.640209
15647.609258,5001,4432.262507
16425.46076,5001,4436.592566
14738.730172,5001,4440.909939
15769.298568,5001,4445.568503
16065.032853,5001,4449.872334
15157.562789,5001,4454.144794
16029.054562,5001,4458.456136
16037.663637,5001,4463.096036
16285.709406,5001,4467.358344
14187.908977,5001,4471.641729
15835.565714,5001,4476.272852
16129.573422,5001,4480.602003
16553.26635,5001,4484.927161
16318.117217,5001,4489.584107
16675.043525,5001,4493.912255
16764.673121,5001,4498.224745
16732.06392,5001,4502.533265
15785.446843,5001,4507.211023
15207.191136,5001,4511.528309
14219.947439,5001,4515.827422
16681.005909,5001,4520.488292
16820.731446,5001,4524.784003
16292.579207,5001,4529.044918
17092.123516,5001,4533.684267
16012.245734,5001,4537.971612
16775.272735,5001,4542.212532
15372.829638,5001,4546.846409
16709.280018,5001,4551.092991
16449.029173,5001,4555.343566
16410.208135,5001,4559.601773
