#{"t_start": 1699557649.5839655, "env_id": "modulating_slopeEnv"}
r,l,t
-1509.473087,311,0.98003
-627.81248,272,1.456182
-1202.557583,279,1.94455
-1333.704124,316,2.486098
-919.493894,342,3.058954
-2379.717674,357,3.640029
-829.541569,418,4.328639
-774.847133,411,4.985998
-1825.367381,295,5.47859
-885.892974,342,6.025397
-1783.348564,392,6.642621
-1498.218787,281,7.137019
-1539.662933,292,7.643905
-1399.382782,262,8.106694
-1382.865588,365,8.696614
-1393.267329,289,9.178729
-1220.428551,276,9.646754
-1370.525183,326,10.183056
-1213.360738,269,10.654278
-2277.796638,387,11.280786
-1163.269029,224,11.719112
-1530.675546,259,12.210932
-1317.035138,264,12.676425
-1399.718381,322,13.206346
-1544.301525,247,13.629603
-1360.446852,243,14.051336
-1878.663441,281,14.535114
-1374.204684,297,15.03716
-1636.072771,291,15.53446
-1342.912302,258,16.020015
-1869.546296,331,16.573039
-1408.281127,311,17.11114
-1429.164743,282,17.597522
-2359.958858,470,18.324684
-1481.614409,350,18.905662
-1412.874632,249,19.337247
-1381.525719,266,19.798577
-1416.470586,234,20.211872
-1626.095123,263,20.672771
-1629.697788,257,21.129398
-1391.272868,460,21.851661
-1492.353071,262,22.315892
-1230.039546,324,22.845094
-1561.265266,352,23.424527
-1448.005012,240,23.837126
-1882.984365,342,24.382153
-1264.631554,419,25.038519
-1796.122851,349,25.595467
-1234.299484,266,26.060969
-1468.421544,233,26.476459
-1281.52446,246,26.902992
-1667.624619,357,27.525919
-945.717608,378,28.380678
-2126.101289,445,29.074094
-1499.750061,326,29.616034
-913.481808,365,30.217279
-1584.235472,281,30.703112
-1612.798085,270,31.184843
-1852.490113,264,31.667866
-1117.195208,271,32.155443
-1484.014039,292,32.652872
-3073.409423,569,33.511682
-1187.212679,274,33.99967
-1400.683369,251,34.461492
-1410.574466,286,34.956024
-1465.286449,245,35.400701
-1709.166513,325,35.95342
-1281.826518,249,36.392297
-1145.559008,323,36.944265
-1562.429948,334,37.518597
-1013.16866,308,38.073252
-1418.123208,273,38.577094
-1170.91993,278,39.097872
-1192.18344,257,39.591668
-1683.97289,282,40.115973
-1331.4179,265,40.604925
-1221.743035,251,41.064635
-1461.274057,250,41.535114
-895.214271,348,42.10579
-1492.034949,320,42.678017
-1295.140312,328,43.287771
-1969.102011,310,43.863159
-1692.814405,377,44.513779
-1617.123972,308,45.055825
-1546.182435,277,45.544973
-1847.189104,442,46.247135
-1595.337851,293,46.779528
-1751.95677,294,47.277084
-1864.225638,325,47.825563
-1409.000277,267,48.29264
-1830.609421,406,48.987761
-1278.199478,396,49.664522
-970.421647,300,50.20035
-1734.106564,331,50.772812
-2162.315705,325,51.325023
-1675.550573,296,51.873255
-1254.601091,218,52.325194
-988.623024,270,52.818828
-1599.382973,240,53.296614
-1047.477411,265,53.807783
-2213.669336,326,54.363648
-1518.235142,241,54.809966
-1903.895816,313,55.364517
-2081.33776,409,56.056955
-1460.130445,300,56.572726
-1658.871955,280,57.068062
-1837.648841,511,58.10081
-1471.564137,233,58.528932
-1109.075965,267,59.014519
-1471.997428,228,59.44149
-605.722509,258,59.910837
-865.872845,313,60.45499
-1844.651328,269,60.930653
-1605.747001,565,61.798074
-867.942363,245,62.245228
-1117.464752,287,62.747642
-1343.652335,265,63.226802
-1304.413726,252,63.709922
-1394.894531,336,64.279006
-1482.554915,296,64.790572
-1271.52457,326,65.331186
-1713.15908,363,65.969031
-1436.368751,254,66.468976
-1178.232314,305,67.012673
-1499.296874,388,67.655817
-1827.738882,415,68.331893
-1593.787812,239,68.785432
-1005.103769,268,69.254098
-1692.49648,277,69.761797
-1162.775337,219,70.195277
-2022.44115,336,70.837341
-945.509566,261,71.421729
-2147.40442,329,71.985733
-1329.845598,280,72.467535
-1670.585981,426,73.156257
-2012.386651,392,73.799263
-1068.705072,260,74.269333
-1337.272038,213,74.702179
-1377.76367,314,75.263584
-1228.007683,248,75.755504
-1560.882134,325,76.335261
-1808.915539,263,76.90572
-1534.37636,262,77.413507
-1243.684936,248,77.887077
-1805.712731,289,78.41606
-1890.773635,400,79.046703
-1404.967128,305,79.610435
-842.938283,762,80.735863
-2321.126681,380,81.358462
-1006.810441,295,81.858622
-1922.088902,509,82.655561
-1364.98732,277,83.147124
-2266.674046,394,83.795413
-1360.950194,277,84.302222
-1477.75005,295,84.82127
-1408.56853,244,85.257093
-1893.407327,355,85.848245
-1435.504665,255,86.568337
-1952.62622,349,87.145923
-1293.969019,239,87.573986
-2057.541386,410,88.254847
-1395.772717,301,88.783143
-1539.159905,349,89.365422
-1329.971387,884,90.652637
-1758.469255,399,91.292101
-1152.652777,244,91.724697
-1704.03608,482,92.465226
-1648.390062,261,92.930363
-1471.828829,566,93.831702
-1868.024761,313,94.400278
-1587.986176,260,94.863796
-2308.955664,391,95.487834
-1337.303388,249,95.927037
-1570.99141,285,96.433142
-1907.291049,413,97.119518
-1646.591194,305,97.654892
-1098.383351,272,98.129598
-1731.798798,381,98.75328
-1046.943003,294,99.250782
-1347.627249,323,99.800138
-1955.799026,294,100.308484
-1443.086991,260,100.76707
-2697.27046,392,101.403067
-1520.894017,273,101.874581
-1438.109923,310,102.402468
-1235.049315,552,103.244046
-1800.947548,331,103.798422
-1506.958953,277,104.282344
-1688.442826,276,104.766127
-1544.47437,254,105.234443
-1322.688669,295,105.730654
-1574.871743,251,106.189942
-1296.214726,279,106.674387
-1744.693349,405,107.33777
-1457.049318,275,107.816484
-1766.595691,421,108.489951
-909.172616,402,109.147039
-1146.001901,258,109.628016
-1696.978296,314,110.170119
-2329.98985,410,110.837678
-1115.793195,264,111.313708
-1469.901987,290,111.814179
-1610.418636,274,112.305749
-1941.917553,370,112.915532
-1160.794677,227,113.333871
-1731.369241,271,113.877904
-1579.574408,420,114.803669
-1651.839536,403,115.457634
-1129.915879,239,115.894114
-1181.791746,222,116.310895
-1536.087425,256,116.782833
-1316.390127,230,117.213676
-1277.451135,383,117.843235
-2745.028557,503,118.619893
-1074.815908,360,119.229629
-1400.274415,243,119.671353
-1495.706013,360,120.271844
-1500.081605,232,120.694454
-1563.871638,275,121.174647
-1317.120485,255,121.639039
-1292.796067,241,122.07148
-1282.443587,275,122.559697
-1111.867331,267,123.031848
-1895.358736,571,123.904219
-2291.426404,346,124.478635
-2162.787327,432,125.157
-2198.764451,385,125.781414
-665.669578,267,126.261668
-1082.944944,389,126.8935
-817.04587,264,127.369104
-1397.302202,270,127.844733
-1414.327019,293,128.379503
-1504.483844,638,129.384826
-1468.230831,284,129.875348
-1232.369466,233,130.303602
-1358.851635,313,130.846061
-3600.106676,599,131.732927
-1919.295225,354,132.338327
-1608.118689,404,133.007632
-1482.998165,245,133.452701
-751.451709,261,133.916026
-1398.152506,276,134.402286
-1285.39977,295,134.913189
-1330.280027,274,135.386488
-1417.802706,335,135.935907
-1484.824423,265,136.403273
-1490.087022,270,136.884733
-1347.137146,234,137.311293
-803.370413,446,138.014776
-1446.784562,290,138.52782
-1295.681087,216,138.933035
-1631.392079,353,139.515937
-2316.649988,418,140.189307
-1599.369315,286,140.684902
-1848.487919,305,141.208032
-1820.50967,257,141.679175
-1526.870665,276,142.41694
-1090.463806,247,142.861213
-1205.449549,214,143.270954
-1672.47808,514,144.135175
-1821.119326,382,144.792901
-578.682937,277,145.280504
-1352.307381,213,145.689794
-1485.106823,404,146.354642
-1517.747845,251,146.824819
-1765.577762,429,147.508334
-1264.769777,231,147.933261
-1239.458227,270,148.410025
-1106.747602,305,148.933697
-1125.351817,322,149.502619
-1299.01057,286,150.000259
-1880.835905,433,150.69343
-1254.254783,235,151.119134
-1184.779984,253,151.576687
-1946.66515,353,152.15978
-1871.632792,339,152.741492
-1692.464502,274,153.242044
-1502.787915,317,153.790361
-1533.96486,358,154.391553
-1202.546623,299,154.893215
-1470.87561,258,155.366935
-1389.940173,278,155.848404
-1126.663807,358,156.444289
-1193.831657,258,156.919975
-1374.555424,261,157.396171
-1954.498525,394,158.021625
-1082.902286,331,158.577654
-1917.482627,291,159.071756
-1945.925805,375,159.686753
-1004.024849,276,160.172779
-1212.619462,304,160.700503
-1140.633948,242,161.139038
-1262.040135,393,161.784823
-1334.336146,235,162.208175
-933.829451,408,162.889915
-1280.359796,357,163.493131
-975.928811,298,163.990819
-1495.639534,374,164.613242
-1552.661564,254,165.092345
-1461.782002,346,165.665738
-1548.908898,278,166.184261
-1325.406508,221,166.618862
-1191.848491,214,167.059053
-1100.772286,266,167.53619
-932.3802,289,168.039451
-768.921086,276,168.52857
-1108.73062,230,168.957826
-1815.252596,348,169.528178
-897.173777,292,170.019743
-1277.774058,232,170.438644
-1706.581923,363,171.309118
-1197.898035,238,171.73467
-1642.079978,284,172.234731
-2576.351048,421,172.923161
-2282.646436,407,173.588549
-1849.56333,469,174.32635
-1623.126928,304,174.8473
-1712.259676,279,175.338327
-1536.518807,285,175.835456
-2352.174196,626,176.769449
-1315.532284,262,177.252962
-1208.156502,233,177.687907
-1815.084007,304,178.223125
-1109.07973,257,178.690084
-1217.918086,227,179.109237
-1351.893452,260,179.582586
-1397.75087,205,179.982253
-1184.731313,270,180.456426
-1634.32585,444,181.143377
-1296.876261,298,181.655677
-667.846868,270,182.141201
-1799.959913,463,182.894871
-1038.43669,349,183.472164
-1537.654258,403,184.127082
-1609.894807,301,184.645992
-1511.00902,303,185.163615
-1235.33615,229,185.580977
-1486.150278,264,186.057203
-910.817393,253,186.511155
-1200.941786,237,186.951499
-1710.370149,326,187.504378
-1221.280686,242,187.942704
-1128.2368,365,188.539937
-1731.649381,444,189.232611
-1144.059105,258,189.700438
-2403.60027,704,190.766535
-695.888011,374,191.396302
-953.573212,308,191.923376
-2102.17795,430,192.597806
-1392.906715,241,193.032875
-1411.568607,251,193.500077
-1982.493418,338,194.059074
-1498.962202,451,194.783169
-2273.049152,395,195.412358
-1027.916551,268,195.876282
-898.796853,332,196.434847
-1080.598758,398,197.073614
-1413.662086,248,197.516837
-1277.285104,313,198.050829
-1399.778397,265,198.522146
-1283.995004,501,199.549915
-1218.176084,264,200.030777
-1638.134118,388,200.637187
-1406.343831,223,201.05379
-1177.95226,334,201.602854
-1515.562265,418,202.268714
-1130.259938,221,202.686766
-1629.865636,373,203.301598
-2057.284259,667,204.294168
-1347.079127,266,204.768752
-2144.414534,494,205.522339
-1971.251295,382,206.13498
-636.116456,375,206.768887
-1209.914891,200,207.133586
-1175.076307,425,207.808506
-1965.276129,478,208.566155
-1440.37157,406,209.232652
-1460.359794,244,209.662903
-1591.648648,332,210.224839
-1657.259599,427,210.911664
-1608.727198,261,211.37533
-1252.641008,366,211.990986
-1823.275513,334,212.544905
-1284.23803,403,213.196393
-1218.796629,256,213.66618
-1855.027805,426,214.33281
-1012.028839,256,214.800425
-1789.79657,269,215.276341
-1424.893912,449,215.968833
-1672.313905,317,216.496498
-1242.63257,402,217.139198
-1213.663909,265,217.598795
-1396.382973,281,218.075578
-1428.730944,679,219.070503
-1416.122667,336,219.625544
-1692.831278,277,220.105315
-1396.202535,245,220.553368
-3769.611595,713,221.603515
-1310.684351,240,222.037244
-1806.369749,375,222.638284
-722.408638,319,223.184476
-1887.804338,456,223.907881
-924.553376,314,224.449443
-1983.877548,367,225.062934
-2170.102953,321,225.603789
-1579.535867,308,226.395309
-1675.277834,326,226.969723
-1505.630021,259,227.433727
-1294.00851,314,227.968347
-800.069509,279,228.449692
-1417.384414,301,228.963071
-1140.298741,269,229.433979
-1070.405058,261,229.904269
-1349.326345,255,230.375049
-1222.782253,289,230.864882
-2063.157759,599,231.75066
-1503.425132,251,232.208897
-1355.97281,387,232.829291
-1355.118216,280,233.314155
-1116.434372,458,234.036995
-2088.265585,415,234.698436
-1030.910881,229,235.111322
-864.718035,235,235.528384
-1381.11507,276,236.001952
-1558.773934,283,236.483716
-1692.180947,276,236.962363
-1153.411023,254,237.417009
-1016.201475,399,238.040293
-1654.052051,350,238.600598
-947.702337,325,239.135618
-1402.786872,239,239.559792
-1092.030484,233,239.97734
-697.322407,913,241.277427
-1335.853005,339,241.826764
-1226.162494,376,242.435638
-1666.600404,428,243.109484
-1041.044396,324,243.641609
-1136.184241,403,244.292613
-1750.380195,265,244.754384
-2302.384382,617,245.667845
-470.114175,600,246.560954
-1692.334762,229,246.978124
-2257.044804,525,247.790119
-1886.294383,435,248.463826
-1411.974962,352,249.053978
-1806.207525,448,249.775855
-1333.877507,652,250.743726
-1833.354068,402,251.402154
-1512.217285,338,251.97599
-2074.616436,306,252.49379
-1425.661862,480,253.481919
-1201.006929,452,254.210877
-1069.77521,244,254.635819
-817.506231,355,255.235687
-1931.368856,340,255.807632
-1494.079305,265,256.283909
-2222.02574,330,256.865978
-1330.628542,248,257.325128
-1495.643964,275,257.827013
-1125.919265,456,258.558432
-1391.722921,354,259.173756
-2064.702714,386,259.869332
-1715.51683,572,260.742463
-734.345222,311,261.30001
-1345.303405,306,261.843785
-1081.99527,230,262.277977
78.459134,759,263.423579
-1463.532858,274,263.907787
-1760.140472,440,264.603302
-1574.93464,285,265.099068
-1506.116308,658,266.066328
-1003.439091,565,266.938948
-1600.217637,313,267.472803
-1212.865423,437,268.160175
-726.008203,481,268.907884
-1445.038493,527,269.71837
-1678.771271,329,270.267891
-1044.357539,430,270.943205
-2691.930651,736,272.00958
-1969.370425,402,272.740009
-1991.499414,388,273.370103
-684.183172,293,273.868088
-1453.065959,318,274.405389
-1760.510978,350,274.976395
1525.276485,1478,277.019783
-895.737909,368,277.620911
-1862.752764,406,278.286274
-914.805888,402,278.937677
-1085.751951,470,279.918845
-1857.921412,544,280.742827
-1039.692073,287,281.225179
-2675.762914,914,282.511016
-819.160389,383,283.127486
-1612.621166,840,284.310762
-2113.931723,373,284.914062
-1479.989005,390,285.539004
-2398.647366,568,286.424239
-1074.043597,386,287.062692
-2649.771882,697,288.119555
-1713.396897,352,288.728673
-949.340017,283,289.244163
-1645.777169,658,290.271352
-1705.111227,426,291.028591
-3015.484414,539,291.872314
-1928.580927,438,292.598766
-1204.145714,304,293.131512
-1541.644263,272,293.644308
-1564.112139,526,294.485558
-2284.488618,513,295.332447
-1625.857396,279,295.832274
-1925.44728,420,296.518104
-1915.639423,693,297.545727
-1249.200643,389,298.174005
-2852.883696,423,298.85761
-1286.120926,345,299.420283
-1776.607999,369,300.045622
-1460.215213,363,300.647804
-1718.039662,277,301.132548
-699.789486,377,301.734306
-1331.235601,269,302.214436
-784.632154,386,302.839153
-1512.99424,465,303.564331
-1552.966185,340,304.132614
-2144.718807,621,305.067775
-2398.55551,394,305.703766
-1824.302731,641,306.91535
-1032.859427,588,307.808117
-1070.787443,344,308.370868
-2569.137235,750,309.460023
-1440.243211,376,310.06953
131.809421,1555,312.208058
-1623.130731,279,312.681787
-882.189744,422,313.357237
-2911.984373,1083,314.902918
-1530.385446,468,315.634008
-1356.201623,727,316.699978
-2883.212242,1474,318.74342
-2810.076363,604,319.645109
-1695.341254,362,320.237581
2314.336241,892,321.51595
-1355.627192,984,322.916108
-2488.686928,420,323.573274
-1192.825406,583,324.436582
-2492.94749,533,325.262758
-1693.146992,483,326.006285
-1290.783175,271,326.474048
-1439.597439,359,327.059802
-3907.213598,1427,329.017122
866.387648,789,330.160808
-748.619642,398,331.034718
-1413.322508,487,331.791916
-2682.256545,600,332.680848
-2126.121235,459,333.425803
1836.268064,1560,335.610728
-2008.601991,1014,337.048505
-847.991831,486,337.815581
-719.385789,743,338.914198
-1537.052121,492,339.650452
-965.072838,528,340.447978
-1540.81403,539,341.257298
1268.140805,1152,342.869138
-789.895782,476,343.60743
-584.168821,460,344.333894
-1097.046026,492,345.086943
-2529.027291,403,345.751542
-2336.815993,465,346.485092
-1410.222817,507,347.289565
-814.421338,482,348.049762
-1943.822835,383,348.686064
-1469.865314,1145,350.338181
-1379.852008,421,351.029222
-3908.299388,1275,352.860439
-1449.378629,655,353.878599
-1335.772582,626,354.85709
-2064.99901,487,355.962819
-1864.2659,477,356.728822
-1156.789078,685,357.750693
-1904.93688,649,358.739995
-1499.84497,537,359.58395
1923.188326,1599,361.828878
-647.348927,626,362.746485
-2402.622242,438,363.446247
-1314.472784,408,364.10083
-1126.945413,945,365.482828
3288.915687,1329,367.316625
-1309.124559,250,367.767329
-2220.767869,530,368.593515
-536.247414,673,369.628778
-3299.250022,1343,371.483693
-1322.74335,537,372.31202
-681.073992,522,373.149513
-1282.04342,584,374.06549
-1439.890363,344,374.63209
-1420.315364,535,375.451607
-638.55497,1083,377.009961
-568.738262,417,377.724656
-1192.980108,704,378.772835
-1104.957428,919,380.205373
-1526.444196,553,381.350688
-4257.750961,1060,382.915913
1262.248288,2194,385.909886
-1786.547283,370,386.519661
-1182.823273,435,387.22758
-1698.523622,1094,388.743689
-1467.111656,542,389.556657
-1764.557772,909,390.861786
-1475.131752,602,391.765851
2798.092481,1730,394.106402
-2543.508673,934,395.437891
1039.632343,947,396.802794
-2535.60173,1237,398.534209
-1717.308811,803,399.74691
-1381.411492,354,400.351161
-2008.137844,361,400.962145
-1483.771197,453,401.689057
3534.692371,1531,403.901945
1441.266182,1575,406.316071
330.883699,1511,408.392501
-1955.461377,679,409.385109
-2383.257219,871,410.63726
-1749.407079,602,411.53747
-1319.701791,334,412.096403
287.548696,1836,414.563527
-1543.1665,715,415.599602
-1901.223736,399,416.237195
-850.053635,634,417.186675
-787.872373,1420,419.129512
-2141.57391,353,419.707998
2556.58947,2019,422.440256
-1684.6244,954,423.797922
-1909.92954,467,424.519567
-1537.459414,479,425.248799
-2109.75696,600,426.127346
-1064.706476,498,426.880605
-1716.056623,833,428.326198
-238.344758,820,429.515023
-3182.252789,675,430.509157
-1840.119354,1757,432.874597
208.427761,1800,435.306273
500.230154,1215,436.99232
-735.823824,1298,438.768034
2020.701038,1559,440.908797
-1197.502107,393,441.535468
2951.875442,1540,443.645947
-1600.858063,676,444.633445
2118.846906,1327,446.445983
3410.787011,1784,448.856867
65.202801,1847,451.594206
-1860.091338,771,452.701423
-1288.306852,305,453.219629
-2486.896595,682,454.213291
-1178.680949,425,454.87486
-2126.089594,635,455.795753
2468.284994,1872,458.308297
983.653504,1094,459.809867
-2043.157352,443,460.514902
3083.148019,1544,462.662823
-1364.361815,1813,465.148167
3424.376556,1948,467.750508
-3169.896408,1134,469.322658
2944.972789,2452,472.744645
-2059.392895,483,473.505376
-422.152279,1227,475.489133
2622.865404,2854,479.531228
2823.037303,2166,482.452307
-1572.143148,1045,483.914145
-1275.756984,2393,487.094575
3318.950719,2346,490.208173
-2294.082588,522,491.004489
-1864.472267,608,491.916453
970.396703,1352,493.817331
2664.807098,2171,496.754795
654.129848,1256,498.757391
2710.043436,1682,501.046532
3346.714209,1587,503.198218
1371.209129,2259,506.397285
-2152.337154,738,507.495956
3213.434512,2795,511.200438
2240.514991,2074,513.992281
1404.496034,2530,517.353571
2002.126418,3762,522.541639
3846.336148,2292,525.599061
1795.133963,1189,527.23623
2744.853997,2214,530.251003
2518.209074,3050,534.290628
2789.964712,1769,536.720712
5157.926571,2390,539.893299
-4059.038211,1045,541.340333
249.167262,5031,548.172768
2553.209257,1825,550.642999
-3163.059567,807,551.795605
1787.332089,2131,554.658412
2690.291136,2464,557.934037
3124.991794,2085,560.737611
-1461.952047,1011,562.162901
-1522.909167,1028,563.589328
4172.173004,2645,567.345575
1822.181562,2270,570.424249
2258.87743,2193,573.356578
1661.816977,1775,575.747113
2150.000758,2614,579.251772
2159.974728,2338,582.411706
2088.217917,3415,587.249874
2361.64085,3515,591.926102
2644.459812,2812,595.698201
3518.177476,3172,600.012423
-2605.379833,491,600.851074
-2177.915355,488,601.65293
-1756.661813,585,602.605672
3312.896192,4951,609.318649
2102.092195,2677,612.850719
3883.155992,2571,616.261146
1454.556919,3363,620.698236
2319.187465,2931,624.596621
5008.60661,3827,629.586104
4367.684839,2227,632.797866
3631.069982,2913,636.764997
1837.968772,2848,640.592101
3682.38239,3186,644.745282
2477.969842,2990,648.761401
2992.935108,2934,652.857532
3161.555109,6876,662.957353
6387.107246,4140,668.894716
3745.222052,3337,673.465424
4061.079974,7640,684.003319
-1906.25,622,684.950734
2461.093567,4417,690.965254
4806.421236,3705,695.951652
4076.936119,5721,703.90173
2418.659328,2153,706.89996
9052.913738,4744,713.195205
2819.526535,2466,716.584692
2556.138865,2307,719.75744
5324.506621,3028,724.122616
2564.068426,2632,727.749231
7634.011611,5930,735.592362
2636.948685,2646,739.211738
3533.280306,3496,744.177483
3565.874433,2424,747.51531
1423.236596,2100,750.449622
8462.466805,5169,757.456538
3374.407357,2794,761.533471
5840.658799,3875,767.078851
2647.146376,3112,771.304517
6837.630492,10001,784.174474
8237.495614,3836,789.575719
10107.484579,10001,802.22077
3592.792187,3596,806.853479
6346.184132,5490,814.10162
2676.810421,2949,817.955009
3771.865972,5711,825.211253
3021.034994,2697,828.716433
21940.782585,7599,838.538056
11374.882391,5778,845.871313
3722.042166,3216,850.051714
5806.56312,4383,855.921806
8350.018622,3710,860.710816
8134.506071,4549,866.489982
3868.387475,5562,873.780113
5201.926851,4873,880.599235
6138.037018,4242,886.488861
2790.076634,5116,893.303485
5437.015124,3664,898.371551
6543.480457,4611,904.358494
2767.89098,4097,909.798359
3745.563874,4431,915.631459
2783.442322,3711,920.891641
5469.408885,7399,930.489864
12792.709656,4989,937.061637
10335.831017,5766,944.837305
8600.316153,7427,954.451063
1275.793698,9648,967.243435
4589.222707,3943,972.428073
3023.963021,2879,976.252641
5145.379968,9244,988.38334
6118.31703,4019,993.57898
886.71386,5225,1000.329494
12133.807278,5225,1007.306518
7454.24525,6104,1015.169482
8574.464834,4103,1020.508696
3665.92298,3358,1024.898992
4927.897977,9300,1036.994141
9363.806426,5240,1043.743433
8795.04836,5644,1051.258699
6935.706451,6644,1059.77634
22339.931204,8445,1070.884395
6288.960984,4689,1076.962222
19367.371615,6158,1084.872523
4512.716583,6503,1093.516653
8661.399156,3659,1098.273295
7167.204949,5078,1104.816465
8956.181357,5145,1111.676922
24649.8733,8525,1122.972047
12554.326513,8291,1134.218065
11459.179484,7066,1143.420613
15593.284288,7136,1152.609643
3422.080411,6473,1161.235682
7838.683467,7137,1170.358781
15543.545741,10001,1184.084096
9228.046075,5200,1191.203903
14621.058238,7624,1201.2694
10192.454186,4388,1207.120731
12108.970665,6199,1215.040613
24761.816096,6873,1224.048648
15203.490757,8197,1234.53118
8697.197868,4969,1241.051155
8622.522449,3963,1246.066872
11359.760397,6148,1253.807585
6085.246434,2779,1257.400892
32726.471195,10001,1270.04568
8021.276119,6517,1278.277478
24861.547088,7971,1288.480305
3979.297232,3776,1293.272666
6198.438856,5605,1300.310436
6406.924541,4380,1306.143699
23545.126542,10001,1318.601226
16717.506903,6070,1326.464656
20537.645399,6797,1334.952156
13680.608971,7438,1344.72242
7851.766599,6056,1352.347379
15330.238356,5511,1359.283215
10740.503347,4683,1365.445741
15127.740424,10001,1377.848206
19039.746407,10001,1390.575978
10950.651879,6206,1398.370889
5012.343488,5800,1405.664858
24230.78557,9631,1417.82681
31479.221401,10001,1430.412661
12841.546312,4915,1436.591185
-1607.514387,692,1437.587923
7682.381253,4300,1443.021059
7407.002194,4913,1449.428396
14315.328241,10001,1461.861551
19446.510084,5691,1469.209033
14021.476114,6014,1476.726706
17360.372995,5938,1484.18019
28750.227178,10001,1497.025817
9440.063449,5439,1504.023455
27914.925775,7385,1513.508659
32895.235192,10001,1525.953089
22530.552677,7247,1535.269351
13298.053433,6040,1543.041812
11077.335218,5983,1550.747374
23465.676132,10001,1563.507493
27432.315115,8512,1574.417315
24480.411365,8864,1585.837827
28818.747991,10001,1598.679878
29732.560125,9078,1610.650841
9604.504825,5576,1618.108337
10240.125262,4489,1623.887625
7818.193792,6453,1632.141395
11882.278237,4947,1638.726408
9641.325637,3838,1643.615819
8781.316494,7240,1652.821125
25385.879109,10001,1665.742911
12816.722372,4773,1671.82508
10148.706276,5771,1679.520916
9921.170594,3722,1684.294323
11083.473815,3927,1689.342319
15545.786215,7401,1698.726741
25808.483164,9650,1711.187485
10242.671259,5965,1718.770936
25084.918883,6878,1727.652862
10147.617602,3927,1732.635427
25359.761794,7057,1741.658753
29470.953788,10001,1754.628294
8787.508705,7447,1764.060889
12448.069836,4088,1769.131404
9258.015238,10001,1781.444194
12449.355496,4421,1787.161557
9131.388293,5719,1794.213545
8921.144071,5082,1800.495739
9443.008499,10001,1813.132484
12153.698159,6820,1821.607806
14903.88796,5289,1828.458921
9571.897537,6875,1836.96276
8514.189343,4411,1842.493177
8428.196496,6804,1851.146411
32286.238272,8751,1861.898602
23418.932128,5980,1869.493102
14747.71056,7763,1879.075469
5665.843826,10001,1891.579888
14841.8215,8441,1901.86463
38121.843753,10001,1914.328176
11932.026098,9801,1926.282994
8181.205172,10001,1938.64178
25530.601938,10001,1951.043653
9974.927921,3486,1955.42471
17857.57795,7840,1964.99865
17870.692932,10001,1977.493041
24205.267859,10001,1989.924569
25964.280415,7417,1998.993001
30160.596704,9235,2010.480779
22657.545798,7923,2020.116518
26854.90646,8714,2030.998336
30428.174943,7493,2040.142802
22994.121382,5236,2046.591439
18095.06814,5539,2053.616517
16400.50409,5795,2060.716213
20092.355861,5513,2067.494617
17080.962174,5124,2074.054709
17915.313137,4910,2080.123787
17686.912125,7110,2088.827927
25054.421399,5530,2095.835722
8727.252698,7392,2104.87939
13202.827152,7989,2114.874898
12646.946021,8083,2124.818955
18075.226539,4937,2131.153627
16580.081952,5707,2138.157666
24363.293402,5889,2145.363572
23439.51785,5822,2152.81624
32008.354943,10001,2165.128239
12979.696837,4383,2170.872709
21100.905166,9224,2182.161289
20945.72456,6185,2189.770231
16558.630161,5084,2196.309282
16216.051402,6015,2203.722368
27630.002127,7891,2213.622162
24413.79175,6757,2221.974827
13532.341117,7189,2230.763423
20945.017753,5774,2238.148876
17964.264677,6627,2246.292291
23628.866514,7237,2255.39391
29609.841275,10001,2267.613333
15661.674452,6206,2275.509364
24597.956125,10001,2287.825284
22901.485401,10001,2300.323502
32970.94513,7069,2308.971524
22373.645968,6881,2317.678412
18869.254434,5659,2324.680895
37222.429601,10001,2337.141721
30061.797564,8588,2347.669506
39260.073733,9779,2359.930784
15429.797614,7107,2368.708435
18794.226916,8891,2379.811884
31379.941688,7558,2389.043323
32497.473898,7398,2398.374032
30924.104354,10001,2410.640854
35673.210842,9308,2422.276377
26195.944032,8360,2432.487616
32764.379238,7965,2442.572158
20163.057984,8841,2453.380241
27332.609687,10001,2465.86597
36424.461507,10001,2478.366989
35718.168817,9640,2490.230531
32373.056904,8953,2501.436519
34792.663497,10001,2513.704515
36385.685837,9581,2525.766641
30073.807075,10001,2538.281265
32651.465953,10001,2550.513399
30151.309791,10001,2562.959681
28773.610628,10001,2575.215477
27549.523963,10001,2587.707252
29492.892841,8055,2597.581588
9726.840292,3461,2602.161531
37734.098387,10001,2614.484281
14047.722123,9770,2626.670627
31176.751971,9438,2638.173999
31447.347772,8982,2649.450619
34447.435897,9793,2661.700632
42376.499268,10001,2673.973614
12553.49024,4806,2680.200764
7228.940637,3753,2684.942539
30241.278198,8232,2695.037741
9413.588028,3661,2699.640925
37758.512355,10001,2712.152515
26543.381748,7503,2721.595021
25900.898321,10001,2733.847431
30856.112281,10001,2746.293797
31133.548653,10001,2758.580032
9758.316388,3410,2763.14243
37798.958859,10001,2775.363145
39081.425233,10001,2787.800167
29032.341971,7356,2796.752596
36464.776246,9899,2809.060754
18260.927829,10001,2821.185346
25385.280242,7364,2830.48151
30262.515536,9585,2842.36326
10061.32515,4133,2847.510338
35617.805139,10001,2859.715957
37501.640122,10001,2872.083092
6828.183417,3919,2876.931483
38803.069619,10001,2889.381516
39520.431919,9197,2900.625869
32788.617686,8635,2911.436335
40292.325135,10001,2923.83955
33644.13488,8308,2933.975032
8787.976551,4772,2939.843198
11069.248636,3442,2944.366292
39758.331822,10001,2956.554501
38689.143816,10001,2969.000967
5196.955653,5118,2975.363111
36868.485872,8965,2986.519202
31462.344805,8972,2997.487973
40161.565073,10001,3009.966253
35384.245233,9289,3021.293544
4298.649471,2026,3023.925664
25422.610322,9832,3036.109144
35228.820212,10001,3048.58568
4969.458529,2126,3051.366813
34289.726568,10001,3063.589176
33095.047714,10001,3076.017852
34987.063911,10001,3088.446313
33957.123589,10001,3100.631897
34535.409318,10001,3113.102134
15850.084602,10001,3125.213938
34781.074662,9207,3136.860446
31553.640136,10001,3149.346007
29315.085974,10001,3161.570656
40136.113458,10001,3174.128384
35963.470043,10001,3186.462825
36208.372336,9203,3197.991842
30004.982888,7050,3206.724781
35136.494968,10001,3219.305724
39430.8766,10001,3231.890894
40756.844146,10001,3244.195908
35268.446943,10001,3256.739983
38720.286194,9761,3269.083632
33149.97221,8935,3280.076272
42299.384366,10001,3292.621068
37883.617359,10001,3304.923815
32168.897076,10001,3317.415149
35275.589197,10001,3329.800785
34671.549517,10001,3342.023652
33869.074475,9487,3353.846598
33131.661487,10001,3366.060984
40128.535561,10001,3378.584311
25942.327851,10001,3391.162659
34605.48507,10001,3403.441878
25812.789893,10001,3415.959472
26667.086776,9898,3428.164433
31999.15252,10001,3440.717114
34334.313551,9124,3452.273051
41086.254151,10001,3464.559425
28874.799331,10001,3477.1316
37308.272492,8405,3487.379523
40445.047605,10001,3499.902203
34704.800436,9162,3511.173979
37165.855281,9691,3523.256769
31382.349423,10001,3535.646163
10806.014462,10001,3547.769616
30858.055284,8431,3558.34107
29844.010186,7368,3567.369711
36919.455841,8581,3578.170933
25935.323741,5436,3584.926585
44767.945454,10001,3597.473245
38338.210817,9825,3609.466986
38913.715021,8911,3620.691077
32640.092922,7768,3630.2238
39441.844396,9307,3641.869822
31975.668211,10001,3654.093233
31961.705519,7020,3662.986974
33779.788481,10001,3675.195153
26985.398608,6019,3682.852469
30179.231326,5782,3689.994532
33939.254164,8029,3700.038213
29171.527997,6262,3707.753407
36826.332667,7612,3717.401818
27968.132035,5798,3724.553135
40687.185321,8453,3734.914888
34033.951912,8718,3745.937444
33081.936294,9938,3758.374165
30700.36572,5779,3765.515968
34438.853734,7874,3775.205109
42040.278628,9425,3787.013906
35941.85571,8049,3796.967686
34221.728638,8511,3807.691851
5744.698255,1635,3809.823776
41662.531831,8495,3820.477541
37552.062821,8660,3831.149511
26186.145113,5821,3838.329937
26196.600199,6538,3846.573812
36624.372261,9383,3857.997204
38279.853589,8993,3869.314189
32921.581347,6956,3877.837697
27333.646553,6160,3885.714148
32963.738661,8360,3895.982834
37155.024974,8817,3907.074198
25735.616268,5864,3914.364142
29255.769772,5558,3921.517186
38907.599521,9157,3932.769021
29076.781624,5126,3939.113831
38068.373117,7477,3948.593781
31956.601997,8196,3958.702336
33294.877679,6767,3967.283351
36553.943454,9793,3979.291913
27510.309345,5526,3986.42065
37999.514305,7432,3995.613364
35465.054912,9487,4007.498367
32614.569535,7923,4017.151406
29647.01768,6659,4025.53106
37121.957817,7769,4035.007681
34712.413381,7223,4044.106312
33124.365715,8661,4054.633128
35336.140678,9319,4066.262557
34530.587901,7196,4075.101731
31716.952071,7890,4084.953164
27093.628666,5324,4091.486595
39443.3067,6890,4099.869627
34061.282965,7156,4108.913838
30600.126196,7666,4118.330559
30487.226418,5252,4125.073412
34490.225884,7005,4133.652399
36173.923829,7188,4142.411447
40745.348025,8742,4153.323367
28529.444386,5599,4160.216575
36109.088011,7557,4169.729566
35505.393248,7051,4178.366478
33321.802956,6600,4186.673994
28745.39074,7330,4195.653794
48000.453017,9565,4207.533792
39178.267503,9420,4219.040535
37116.373416,8638,4229.912151
31267.297484,5348,4236.510947
31352.007204,5971,4243.855574
42343.97261,10001,4256.305693
34513.64099,5914,4263.579985
38327.746106,9510,4275.430063
46766.692746,10001,4287.893243
33110.763015,9395,4299.431855
4452.190954,936,4300.699784
4901.027195,989,4302.042282
32184.847442,7948,4312.061074
5303.698113,1098,4313.526249
30028.125864,6107,4321.05268
48242.706924,8972,4332.247411
31733.343301,8047,4342.137583
47384.372834,9076,4353.504942
42261.277111,10001,4365.783008
39176.341911,7511,4375.226219
25959.059219,4986,4381.369263
30696.914282,5221,4387.756434
40787.138473,8057,4397.846653
40110.237098,8648,4408.420194
37157.673052,7520,4417.833057
30550.584024,5956,4425.092498
34464.951537,7067,4433.930442
29861.511248,6206,4441.542834
42237.124261,9360,4453.207655
36157.476188,7081,4461.87895
38042.61808,10001,4474.296485
30583.980321,5344,4480.847294
33158.999398,8750,4491.815003
31753.603302,5814,4498.888334
40166.359051,10001,4511.272032
30378.829167,6488,4519.160135
35315.73537,5975,4526.436381
27557.255985,7979,4536.407485
4462.948128,883,4537.612398
43139.628538,10001,4549.807714
40978.655,8461,4560.330878
35906.31882,9936,4572.701502
32299.382246,5365,4579.28291
31223.036677,6145,4586.790549
33264.4916,7220,4595.849188
40360.281929,7517,4605.014593
35084.493871,6704,4613.440288
30530.701507,5318,4619.998829
30265.234539,5414,4626.657517
37450.752594,7889,4636.532641
41544.881001,8251,4646.560482
39278.808437,7796,4656.304353
32357.740603,5625,4663.212193
33185.314836,5570,4670.065017
32253.078284,6113,4677.761873
28491.380069,5148,4684.051103
29059.348729,4561,4689.650638
36362.502454,6505,4697.815807
39409.134466,6688,4706.014154
46879.65629,8666,4716.797682
38152.411564,7765,4726.263468
35129.586509,5836,4733.61805
24159.629418,4648,4739.360136
36876.736628,8888,4750.210577
40315.658031,10001,4762.655482
43460.730936,9178,4774.03374
33410.049499,7217,4782.926301
28569.878333,7295,4791.852859
35191.223275,6920,4800.501269
40063.827523,7528,4809.632163
39629.747147,9727,4821.783223
35304.636351,5677,4828.772611
48076.55507,9063,4840.079061
29516.028248,4823,4846.033694
28785.831031,7389,4855.345942
40095.493222,7007,4863.956136
39375.419188,9194,4875.403641
34980.935392,5632,4882.358379
36788.15209,6135,4889.884525
37455.966346,10001,4902.357995
37961.373781,6983,4910.914857
38534.026309,7053,4919.799876
44048.15045,7598,4929.044264
48281.586166,8116,4939.228801
30122.111268,4605,4944.951973
44704.920386,7904,4954.627984
45580.59563,9176,4966.103138
48307.935747,7930,4975.769513
31677.352744,5163,4982.368887
15383.84998,4742,4988.281965
38300.356079,6604,4996.400657
38251.383388,9019,5007.734283
44503.420116,7057,5016.361125
42745.580525,7228,5025.479865
38165.901023,5692,5032.490408
47893.357232,9849,5044.777872
36275.265358,5621,5051.706095
26013.947237,4637,5057.479245
33876.610567,5202,5064.172194
40993.492704,7008,5072.797708
29705.125469,4550,5078.695252
27309.015734,6089,5086.210864
47724.98896,7564,5095.4711
28170.257374,6728,5104.025987
33496.783966,4908,5110.127732
31580.422123,4776,5116.039173
33597.723011,5181,5122.660809
45067.998543,8768,5133.425937
48313.691507,8136,5143.608901
48027.512395,9092,5154.755833
36403.172694,6069,5162.463327
36954.515253,6604,5170.563745
35882.650087,5745,5177.625915
30208.513679,5017,5184.067132
48398.282337,7731,5193.548141
39059.175174,5861,5200.972604
31464.773841,10001,5213.194725
34102.46271,6577,5221.483585
31257.554526,4993,5227.642832
36413.349373,7222,5236.532609
43276.761486,7764,5246.278864
34194.635966,5323,5252.810549
44519.663348,7567,5262.234998
41428.121811,10001,5274.450435
46572.053866,10001,5286.960368
33813.229298,4600,5292.606447
45507.454529,7256,5301.418386
48102.027851,9011,5312.703002
45986.8446,8474,5323.344672
48353.265328,8046,5333.104069
48350.830105,7206,5341.855117
29282.07409,7757,5351.602389
38040.88746,6608,5359.701185
48155.034041,8580,5370.410957
35880.959125,5723,5377.408211
41831.622805,6638,5385.754316
48447.364443,7448,5394.843119
46815.70473,7876,5404.819316
42724.981789,8774,5415.558823
48524.442125,6819,5424.096581
28990.177022,4350,5429.491986
48073.276443,8953,5440.400422
39774.194482,10001,5452.888105
31495.786266,4780,5458.757277
35823.293106,5351,5465.61477
48011.788818,9193,5476.871118
48387.599186,7486,5486.250734
48581.892437,7017,5494.810918
32315.57809,5170,5501.130572
48128.46065,8604,5511.93303
34369.680028,5618,5518.845283
32851.149061,4964,5524.966747
48169.155163,9011,5536.212623
39093.936884,5586,5543.08164
36318.538193,5673,5550.323531
40461.967739,6257,5558.02652
46550.715938,7461,5567.451172
34820.843273,4999,5573.593249
48403.378451,7200,5582.369656
41555.258946,6554,5590.695734
48466.061047,7828,5600.287904
31897.450344,4531,5605.899347
44591.819601,7049,5614.794803
36989.738339,5559,5621.660796
48336.380996,7859,5631.520151
45826.737957,8536,5641.953854
31991.940509,4789,5648.1263
44168.027558,7228,5656.99357
42687.449488,5982,5664.368271
38355.696364,5543,5671.407658
48398.644743,7238,5680.263125
34126.392043,4757,5686.127024
33545.620626,4543,5691.982164
33706.01932,5389,5698.628539
35791.232405,5266,5705.12899
41515.239182,6918,5713.874209
48491.132084,7453,5723.003388
43144.994283,7484,5732.433708
34357.243682,5077,5738.70622
40227.296689,6121,5746.24333
48197.789303,8756,5757.167317
48265.93394,8291,5767.27818
42873.167186,7207,5776.334788
45677.195249,6682,5784.509656
35319.892029,5037,5790.965415
34116.191772,4728,5796.794333
39727.300642,7190,5805.614183
36254.509138,5675,5812.826571
31696.258296,4309,5818.175148
36749.22437,5261,5824.671511
48469.99852,7217,5833.792894
36881.90192,5310,5840.338715
47675.449511,6657,5848.498125
45790.287234,9179,5860.021337
42098.634505,5624,5866.930942
32950.309977,4838,5873.139466
44538.15392,5913,5880.394224
35483.923203,7664,5889.850868
48570.379623,6734,5898.415076
48578.07599,7022,5907.021322
48434.640259,6399,5915.098977
48472.321911,7557,5924.358463
48634.511471,6622,5932.44642
48413.023554,7204,5941.554262
42975.748998,5999,5948.912089
45259.580331,6898,5957.618007
41466.668915,5916,5964.930696
48607.842068,7009,5973.734027
48628.069688,6540,5981.727947
48486.34022,7448,5990.840954
48042.55645,7056,5999.762418
47671.738793,7779,6009.281206
48593.900986,6752,6017.851804
40956.76009,7476,6027.08953
48318.262946,7632,6036.700378
35130.146998,5275,6043.221912
44797.827843,6413,6051.141527
36128.759948,6322,6059.187278
48584.182858,7034,6067.774887
35797.181219,5085,6074.105227
48420.48693,6851,6082.735887
41180.863689,6636,6090.874363
48727.120216,6236,6098.764229
39740.332853,8396,6109.049289
48332.27682,8279,6119.432374
46757.677016,8230,6129.480265
35859.019383,4994,6135.63536
30735.000929,5454,6142.672109
48578.139936,6163,6150.239966
48612.483653,6208,6158.112248
46729.901006,7389,6167.139872
48511.742967,7095,6175.823396
48241.458394,7636,6185.378754
33846.938552,7514,6194.614558
48502.717938,6683,6202.989939
29810.677881,3836,6207.738461
47574.162583,6155,6215.323465
28928.587492,4016,6220.536999
42609.474611,7492,6229.685578
46869.590879,6674,6237.839761
48701.468117,6512,6246.000139
48491.718326,6833,6254.254638
48467.851211,7575,6263.710088
31378.388701,5650,6270.646768
33599.552693,4578,6276.313172
41828.021725,7814,6286.128224
43657.167378,9256,6297.42136
41705.243495,6800,6305.993179
48463.90095,6960,6314.529613
40321.843336,8111,6324.696704
40688.199081,6999,6333.246153
45272.790587,6902,6341.888024
28994.687428,4441,6347.348697
32432.540495,5579,6354.178673
48547.944017,6471,6362.307465
33732.107578,5100,6368.542082
48276.855032,8075,6378.358218
41539.373444,7103,6387.372305
25075.794712,3138,6391.275962
48230.886409,7636,6400.797273
48463.923175,6162,6408.315786
48371.847862,6332,6416.022415
40213.004195,7002,6424.840652
48278.158018,8542,6435.17487
48615.630791,6564,6443.39374
43408.582681,6577,6451.384082
45447.365779,6789,6459.620207
42805.667887,6734,6468.201825
30592.477415,3844,6472.934916
28748.79935,4369,6478.311369
48657.698212,5673,6485.498551
39633.549643,6360,6493.29301
48515.68716,6838,6501.809078
33319.211391,5770,6508.902592
48215.848395,8568,6519.28784
48316.890451,7167,6528.216157
48561.828775,6869,6536.541501
48560.514373,7319,6545.615505
47939.736349,6612,6553.746998
43685.056797,6173,6561.261615
48435.978166,7339,6570.4956
40471.76639,7826,6580.170704
48508.367189,7057,6589.169136
48348.110072,7042,6597.763737
48416.994014,6841,6606.322639
48439.002707,6432,6614.134682
43855.225348,5899,6621.289113
41408.896946,6695,6629.740452
36827.957396,7444,6638.831099
48164.580443,6893,6647.47424
48357.651265,5808,6654.606614
48641.881228,6271,6662.251217
41376.720727,6129,6670.010461
41110.976199,7014,6678.591264
44238.936658,6599,6686.855387
28794.557566,4046,6691.870357
29000.293219,3894,6696.676148
43382.976853,7174,6705.697778
48086.549902,8201,6715.770804
48709.499374,6160,6723.318333
43527.027095,6573,6731.647882
48524.845232,6948,6740.154234
43433.926326,6732,6748.607418
29610.92669,3844,6753.338541
28955.476855,4543,6758.947488
48194.889749,6627,6767.27084
48526.193476,6995,6775.838805
38811.743976,6959,6784.397924
47530.818369,9734,6796.537926
48266.583837,7595,6806.041125
48603.95031,6470,6813.960576
46270.313271,6600,6822.037493
48544.466807,5932,6829.561316
28880.18169,3871,6834.328928
48631.94769,6071,6841.740065
39911.845413,6101,6849.48683
34221.523728,4191,6854.679705
48434.052038,7628,6864.01485
48392.235801,7072,6872.899389
48575.628941,6647,6881.002407
40255.535374,5979,6888.566052
43257.51435,5996,6895.928745
48564.332407,6757,6904.191965
42289.428059,5397,6911.091353
43687.777185,6289,6918.771472
48164.378558,7981,6928.782888
48504.415614,6778,6937.10098
43329.46706,6224,6944.730072
48544.770935,5887,6952.191986
43768.724464,5946,6959.466275
48702.911056,6086,6966.904286
48687.191286,5737,6974.188174
48366.591752,6772,6982.518829
44038.046928,5689,6989.728758
43632.803443,6916,6998.147965
43641.488183,6587,7006.178263
48500.672702,6019,7013.745889
48360.493768,6896,7022.125913
48384.951705,7093,7031.011188
48359.349557,6015,7038.412735
48666.688828,5765,7045.484946
30105.157697,4546,7051.32092
28795.952057,4792,7057.184817
28908.166798,4027,7062.121326
47379.261611,6174,7069.876377
48485.921877,6236,7077.499102
43717.776409,6683,7085.620687
43532.079368,5724,7092.838035
35443.120759,4915,7098.900095
48468.04716,5955,7106.248971
48365.222275,7815,7115.994646
48616.354909,5742,7123.012614
13135.208082,1627,7125.092057
48478.724319,6521,7133.244132
46950.508352,6830,7141.604438
43551.902724,6001,7148.94191
47959.250166,9036,7160.178818
48454.344465,6958,7168.711586
48603.652887,6126,7176.42738
48330.269743,7401,7185.44404
48029.341568,7889,7195.315269
48417.080662,6613,7203.408358
48674.974854,5852,7210.583113
48240.81474,8260,7220.839992
44973.646465,7649,7230.175982
29696.382723,3481,7234.738999
48432.576523,6741,7243.042219
48539.444751,6457,7250.96526
48451.847745,6004,7258.559805
48280.363725,7892,7268.205404
48303.779877,6040,7275.888558
48636.442219,5911,7283.140719
48606.957587,5403,7289.820892
41355.032879,7681,7299.525971
48499.040478,6499,7307.460983
48599.969778,6361,7315.491313
48250.723685,6156,7323.08601
48121.46485,7382,7332.172971
48649.447898,6440,7340.24199
43665.111952,5881,7347.350728
48030.494298,7343,7356.477595
48460.016825,6533,7364.402841
48090.787067,6212,7372.034108
48441.64795,6650,7380.376588
48443.964933,6341,7388.073535
46260.202897,6692,7396.455884
48476.435254,6831,7404.770716
48599.006377,6355,7412.516682
48493.700659,5892,7419.949628
48611.239646,5938,7427.211149
48260.994298,7417,7436.515849
48644.322669,6135,7443.992407
48611.403505,5384,7450.564566
48306.928033,6005,7458.203587
43921.371307,5431,7464.794746
47101.165341,5858,7471.905137
43777.040469,4983,7478.208099
48517.980422,7226,7486.964113
48633.321551,5254,7493.355762
48599.595783,5828,7500.681676
47921.749113,8374,7510.868409
48274.277129,6253,7518.711741
47494.661196,7245,7527.55257
48608.532195,5293,7534.034202
43674.894435,5474,7540.924599
48351.655039,6156,7548.427766
48102.007373,8681,7559.230594
48560.852791,6030,7566.596851
48424.959816,6965,7575.093739
41130.646371,6307,7583.102774
48438.069114,6268,7590.758621
48080.456188,7910,7600.575665
48597.928667,5564,7607.386327
24885.943195,4180,7612.51696
48281.895046,6608,7620.823069
48215.47429,5925,7628.025558
48590.07076,5694,7634.913016
44041.741611,6732,7643.306124
47956.018546,6945,7651.768684
48236.168564,7217,7660.770509
48603.844361,5860,7667.916859
34833.199449,4562,7673.528408
48299.128903,6691,7681.914945
48582.027645,5826,7688.984828
48613.764832,5616,7695.842126
48705.10284,5359,7702.714975
48051.834377,7095,7711.315998
47841.263504,7356,7720.526808
48707.22688,5389,7727.111172
48070.387802,7431,7736.189798
47998.709658,7561,7745.577543
48325.252703,6307,7753.263892
48657.694465,6085,7760.925467
43456.225336,5977,7768.18819
48606.116511,6175,7775.74626
48299.374371,6606,7784.031356
48692.167457,5551,7790.796059
48435.084789,6515,7798.981386
48531.525778,5955,7806.259747
48182.192939,7444,7815.289669
48686.660047,6211,7823.139119
48763.023951,5420,7829.763983
48484.10654,7023,7838.343697
48149.184614,6553,7846.71688
43350.515837,5261,7853.195301
41966.469653,6895,7861.909553
48630.6923,5683,7868.906987
26286.563593,3786,7873.566326
48567.834063,6328,7881.513748
45799.580215,7105,7890.292725
48381.463841,6540,7898.299724
6132.909588,798,7899.375513
38620.233532,5616,7906.489728
13917.0485,3117,7910.387012
48626.59983,6014,7917.698328
48607.110974,5760,7925.0032
48062.705687,7446,7934.077572
43346.96758,6756,7942.532056
48541.62202,6711,7950.681814
48421.241408,7022,7959.175307
48641.962678,5483,7966.259943
43709.142287,5442,7972.932863
14339.054494,3027,7976.758551
48648.759713,5570,7983.817613
48642.3101,5101,7990.055608
43837.675641,5298,7996.519025
44043.900674,5251,8003.193206
48378.983341,6103,8010.678924
36155.155814,6108,8018.181258
48585.012388,5378,8024.986348
48471.874545,7341,8033.892498
48450.012866,6789,8042.436555
48505.735885,6680,8050.596264
48548.478986,6223,8058.214712
48678.787124,5565,8065.277516
48527.389114,6292,8072.957022
48830.972136,4778,8078.834538
48474.782924,5934,8086.371538
48576.898526,6408,8094.205413
48681.809979,5496,8100.910043
20874.472498,3539,8105.493598
48480.873278,6212,8113.131057
48796.773183,5502,8119.883844
48619.999445,6406,8127.986697
48632.978105,5274,8134.470528
48227.05417,6687,8142.645748
48317.586161,6795,8151.249086
48412.329986,7429,8160.310798
48524.533504,6170,8168.110834
48771.785749,5030,8174.268034
48440.597801,7289,8183.113583
48564.971981,5039,8189.549522
48602.665677,5700,8196.540022
48236.354457,7142,8205.619399
48396.454745,6714,8213.845831
48491.532416,6387,8221.669066
48650.331549,5900,8229.133997
48265.485902,7597,8238.418049
48504.107485,6415,8246.530957
44482.878771,6123,8253.98604
48587.175751,6279,8261.709808
48174.694489,8217,8272.012872
48849.774814,4658,8277.7577
48656.684523,6036,8285.116696
24976.067292,3152,8289.280449
48294.827222,6547,8297.262185
48034.665404,6247,8304.91149
48614.592165,5433,8311.794199
48486.604082,6369,8319.572907
25365.357343,3559,8323.982682
48087.651289,7344,8333.208947
48733.231689,5352,8339.772184
44507.150732,5283,8346.230896
48542.897662,6930,8354.948201
48557.910414,5663,8361.871855
48636.672905,6003,8369.433136
35328.27901,3670,8373.963299
48339.921335,6874,8382.335224
32406.779762,3050,8386.114802
48620.466841,5414,8392.976061
43039.842298,6391,8400.778802
48709.176987,5772,8408.059415
43683.041799,5337,8414.574394
35884.974878,3959,8419.425431
48413.248489,5853,8426.586066
48445.025966,6562,8434.827621
48628.614961,5749,8441.873946
43456.987504,4797,8447.8016
48482.244102,6883,8456.437301
43627.821784,6220,8464.016551
48568.923064,5901,8471.545967
48533.835035,5178,8477.921035
48622.79938,5969,8485.258543
43044.7424,6037,8492.84907
48530.100748,6485,8500.76229
48523.214356,5995,8508.068601
48686.578469,5684,8515.266973
48556.406508,6087,8522.702368
48541.65731,6794,8531.235849
43609.843099,4919,8537.224849
48627.908419,5778,8544.259892
48606.644719,5950,8551.746172
43750.861842,5260,8558.1618
48697.768826,5764,8565.211141
48761.968016,5093,8571.669965
48713.440033,5012,8577.80111
43366.694478,5997,8585.066815
38867.606667,5707,8592.380144
48179.895164,8051,8602.244812
48391.904942,5942,8609.494614
48666.186693,6052,8617.135514
48509.02307,7107,8625.758849
43747.562487,5096,8632.199024
48573.582523,6534,8640.197593
48619.885346,5927,8647.461792
26483.96681,3253,8651.738963
10642.384943,2176,8654.46468
48658.479994,6267,8662.1289
43935.177818,5132,8668.421905
48585.033322,5767,8675.730571
48600.593492,6152,8683.25739
48587.804952,5944,8690.531201
48821.709424,5387,8697.359671
48613.661565,6467,8705.231228
48732.854591,5547,8712.226678
48640.805349,5640,8719.122366
48794.804096,5147,8725.424949
43971.218717,4752,8731.261034
48460.728094,7197,8740.285936
43204.532963,5275,8746.711544
48651.157275,5125,8753.223662
48706.054796,5477,8759.919396
48655.714755,5878,8767.080133
48709.342445,5425,8773.97538
48760.991205,5392,8780.528885
48334.872948,6373,8788.258046
48713.751154,5257,8794.917043
48465.851356,6775,8803.158251
48682.530638,5992,8810.483389
48683.354916,5234,8817.092257
43710.784961,4600,8822.686963
48401.734512,6107,8830.116557
48202.979487,7487,8839.472037
48287.706168,6256,8847.127508
48675.929168,5605,8854.218031
48662.830987,5826,8861.337168
48345.930858,7576,8870.542183
48445.088795,6420,8878.654619
48671.963173,6152,8886.104275
48338.652962,7096,8894.931688
48379.553908,8052,8904.686929
48311.496267,5544,8911.409847
48586.178873,5597,8918.445726
48743.392126,5124,8924.703158
48404.035627,5730,8931.657593
48495.737634,6059,8939.271576
48703.159192,5346,8945.735173
48550.255242,6046,8953.071193
34176.890962,3847,8958.07337
48435.248371,6988,8966.582493
48465.162526,6039,8973.926094
48394.164003,7520,8983.317625
48684.88617,5231,8989.665608
48680.835292,5484,8996.62271
48522.361436,6827,9004.937299
48673.126162,4972,9011.025676
48669.594724,5589,9018.073152
48696.005802,5890,9025.265237
48770.655518,5604,9032.119849
48575.233392,5551,9039.124523
48687.835834,6069,9046.530654
48515.289419,5583,9053.370603
48419.578798,6494,9061.522003
48452.957117,7269,9070.31799
48776.299133,5769,9077.558212
48639.582837,6670,9085.647329
48599.202218,6568,9093.595948
48367.489383,6545,9101.783598
48511.657703,6460,9109.591426
48626.714523,6346,9117.604601
48561.446026,5320,9124.102208
48624.021753,5750,9131.136348
48610.02646,6353,9139.171732
48486.051532,6183,9146.713336
48736.888544,5659,9153.612551
48640.309942,5729,9160.864363
48637.477594,5795,9167.944502
48890.911772,4989,9174.051094
48393.060635,7643,9183.576929
31119.854875,3239,9187.57956
48728.268492,5355,9194.155026
48537.456276,6511,9202.365973
48825.835151,5309,9208.878196
43998.340271,6484,9217.07428
43630.345921,5663,9224.010137
45441.454845,6721,9232.365935
48701.075872,5838,9239.730355
48676.781799,5823,9246.844004
48661.765732,6309,9254.548553
48614.688092,5905,9261.989771
48546.313205,6204,9269.526085
48565.612834,6073,9276.888834
48398.457907,7125,9285.803403
48471.653436,5639,9292.678307
48701.301806,5804,9299.991649
48627.570101,5664,9306.916001
48700.634412,5320,9313.425366
43732.039004,6182,9321.160629
48577.058134,5445,9327.818758
48454.931629,7074,9336.434305
48532.621064,5932,9343.868835
48651.121737,6448,9351.695153
38235.77203,5737,9358.942185
43896.486054,6049,9366.250759
48645.558756,6016,9373.557188
48611.477106,5826,9380.898051
48775.684947,5599,9387.681683
48537.164517,6541,9395.589088
48560.275117,5533,9402.573253
43802.776773,4772,9408.375942
48608.847504,5815,9415.462894
43808.180194,5607,9422.49237
48565.309283,6666,9430.543907
43993.743185,4596,9436.120524
48642.571686,5558,9443.104395
48612.95742,5968,9450.349928
30239.581751,3862,9455.090781
48703.498679,5654,9462.194353
48355.014806,7363,9471.09549
48617.790149,6022,9478.380174
48525.785479,7009,9487.129339
48390.651177,6281,9494.752581
48709.642386,5711,9501.901311
48691.074098,5898,9509.032864
34742.677038,5035,9515.17476
48584.320397,5731,9522.35901
25655.00354,3353,9526.493193
5924.60416,1562,9528.51557
43573.0166,6553,9536.452284
48587.766907,5614,9543.532019
48665.583025,5740,9550.482028
47108.987386,5162,9556.747133
48633.689769,5688,9563.858249
34319.838752,5201,9570.212463
48201.404838,7050,9578.73673
43971.453859,5227,9585.30276
48575.723017,6509,9593.177348
41153.10196,7209,9602.149362
48650.632971,5599,9608.966941
48537.211382,6377,9616.691632
48806.929929,5321,9623.396123
34515.916739,4915,9629.35742
40628.528228,5936,9636.532222
48451.78524,6722,9644.939006
48517.899868,6114,9652.442909
48575.781092,5818,9659.54127
48475.91626,6059,9667.138507
43647.216875,7390,9676.103522
48405.651162,6242,9683.912879
48620.335604,6057,9691.309487
48461.117568,6621,9699.413905
48376.177604,7505,9708.776439
43205.197487,6111,9716.263492
48572.249995,6035,9723.855389
45513.748971,5986,9731.188756
40540.046161,6153,9738.743686
48547.787286,6186,9746.558419
37202.779784,5839,9753.728873
43908.081043,4978,9759.806508
48374.624824,7177,9768.766113
48491.978295,5555,9775.63968
48280.841016,7089,9784.517635
48640.15859,5364,9791.063306
23015.780394,3574,9795.503672
-2642.680036,634,9796.450226
48589.578572,5778,9803.708775
48586.63642,6218,9811.304001
43629.960362,5759,9818.343809
46035.595061,7563,9827.797416
48769.386536,4859,9833.739249
48603.990632,5451,9840.388479
42066.156095,5060,9846.807866
43340.809341,5401,9853.439469
48652.252521,5346,9859.960218
48637.881275,6072,9867.594582
37869.219979,4826,9873.473796
48607.732041,5529,9880.201619
48636.6162,5438,9887.045505
48315.579485,6769,9895.296754
48629.06218,6052,9902.691003
38474.974835,5391,9909.508609
43423.778564,4950,9915.531447
48588.449031,5530,9922.251764
48532.089297,5758,9929.529032
43958.49493,5713,9936.478635
48678.204449,5588,9943.311664
48655.641289,5687,9950.50687
48634.832168,5366,9957.051074
37797.51523,6050,9964.666125
48481.866511,6149,9972.163728
29502.620712,4006,9977.102114
30779.91828,3351,9981.252738
41361.291018,6088,9988.988822
48612.962785,5559,9995.776772
30427.107748,4741,10001.575836
43657.405362,5014,10007.968841
48608.365151,5711,10014.974311
36387.783059,4921,10021.067179
48494.900926,6111,10028.751385
48684.626967,5116,10034.970941
9959.800036,2783,10038.436088
35270.49769,4495,10043.914299
48614.37443,6172,10051.687695
48585.098045,5839,10058.793528
48661.294689,5859,10066.144437
48328.686551,6303,10073.847822
48098.832005,8463,10084.131917
48565.115787,5898,10091.556121
48199.566546,7742,10100.961429
48352.052515,5991,10108.54463
48801.348462,5168,10114.83248
36855.209012,4163,10119.939759
48592.198128,5752,10127.193042
48494.683683,6352,10134.953631
48583.322585,5582,10141.788568
39870.829033,5890,10149.260769
35971.350537,5158,10155.617303
8949.030304,1785,10157.891962
42428.389282,4596,10163.531177
41833.900698,4647,10169.467988
25282.171347,3066,10173.250599
38618.125849,5612,10180.104139
43146.597886,5176,10186.401833
38080.040743,5425,10193.290993
38991.526335,5324,10199.798524
48709.517354,5462,10206.466249
34756.817509,5414,10213.327413
30115.766725,4424,10218.787613
48415.362817,6514,10226.745754
48646.235301,5902,10234.198227
48640.049983,5312,10240.713563
48434.747587,6681,10249.095572
41382.778776,5589,10256.004236
44260.419996,5492,10262.726488
48507.948678,6091,10270.538461
48681.967717,5816,10277.694232
48386.697518,6670,10285.852134
39030.270273,5155,10292.43047
42582.118785,5754,10299.505899
40413.550589,5682,10306.469237
45285.810985,6412,10314.556234
48627.776948,5532,10321.314555
27436.39678,4621,10326.985568
48663.355486,5810,10334.316787
31963.762351,4545,10339.89238
43902.465779,5239,10346.284472
38404.339968,5369,10353.098314
43654.814459,6037,10360.465054
38919.322802,6605,10368.594529
33820.594675,4095,10373.879615
36993.17347,4272,10379.129594
42947.326009,5109,10385.362209
42194.8721,4974,10391.705004
42840.354664,5608,10398.574207
48714.408737,5268,10405.059569
42725.607713,5987,10412.645448
48776.240008,5283,10419.082667
36037.834991,4504,10424.600414
32876.335864,4061,10429.586197
42954.029525,5278,10436.341961
30860.370819,3513,10440.694727
41827.040318,6000,10448.065273
43983.610985,4785,10454.146458
39096.453899,5043,10460.330546
34679.370496,4642,10466.005143
43685.853397,4850,10472.137871
42123.331531,6327,10479.931252
31276.241447,4843,10485.904711
39239.598594,6036,10493.56266
35007.576601,4898,10499.537637
36798.595356,4365,10504.875673
30480.08443,5050,10511.018641
37020.926122,5479,10517.926713
36927.019953,4386,10523.301603
34532.316838,4161,10528.418449
45480.2472,6139,10536.123337
47367.271825,6024,10543.42244
35035.624792,4247,10548.598049
35347.425861,4572,10554.400287
48508.189905,6157,10561.929943
32794.976697,5814,10568.999058
48759.915219,5504,10575.930457
48158.771803,8937,10586.704766
39938.660491,5374,10593.475345
47313.203209,6917,10601.903895
36614.631691,4370,10607.257756
31896.833656,4862,10613.203964
34587.975078,5610,10620.255691
44047.920772,5250,10626.607298
34667.74416,5344,10633.090867
36695.856711,5910,10640.638646
43382.304178,4700,10646.384626
46201.108819,6429,10654.484618
47414.838357,6998,10662.943555
32777.733655,4756,10668.75333
38905.11458,6146,10676.509443
27206.857531,3955,10681.371916
31608.805223,4190,10686.529035
40439.636068,4932,10692.577303
37009.069595,4521,10698.372806
40690.850071,5876,10705.567232
34231.859285,4500,10711.069029
24595.255853,3494,10715.613597
32537.282053,3966,10720.51578
32556.318532,5490,10727.236681
45390.911746,5122,10733.520724
38895.970766,5353,10740.322528
4406.959559,1203,10741.933928
33414.118999,5004,10748.066951
39937.945647,6019,10755.403356
38267.840773,5415,10762.287279
39748.509594,6084,10769.732323
41691.284973,5015,10776.108546
35885.781035,5593,10782.922008
9401.25879,2898,10786.505573
43676.576203,5124,10792.713785
28346.416216,3896,10797.768532
39461.663741,6394,10805.584943
33180.373559,4479,10811.114266
30498.599902,3535,10815.467476
28528.924668,4285,10820.970051
34164.939003,5026,10827.115646
32035.153136,4773,10832.976864
48330.288803,5852,10840.385369
32339.645345,4651,10846.105357
20521.566856,2963,10849.759995
31898.551576,4432,10855.202139
30710.841804,4877,10861.379706
35621.945115,4470,10866.879651
32602.95956,5118,10873.07805
29115.93661,4267,10878.516453
30769.866325,4846,10884.434844
31487.361952,4223,10889.593671
32705.961421,3997,10894.47414
29381.370898,3767,10899.34256
30908.587575,4626,10904.975128
43757.831542,5188,10911.291412
30555.830839,3708,10915.852098
30375.919142,5391,10922.648469
30317.68395,4647,10928.34028
47271.013338,5821,10935.439049
35166.300533,5618,10942.548092
34193.228165,5680,10949.433008
37363.32062,5120,10955.677278
32273.566864,3748,10960.502344
25435.765876,3995,10965.375649
34574.746143,4785,10971.213931
36645.952538,5794,10978.285856
33188.667085,4947,10984.535434
30133.734698,4409,10989.972297
48356.504132,5843,10997.116229
32691.805602,3627,11001.803638
32559.701478,3861,11006.55886
42010.545624,6090,11013.995827
31748.920386,3530,11018.373569
23648.756092,2950,11022.234235
25658.926009,3403,11026.425968
29658.245482,4575,11032.000385
43680.218847,6993,11040.731417
31994.230342,4618,11046.42585
37954.744266,5208,11052.866049
26802.113919,3547,11057.223942
43276.565983,5091,11063.676948
44429.487903,4993,11069.761627
29748.742806,5343,11076.273332
33705.530668,5668,11083.395576
31012.866272,3945,11088.246423
38095.398094,7125,11096.938785
48686.486458,5099,11103.363887
38449.850452,5544,11110.132641
29844.444913,4467,11115.568959
37398.264261,6998,11124.280638
32814.140112,4613,11129.918258
42103.098052,5905,11137.111639
44266.233201,6558,11145.357137
28738.911163,4019,11150.30561
33752.777196,4737,11156.085254
36324.117278,5858,11163.442665
37106.864225,4759,11169.287299
34436.577788,4821,11175.17248
33243.731213,4779,11181.054017
43580.222271,6156,11188.742674
6767.39618,1760,11190.98215
48404.437099,6955,11199.395434
27433.140934,4054,11204.621977
32243.234402,4339,11209.943926
38690.71669,5248,11216.366856
33861.341666,5334,11223.12246
30512.583104,3490,11227.395048
40223.314288,5562,11234.176882
31307.83907,4177,11239.278172
31740.75061,4442,11244.945616
43671.645306,5532,11251.691101
27005.122239,4593,11257.269125
33951.735134,4629,11263.144593
34160.740268,3913,11267.948269
35119.928982,4862,11273.896345
29988.624964,3623,11278.349579
29801.297007,3589,11282.98858
35447.771237,4836,11288.875477
36287.301713,5483,11295.60325
11297.093646,4448,11301.028119
36941.668434,5003,11307.389108
34051.178168,3723,11311.965206
40870.37955,4486,11317.472164
32179.995703,4843,11323.622525
32490.126962,4025,11328.567941
33158.925255,4395,11333.949268
29918.638885,4189,11339.044641
31524.585058,4829,11345.156705
39755.281299,5556,11351.956409
34516.645092,4589,11357.604661
36384.675039,5494,11364.54759
39265.42851,5297,11371.007989
26948.346581,3603,11375.400684
41738.685463,6871,11383.778445
34882.834976,5190,11390.336953
29837.101804,3947,11395.141146
28080.804873,4807,11401.008482
32137.705565,4871,11407.196974
31743.357762,3736,11411.767331
31087.531639,4881,11417.737752
32962.157084,4865,11423.718668
48481.222813,6324,11431.626359
30372.072611,4787,11437.451702
39338.412571,4401,11442.849234
30747.263637,4034,11448.002876
39095.282181,4989,11454.061026
37056.134255,4688,11459.749282
10610.437824,2704,11463.186305
34902.415616,5026,11469.566455
35057.369253,4429,11474.987255
31436.310545,3413,11479.188523
34908.331162,4707,11484.954844
32007.171996,4476,11490.64218
48383.258434,6354,11498.295756
33558.990892,4002,11503.186511
8129.992657,1935,11505.873734
37267.511088,4509,11511.41992
36700.484935,6040,11518.759399
31767.715056,3961,11523.632174
39108.896,4561,11529.434279
28723.636835,3385,11533.588814
36967.735194,5858,11540.722464
30728.079918,4788,11546.790342
36513.607757,5698,11553.719331
24742.519214,3355,11557.844993
10007.374409,3158,11561.767441
48254.560138,6988,11570.453787
35397.91362,4470,11575.890281
12202.136291,3387,11580.056812
31388.677732,4022,11584.968057
36239.248538,5562,11591.975335
43313.614758,6667,11599.995388
-876.695195,291,11600.472929
48335.809912,5982,11607.963702
27048.391749,3540,11612.296026
25271.730196,3730,11616.839724
27861.853998,3447,11621.100481
32477.77335,4530,11626.630468
32488.750232,3941,11631.679349
48138.902623,6706,11639.848439
37616.64723,4376,11645.200428
43184.483188,5953,11652.761147
44097.33988,5681,11659.681006
28724.695718,3617,11664.143638
33044.127092,4063,11669.390752
27916.963982,3933,11674.211863
40915.220234,5886,11681.421059
9053.094759,1805,11683.747352
8490.338019,1567,11685.76724
32132.507651,3619,11690.484428
32797.330033,5383,11697.114771
48520.801998,6078,11704.528388
26297.980224,3943,11709.634716
-1231.037108,590,11710.501766
48321.422142,6160,11718.009534
28321.575769,4121,11723.082929
10329.559923,3241,11727.129299
40256.797617,5507,11734.136486
47883.536692,8402,11744.593007
37618.320868,6373,11752.714504
37625.720636,5715,11759.798969
40633.423714,5175,11766.153133
32009.692878,5421,11773.046645
30779.269068,4682,11778.788229
29131.892783,4836,11784.74176
28123.921225,4761,11790.826777
29183.842806,4796,11796.703106
38351.23198,5166,11803.039598
9164.228204,3832,11807.734524
28764.024262,5146,11814.266031
39202.828036,4625,11819.970711
31573.82272,3969,11824.859018
43304.028501,5659,11832.015232
33487.227991,5301,11838.491863
29688.254752,4588,11844.087083
33526.661199,4735,11849.887044
41090.143147,5170,11856.447791
27321.03053,4397,11861.8527
27865.844764,3683,11866.377346
28562.688087,4875,11872.580676
33808.414097,3812,11877.243093
35282.225865,3793,11881.894055
32104.573061,4158,11886.975805
33186.688394,4553,11892.823436
45006.222432,5730,11899.84215
38560.223816,4756,11905.680756
37656.935321,4670,11911.405225
33140.472237,4556,11917.231054
48099.160595,7945,11926.839694
36368.647016,4456,11932.316243
37434.27376,4748,11938.365037
33686.55583,4097,11943.376877
35243.515257,4719,11949.142584
39030.522403,4956,11955.474583
24069.80386,3197,11959.401416
48222.627087,6855,11967.732941
12986.586126,2335,11970.658281
36007.30739,4448,11976.343323
36399.284219,5652,11983.302119
36743.46479,4997,11989.428862
38096.755258,5902,11996.91569
30768.182583,3224,12000.879204
37450.088434,4828,12006.782354
31608.291851,4635,12012.444846
-1720.404624,249,12012.865657
32514.507528,4527,12018.660175
31346.520581,4172,12023.78859
29502.593375,3503,12028.11392
38080.129033,4700,12033.884364
37330.74235,5958,12041.407867
31600.631537,3687,12045.932689
48510.980941,5608,12052.764549
28257.945375,3851,12057.731485
37215.244163,7005,12066.347501
31329.136611,4476,12071.843877
26772.029513,3446,12076.331757
48485.297305,6836,12084.625425
31013.119148,3968,12089.505894
35655.148836,4481,12094.981097
32955.464106,6060,12102.691503
26737.591791,3642,12107.159519
43310.611754,5849,12114.287358
6283.308012,1496,12116.461843
32331.515724,5978,12123.769908
43075.579175,5724,12130.786152
26364.263155,5607,12137.871944
29350.667634,3945,12142.718631
23730.081713,5151,12149.026424
8985.107751,3107,12152.879429
42165.407847,5207,12159.474911
36720.249404,6557,12167.456406
35025.450179,4777,12173.252034
38186.35353,4501,12179.003705
35378.764982,4154,12184.128699
5046.950562,1849,12186.490036
25363.289075,4201,12191.646676
34273.016229,4554,12197.505666
33767.766792,5229,12203.884525
28263.17813,6102,12211.283694
34115.223635,5137,12217.784388
6360.467289,1813,12220.096842
39620.720094,4515,12225.645253
28365.392734,5885,12232.848534
8202.413342,3276,12236.898726
40706.78348,5266,12243.536512
28441.084868,3503,12247.842969
6879.538127,1638,12249.960903
6871.699856,1944,12252.427044
35459.689034,4233,12257.590315
31236.770575,5420,12264.490408
33166.325929,4157,12269.613891
29035.496043,4927,12275.679272
40748.945117,4945,12281.984691
47861.820649,9323,12293.247514
29233.662037,4014,12298.15686
34847.814689,5650,12305.285039
31343.82801,4716,12311.051961
31151.108615,5255,12317.487094
7597.451701,1984,12320.262969
28261.430462,3642,12324.725033
34964.996759,4401,12330.130531
26158.075845,3945,12334.949743
25292.738536,4774,12341.038537
32095.77051,3915,12345.876102
37018.936696,6203,12353.463728
42235.015373,5518,12360.4727
38494.235676,4963,12366.565423
35274.099061,4197,12371.72409
48209.430247,7219,12380.700631
27738.121456,4691,12386.44878
29650.1652,3649,12390.933205
37183.924572,4790,12396.79651
48192.783965,7031,12405.560841
35854.752963,5684,12412.519235
35289.284852,5118,12418.76394
34086.894677,4916,12425.033169
8725.348574,1735,12427.254745
41848.419385,5982,12434.566552
28441.384885,4015,12439.485674
34696.588629,5500,12446.452601
32355.441418,5130,12452.743002
36809.851383,5335,12459.243291
27659.495156,4245,12464.830968
36856.500136,5242,12471.218066
36339.415587,5967,12478.515352
24944.624341,4497,12484.262638
23769.97081,3384,12488.430763
22972.263511,3611,12492.875892
24211.382092,2914,12496.4656
41032.038407,8030,12506.501534
21122.075683,4143,12511.588131
36534.835016,5137,12517.888153
29790.895397,3859,12522.858019
32833.253365,5249,12529.256858
33566.463516,6323,12536.957387
29466.519344,3548,12541.273079
29741.731202,5261,12547.960862
31279.239448,4124,12553.013877
29849.55169,4310,12558.307928
18335.411033,3615,12563.022249
26922.545794,4495,12568.514443
48009.244066,7172,12577.220088
21593.477687,4325,12582.520195
