#{"t_start": 1699135201.7334774, "env_id": "modulating_plainEnv"}
r,l,t
-2933.403269,548,1.506886
-2325.867131,420,1.941747
-1589.403341,251,2.239204
-2378.487858,358,2.644973
-1459.005684,295,2.971113
-1750.838211,425,3.463702
-2110.207942,354,3.881627
-1383.825149,362,4.304513
-1902.314571,340,4.683253
-1679.863284,397,5.093055
-2773.038762,487,5.577339
-2053.56565,498,6.076871
-2068.525653,480,6.554756
-2244.740569,349,6.925433
-1443.432013,258,7.213904
-1153.261296,349,7.56703
-2426.009293,664,8.182959
-1793.38359,283,8.496472
-1401.011108,299,8.818571
-1377.147269,426,9.24383
-2278.702812,350,9.607471
-1610.337609,404,9.999013
-1406.100197,272,10.297662
-1473.873657,295,10.623083
-2620.368883,395,11.031697
-1348.586232,248,11.314688
-1559.532717,266,11.611981
-2786.603715,949,12.449995
-1740.158402,297,12.78043
-1937.275495,343,13.145482
-1688.950923,305,13.470587
-1630.151543,232,13.745615
-1135.166612,278,14.053647
-1524.459406,284,14.372881
-3149.291283,660,14.998962
-2279.953488,356,15.373502
-2119.630417,362,15.752249
-1576.523206,397,16.149698
-886.439788,298,16.473207
-2193.277695,317,16.810252
-3009.183155,600,17.387652
-1794.073704,313,17.731776
-1326.080772,252,18.019697
-1949.716371,377,18.740509
-1583.948784,283,19.053176
-3474.944771,696,19.698029
-1675.646483,404,20.093672
-1931.394743,336,20.451227
-2248.547434,328,20.803844
-2222.287704,342,21.166115
-1499.946296,288,21.480865
-3719.705562,644,22.076488
-1362.954373,411,22.483055
-1986.392169,276,22.790787
-2445.666883,390,23.192425
-1943.14288,319,23.538378
-1779.777536,268,23.840935
-1109.720279,284,24.151559
-1328.457894,338,24.504154
-1499.333303,273,24.81318
-2473.109369,352,25.184845
-3093.594328,393,25.586798
-1435.680435,245,25.872921
-1632.225917,360,26.247892
-1428.547425,333,26.593464
-1780.221836,711,27.240242
-2670.991844,439,27.684325
-1891.193378,404,28.08468
-2953.447937,492,28.576945
-3291.32076,755,29.246481
-1749.774188,298,29.563563
-2154.402361,476,30.029102
-1334.753073,295,30.348139
-3050.987045,459,30.812544
-1391.684942,228,31.082505
-1470.43146,243,31.366709
-2503.925042,325,31.71916
-1472.913495,265,32.015735
-1480.316026,339,32.371332
-1983.664061,320,32.718869
-1305.516961,380,33.106958
-1175.646474,310,33.435999
-1459.956748,225,33.707519
-2601.318887,680,34.326771
-2713.299701,437,34.774836
-1902.239958,339,35.136766
-2241.646348,443,35.919209
-2080.297898,367,36.302947
-2754.764194,532,36.80813
-2474.721811,694,37.450241
-2115.023547,366,37.833263
-2300.991716,363,38.213818
-1740.764203,290,38.535371
-1519.886393,268,38.835435
-1588.845422,321,39.183638
-2068.477621,380,39.576614
-1972.933816,372,39.968859
-3563.868556,564,40.519562
-3332.205954,654,41.136649
-2017.495628,410,41.561513
-1244.744025,233,41.834034
-2574.776702,437,42.272068
-1589.862937,237,42.552861
-1366.983932,226,42.820874
-1926.592035,359,43.195066
-2511.070379,386,43.596476
-1392.210517,254,43.882534
-1985.19247,329,44.233186
-1824.105661,308,44.573075
-2414.958734,649,45.178788
-2530.38867,388,45.582923
-2037.407606,288,45.900902
-1350.562768,281,46.217004
-1415.825101,384,46.60358
-3266.866042,710,47.269213
-2501.311982,586,47.821836
-1764.111273,322,48.169538
-1588.52321,406,48.587278
-2527.944837,398,48.996886
-1954.887623,300,49.322626
-1893.401897,255,49.618776
-2283.528577,494,50.103867
-1891.703477,358,50.481719
-2015.980867,467,50.933636
-2042.692175,386,51.33654
-1907.804359,347,51.701528
-1497.770845,371,52.081159
-1512.45302,270,52.383617
-2074.704023,490,53.18422
-1685.321778,297,53.515532
-1394.847463,277,53.821546
-1573.393641,250,54.112429
-2403.896921,487,54.601274
-2351.189214,476,55.070111
-2525.450051,605,55.644374
-1310.993386,290,55.964962
-2103.974518,957,56.809874
-1705.905904,370,57.201342
-1407.914561,333,57.558488
-1767.643903,387,57.951502
-1444.708083,389,58.348937
-1688.80194,349,58.719897
-2255.955974,368,59.103067
-1885.562598,365,59.481575
-1572.266126,294,59.809308
-1489.600564,308,60.144124
-1541.422911,429,60.567443
-3060.517521,806,61.314812
-1004.829995,319,61.656769
-1592.520746,309,61.989143
-1764.447942,465,62.444078
-1789.266976,255,62.73981
-2575.985703,499,63.227559
-3174.896288,437,63.668409
-1399.127348,346,64.02977
-1584.033313,375,64.4212
-2688.670863,562,64.974771
-1876.496519,381,65.374246
-957.942827,423,65.801304
-1126.789382,341,66.154145
-1563.828374,431,66.587744
-2423.596408,548,67.116152
-1334.586799,285,67.427185
-2388.184611,552,67.946873
-1615.084426,255,68.242216
-3236.197619,992,69.132466
-2256.76217,397,69.864532
-2868.615895,456,70.319836
-2521.413593,459,70.780509
-1830.868907,424,71.198844
-1960.099313,359,71.575437
-1869.541277,403,71.980293
-1528.263661,344,72.341485
-1963.317323,372,72.720546
-1872.735788,309,73.058191
-2723.50188,493,73.545361
-1755.411299,335,73.899578
-1354.846773,226,74.171041
-2085.755038,535,74.694299
-1519.598025,266,74.998814
-2688.905684,743,75.690162
-2429.601134,480,76.162987
-1280.392938,326,76.511235
-1573.10633,354,76.880751
-1803.858928,363,77.257225
-2329.551577,360,77.637771
-1887.526621,359,78.014032
-2849.471983,796,78.717831
-1301.874133,378,79.096803
-2399.276777,395,79.508716
-3232.297791,578,80.045335
-945.261033,281,80.354473
-3326.87746,1032,81.2554
-1344.560025,251,81.549862
-2061.888416,306,81.880469
-1580.801597,258,82.17623
-1674.743889,342,82.540553
-1397.254626,448,82.982207
-1903.895002,358,83.362297
-1859.162024,444,83.803514
-2022.640353,473,84.255487
-2128.201578,365,84.628555
-2772.766437,447,85.077058
-1722.719654,301,85.407143
-1701.472517,292,85.725078
-2558.229131,425,86.498165
-1408.665983,356,86.869268
-3153.804427,595,87.44267
-2209.692302,596,88.013469
-1841.172533,353,88.379726
-1295.708514,345,88.741755
-2937.055695,868,89.52545
-1527.579348,391,89.921696
-1775.564033,317,90.265388
-2364.307849,336,90.623691
-1838.158223,309,90.96218
-1318.508538,393,91.364238
-1297.541642,290,91.677696
-2022.269753,369,92.060075
-2010.156775,304,92.397605
-1401.875914,365,92.776209
-1928.073275,352,93.147296
-2728.521014,478,93.616209
-2614.593396,464,94.083642
-1101.504338,361,94.450689
-2813.797463,440,94.893489
-2417.694655,340,95.258123
-1487.244761,391,95.65925
-2030.147375,342,96.021179
-1423.769676,314,96.353707
-1325.663634,251,96.644342
-2045.86225,378,97.036793
-2140.301517,340,97.39476
-1483.663833,307,97.723306
-2164.560975,349,98.09445
-1179.728272,346,98.454843
-1931.008604,515,98.967783
-1318.102676,252,99.260782
-2352.727639,412,99.679864
-1845.492519,259,99.9801
-1748.695456,363,100.373769
-2233.863545,369,100.765023
-3068.384684,798,101.50749
-2300.244913,459,101.963287
-3550.329214,488,102.439778
-1875.119916,333,102.790575
-1384.340162,232,103.068171
-1909.08919,375,103.788987
-2241.56437,366,104.166987
-1188.882631,407,104.580425
-1534.092032,246,104.866726
-2914.791876,568,105.411604
-2732.998009,528,105.929236
-694.89286,322,106.271691
-2507.428797,377,106.663275
-1459.168228,277,106.976128
-1715.347461,343,107.336444
-1728.879424,323,107.683486
-2758.748972,503,108.161836
-1799.238741,388,108.561062
-2367.667841,393,108.967134
-2863.246619,477,109.446287
-1779.836585,368,109.822454
-2068.260598,489,110.29359
-2106.890256,444,110.740615
-1257.417606,277,111.055123
-2164.376757,335,111.408561
-1486.449273,312,111.752029
-1648.280954,273,112.062593
-2693.256312,471,112.523747
-1807.101812,357,112.898604
-2633.600981,403,113.31708
-1930.010905,464,113.780639
-2524.457297,459,114.240409
-1492.745207,384,114.630746
-1549.471367,235,114.908761
-1636.058495,364,115.286803
-1084.956915,756,115.9754
-3007.072012,631,116.565082
-1160.741673,295,116.879868
-2799.524647,488,117.367185
-2073.691983,354,117.74842
-2869.873394,367,118.131883
-2812.815319,417,118.558456
-1274.871655,372,118.935089
-3083.48527,561,119.479416
-1537.985055,243,119.765573
-1493.42413,337,120.133479
-1257.103049,284,120.779898
-1537.9854,400,121.182987
-1295.697538,378,121.568064
-2040.12011,376,121.968669
-2565.290241,344,122.360125
-2875.502937,617,122.968621
-1420.546746,357,123.343749
-2166.058319,931,124.206642
-1151.495154,281,124.563161
-958.943218,412,125.03036
-2353.893945,424,125.493784
-1248.312693,409,125.918332
-2761.277873,573,126.462184
-1389.030905,465,126.909863
-1117.098256,332,127.26251
-1761.085451,415,127.679851
-1660.296922,349,128.07695
-1280.146191,488,128.622972
-1834.294925,356,129.034508
-3050.447957,465,129.503277
-2408.30153,436,129.941768
-1327.902284,258,130.231637
-1936.149779,482,130.704386
-2130.99614,570,131.248724
-1414.040424,365,131.622131
-1229.515926,294,131.945308
-2510.673864,517,132.448281
-1568.426729,335,132.802268
-2198.185433,499,133.288533
-1644.809548,309,133.628853
-2347.068132,453,134.067843
-2023.560741,325,134.406534
-2234.37288,513,134.905473
-1673.744635,623,135.488362
-2450.992714,1093,136.445348
-2925.577491,493,136.934495
-1795.417699,367,137.322228
-2574.706471,519,138.184637
-2061.04546,651,138.794201
-1690.709206,401,139.211115
-3103.110517,633,139.813612
-1840.333011,521,140.335774
-1908.108922,347,140.701428
-1940.671293,391,141.100739
-1814.156553,476,141.57434
-1935.064883,450,142.02711
-1412.463399,345,142.38464
-1605.587464,380,142.775785
-2053.956373,421,143.195089
-1278.561276,342,143.549606
-1117.52248,343,143.915042
-2096.011966,366,144.291216
-2607.024859,492,144.771689
-1627.80449,444,145.215559
-2429.243228,482,145.680767
-1491.803428,394,146.08597
-1858.109398,362,146.46309
-3531.378423,739,147.143422
-2946.040777,513,147.633219
-1917.062551,742,148.307235
-2226.339618,491,148.795636
-1437.277477,363,149.171252
-1420.172774,368,149.553445
-1169.418055,361,149.935665
-1621.047168,369,150.312451
-1345.564935,410,150.722687
-2521.589784,465,151.187744
-1401.707332,249,151.476198
-3063.371575,737,152.157526
-2554.543719,559,152.701827
-2950.975337,609,153.286366
-2401.888731,500,153.774717
-2980.652095,524,154.605928
-2446.114693,535,155.116169
-2460.394177,534,155.635246
-1766.124231,378,156.023265
-2905.484156,471,156.49339
-1784.972533,491,156.983304
-2213.310751,357,157.363179
-2426.954631,507,157.851104
-1876.045618,633,158.451251
-1342.859802,251,158.734922
-1540.114177,754,159.428897
-2120.694637,535,159.93745
-2374.57789,527,160.450294
-2498.812203,484,160.931376
-752.129835,339,161.285297
-2366.6025,711,161.93519
-2113.441904,396,162.341786
-1755.163001,378,162.725518
-3001.702226,689,163.367228
-2205.450171,448,163.815112
-2386.247466,383,164.209554
-1365.655045,243,164.493387
-1558.989678,313,164.832268
-1938.851988,648,165.442291
-1315.143384,462,165.901986
-2883.735682,695,166.543435
-1486.698193,329,166.890137
-1623.181522,339,167.256931
-2996.343244,741,167.934586
-2404.615704,807,168.675379
-1657.78382,417,169.095348
-1218.897664,334,169.445362
-2924.83439,707,170.112216
-1041.503294,309,170.771153
-1155.904176,318,171.108038
-1546.083627,358,171.478278
-1175.669756,328,171.827077
-1072.906404,286,172.136514
-1879.961284,503,172.630763
-2242.973235,482,173.109161
-1339.738961,446,173.544124
-1924.244351,490,174.025341
-1301.159261,266,174.329979
-2060.804986,438,174.765991
-2488.075286,567,175.300569
-1489.40603,363,175.674829
-2110.42595,523,176.1836
-1904.098885,495,176.670005
-2220.973577,492,177.14704
-1573.496172,465,177.606532
-2053.327538,431,178.047694
-1779.283761,423,178.477476
-1462.658642,382,178.866598
-2224.461572,493,179.347533
-2570.088459,587,179.92118
-1037.346386,349,180.291422
-2386.291777,917,181.108252
-1252.996652,361,181.483015
-1548.995743,370,181.864353
-2093.293956,545,182.386523
-3240.006361,673,183.008967
-1895.904324,399,183.417708
-1681.907908,312,183.753749
-2092.934626,466,184.216381
-2717.004764,499,184.710349
-2632.401881,1113,185.693517
-1159.619988,352,186.062369
-1824.244923,373,186.449871
-2314.60222,489,187.257472
-2051.194898,661,187.858061
-2041.189366,435,188.2896
-1860.383566,345,188.654442
-2122.409484,385,189.058046
-2046.604063,357,189.435918
-2324.917605,464,189.903755
-1947.116013,394,190.308246
-1601.873366,424,190.737808
-2069.236142,595,191.309147
-2100.98794,439,191.759552
-3065.186452,616,192.348904
-1817.649246,432,192.785944
-1606.97945,394,193.192934
-2423.830421,577,193.754649
-2106.496532,457,194.214415
-2386.634524,431,194.64207
-2266.70918,675,195.271238
-2019.596322,367,195.663185
-1878.719455,407,196.076146
-1743.707101,358,196.450234
-2989.362452,525,196.964343
-2264.811105,472,197.41984
-2867.641166,527,197.935709
-2992.222857,682,198.567708
-2232.338445,398,198.974451
-1816.437284,432,199.406934
-1949.795044,455,199.854801
-2248.093938,558,200.390527
-1958.651278,399,200.795013
-2673.30731,543,201.315989
-1834.986909,338,201.666832
-2313.681804,411,202.08459
-1167.041094,259,202.381546
-2108.530065,501,202.876122
-2257.209204,480,203.348925
-1133.152416,377,204.089123
-1853.696356,592,204.653517
-3030.945233,582,205.215768
-3430.36677,576,205.755048
-2277.635411,371,206.144416
-1624.825688,474,206.617437
-1373.567275,466,207.082751
-2274.282883,810,207.805332
-1539.123271,291,208.134356
-1273.929974,313,208.472056
-1082.352276,453,208.924285
-1478.119304,430,209.358645
-2368.27507,474,209.833919
-1452.136189,334,210.181337
-1100.315746,369,210.553038
-1513.169342,404,210.959634
-1372.860858,431,211.392599
-2490.574904,620,211.970282
-2815.027259,864,212.745487
-1163.917237,400,213.149689
-1990.261752,370,213.536937
-1557.728884,370,213.916353
-1554.325649,338,214.275202
-1908.644076,389,214.674229
-1773.643272,283,214.991868
-1135.058951,370,215.377659
-2937.820941,863,216.159154
-2439.461382,692,216.802158
-2592.208632,579,217.355792
-1288.666373,315,217.69531
-3595.625475,777,218.395452
-2286.892456,523,218.909165
-1845.548873,400,219.317497
-1309.781581,405,219.729352
-1616.438588,274,220.36056
-1901.644196,420,220.773741
-2340.174038,398,221.183982
-1198.106757,414,221.602377
-2400.68042,709,222.251229
-3569.189637,720,222.910128
-1839.370241,356,223.275788
-1906.928607,302,223.608733
-1700.454569,502,224.087943
-2442.317886,529,224.584275
-2759.401076,578,225.144482
-1234.191499,284,225.454907
-1963.738471,510,225.932867
-1406.340955,566,226.484102
-1069.568139,595,227.044412
-1075.843408,307,227.374555
-1927.141946,462,227.815405
-2433.73507,582,228.36684
-2018.323607,414,228.784495
-2858.219652,490,229.273367
-1652.607699,353,229.643884
-2158.342123,426,230.079154
-1863.09057,648,230.679458
-1857.187358,372,231.066767
-3176.619902,655,231.681699
-2102.167898,502,232.174423
-1919.815035,441,232.620962
-1217.63739,521,233.125834
-2148.110213,522,233.639322
-1945.178205,359,234.017225
-1604.604009,385,234.415436
-1455.853897,326,234.754078
-1953.43822,481,235.227905
-1715.979635,383,235.616016
-2075.212333,911,236.747818
-1833.623197,380,237.139665
-2958.570978,555,237.657598
-2223.137066,523,238.174916
-2021.11349,536,238.694788
-1478.27472,380,239.076954
-1793.069673,354,239.439785
-2416.191072,474,239.907886
-2415.480831,595,240.481087
-1179.878942,305,240.812006
-2126.897763,344,241.17516
-718.326982,815,241.908351
-1670.122177,350,242.277405
-1214.664658,315,242.618891
-1155.53046,470,243.083713
-1565.859187,504,243.569078
-1859.950519,369,243.947933
-1929.285463,467,244.396421
-1755.89458,356,244.768694
-2164.651488,418,245.196323
-1642.050291,361,245.576555
-2407.37473,382,245.97482
-1070.249808,404,246.375745
-812.622122,1028,247.270599
-2769.05694,519,247.760995
-1809.016976,401,248.17318
-1206.684273,267,248.4804
-725.990999,439,248.907624
-1894.189733,427,249.334475
-2866.619949,646,249.928431
-2267.37655,512,250.425822
-2219.539787,416,250.844934
-2565.836103,542,251.347168
-2454.31498,479,251.803761
-1616.098435,343,252.173937
-1802.625462,376,252.565968
-836.546691,362,253.267862
-1343.151629,451,253.717471
-1824.202934,306,254.057924
-3225.465435,818,254.782676
-1118.371209,414,255.197995
-1730.263375,300,255.523212
-1855.311363,386,255.918524
-1735.524834,617,256.494834
-2189.987591,948,257.339901
-2776.199689,681,257.963967
-1665.086385,538,258.481387
-1454.597874,744,259.16413
-3069.88991,649,259.768313
-1203.598185,400,260.163031
-1908.670527,726,260.820735
-3441.262082,1017,261.707009
-1581.705232,637,262.293769
-2049.972592,457,262.748289
-2630.882229,675,263.373885
-1511.688299,350,263.726128
-1469.049364,573,264.266844
-1579.211581,863,265.043054
-892.051754,293,265.364055
-1306.166637,466,265.811993
-1767.259196,507,266.307586
-1958.825295,372,266.685682
-2937.228298,659,267.301409
-2001.504451,605,267.869597
-1977.0507,1030,269.115144
-463.378792,584,269.65781
-1995.612497,367,270.040918
-2678.671884,593,270.599159
-1244.184091,376,270.989518
-1712.012152,353,271.356379
-1912.123531,501,271.838627
-1921.205517,545,272.337718
-1632.73644,415,272.741999
-1312.12977,325,273.09113
-1293.711789,616,273.664856
-1512.061708,342,274.030529
-1708.256224,379,274.419013
-1148.890138,268,274.724516
-1720.674857,304,275.059915
-2617.319098,793,275.774093
-1663.323022,458,276.225226
-1478.617624,537,276.731745
-1792.319675,399,277.141539
-1791.982723,519,277.634018
-1837.541726,329,277.983164
-1091.278643,310,278.312516
-1317.405941,370,278.69733
-1747.9006,461,279.148726
-2533.052808,763,279.845864
-3132.094731,898,280.649952
-2105.314001,478,281.117058
-1389.404105,497,281.596343
-1042.913974,464,282.043781
-1253.13186,340,282.398487
-1627.289841,668,283.009475
-2109.027657,373,283.405912
-1111.12034,296,283.723878
-2188.159314,533,284.237017
-1331.690216,342,284.585243
-2480.886407,552,285.445298
-818.332284,508,285.937089
-1784.972599,346,286.303097
-1665.851167,388,286.696308
-1164.57905,613,287.268668
-2340.516434,498,287.751875
-1276.093295,493,288.236823
-2708.913971,869,289.00936
-1942.781126,503,289.504288
-349.077461,1246,290.553493
-2262.637859,1011,291.433077
-2909.194984,762,292.122617
-1538.936165,586,292.673882
-1625.562435,982,293.530079
-3386.550906,689,294.154204
-1104.656854,482,294.619574
-944.701242,486,295.095797
-1788.845547,472,295.560717
-2713.740016,515,296.065253
-1104.667945,545,296.584376
-1294.535186,480,297.053274
-2267.947404,481,297.510759
-3283.842674,1366,298.694851
-1876.162201,528,299.232777
-1622.315199,392,299.645136
-2138.935186,438,300.085507
-3453.710438,691,301.046318
-1817.036538,430,301.492227
-1974.028667,556,302.013733
-1986.541538,424,302.445922
-1584.021237,598,303.001832
-2473.496098,415,303.424271
-2063.553451,494,303.904282
-715.777924,594,304.459042
-2923.139445,620,305.049061
-2143.00616,393,305.449759
-2796.312603,2111,307.21552
-1221.344621,239,307.497274
-1758.601812,596,308.05887
-3333.00304,966,308.906795
-2187.084286,449,309.351209
-2306.844192,514,309.848832
-1589.418436,927,310.659239
-931.850541,430,311.08333
-1600.722281,355,311.449702
1331.982975,834,312.186622
-2229.936443,625,312.76936
-1366.785365,639,313.359838
-591.659552,751,314.030158
-1358.385313,395,314.431222
-1541.043223,377,314.81934
-2511.528826,920,315.644476
-1394.71364,292,315.970816
-1773.09213,396,316.744226
-2208.554928,603,317.318447
-3172.921021,626,317.908893
-2441.634358,939,318.731369
-1814.786508,590,319.290541
-2135.68935,532,319.795409
-1256.622133,843,320.546566
-735.286544,640,321.125508
-1229.776763,782,321.812354
-1599.320184,434,322.242761
-1151.305502,177,322.472733
-2995.722991,941,323.286688
-1432.018109,434,323.709605
-1342.300081,506,324.188434
-1227.624952,764,324.8626
-1500.369736,455,325.311798
-1504.134344,830,326.045698
-3058.295586,745,326.722392
-1127.842961,358,327.095052
-1615.519122,550,327.605087
-1721.999446,857,328.359067
-1693.528884,319,328.696351
-800.731787,340,329.056571
-2154.585131,691,329.694391
-1991.611318,1124,330.660415
-1796.31439,381,331.053066
-3583.257557,1360,332.500826
-1465.294273,733,333.154692
-1336.488922,588,333.695418
-3454.569338,824,334.42804
-1999.96369,471,334.880946
-1523.325428,454,335.328075
-1029.171596,178,335.558708
-977.259416,812,336.261929
-3816.562076,885,337.020111
-2149.463816,426,337.435225
-1457.695034,349,337.802184
-2184.998289,586,338.344505
-2166.80732,654,338.951494
-1084.728376,481,339.432729
-1893.5334,549,339.957325
-2315.237087,756,340.638008
-3416.098169,412,341.053643
-821.140141,478,341.509477
210.701801,1135,342.46563
-1459.422011,351,342.833488
-1565.408642,430,343.252854
-1666.846031,822,343.9766
-1541.575923,341,344.355576
-701.722682,591,344.909009
-1017.52095,380,345.293397
-1892.211888,321,345.646707
-2093.910018,884,346.416089
-1683.79295,463,346.876534
-2157.074135,775,347.890821
-360.818874,478,348.360659
-2073.908207,498,348.847378
-827.44243,814,349.584179
-1089.792273,296,349.903297
-909.69509,289,350.215879
-2682.993521,1232,351.260722
-1266.057056,344,351.617868
-3561.089563,904,352.380536
-1127.3159,471,352.836146
-1271.965513,380,353.211355
-2708.656304,603,353.775853
-2418.95964,474,354.22903
-3411.361548,677,354.861792
-1088.679584,530,355.3571
-1949.224638,542,355.866977
-903.362829,572,356.389497
1049.900995,909,357.180625
-1457.554668,341,357.537858
-1348.297651,370,357.905919
-1422.729337,344,358.256558
-3627.671378,862,359.009722
-2103.391009,1245,360.062275
-1699.382199,399,360.478382
-897.934742,363,360.854537
-1517.975911,1117,361.819444
-1595.724864,638,362.408868
-2404.57546,725,363.432845
-1143.953938,1183,364.446889
965.889774,763,365.197587
-2703.140936,614,365.839603
-665.506443,866,366.650683
1396.889121,1230,367.686554
-2283.228014,882,368.46744
-810.322845,767,369.167369
-2142.120722,593,369.714341
-2064.406308,633,370.296841
-1340.180847,318,370.648036
-3399.00344,794,371.362307
-3982.827721,1551,372.646837
-1465.127959,656,373.235306
-1204.755922,467,373.689176
-3819.664959,1094,374.639814
-987.173632,426,375.072715
-92.117632,594,375.643341
-1436.882197,391,376.048694
-132.494749,485,376.519828
-1617.21603,345,376.88231
-1217.775118,429,377.306792
-1282.55951,570,377.842227
-2179.396614,719,378.85842
-3005.982676,1299,379.926733
-2496.359967,648,380.520562
-1261.964553,671,381.133349
-1853.255441,640,381.712957
-696.915702,717,382.348661
-1603.884637,472,382.810766
-1829.607962,388,383.201333
-897.682843,492,383.665054
-1933.178666,570,384.204469
-1759.376871,363,384.576876
-3658.858347,1263,385.633512
-173.699747,738,386.294449
-867.071029,958,387.128055
-1844.090188,523,387.616172
-1386.79234,271,387.91687
-1091.528005,703,388.538712
-1943.648334,488,388.995226
-2753.186488,774,389.69927
-1733.511893,383,390.093763
-2276.361754,661,390.696509
-3564.231702,547,391.214842
-1789.139576,774,391.877439
-2039.242593,413,392.293977
-2211.013517,558,392.8248
-1891.361616,397,393.227688
-2210.92919,431,393.995136
-3321.510616,849,394.751055
-3342.042972,853,395.503744
-1374.118603,357,395.874973
-1881.484622,831,396.594736
-3863.808377,1182,397.571242
-2835.032637,1121,398.521474
476.805306,1385,399.679379
-920.334842,522,400.197751
-1715.707896,366,400.579644
-1936.93994,549,401.095865
-1595.108563,708,401.730137
-2817.015834,697,402.352948
-2158.427549,537,402.852065
-1383.726607,577,403.389316
-1162.032396,346,403.74819
-3282.474633,1099,404.699555
-2183.178075,825,405.425066
-923.706771,446,405.861212
-1493.535986,444,406.296216
-1730.943735,352,406.655214
-976.866039,505,407.130185
-1083.280146,433,407.558398
-2095.162449,809,408.272694
-3444.135302,1527,409.855393
-1476.708145,508,410.352139
2665.552636,935,411.154328
-1947.877243,496,411.63146
-2481.799704,927,412.441072
-1445.757386,679,413.044189
897.091436,746,413.698835
-1147.117626,652,414.293253
-352.852769,593,414.835583
-1881.955441,779,415.50853
-3324.917416,1411,416.67231
-1287.54679,723,417.308794
-1183.742301,752,417.95857
-2024.045192,505,418.445866
-2545.845051,1542,419.705657
-2770.844471,689,420.345099
-1627.46048,490,420.818957
-1895.174078,721,421.463687
-1359.202941,599,422.016835
-3354.130566,862,422.765379
-2452.337032,581,423.305251
-3368.609799,649,424.241144
-1065.334904,342,424.597881
-3964.861259,1316,425.685581
-700.268049,834,426.409957
-1546.02471,1007,427.287385
-1839.137225,413,427.712063
-105.050537,515,428.200306
-1707.898621,419,428.606069
-1153.307057,803,429.326972
-1578.715993,579,429.858073
-3280.038017,810,430.569188
-880.753514,969,431.400454
-2808.98077,738,432.065682
-1237.592167,796,432.75933
-1365.334269,443,433.191181
-1038.541763,708,433.820334
-1142.140438,379,434.20332
-2508.128382,867,434.962024
-1929.84229,1084,435.885749
-1265.236867,1352,437.021784
-2626.513158,900,437.797844
-1785.29872,487,438.274579
-1405.579021,486,439.071
-1031.258593,615,439.629923
-2425.661259,900,440.433974
-1000.667545,628,441.000603
575.603323,1320,442.100762
-1436.380343,352,442.467594
-3493.801768,2269,444.26855
-2099.715304,518,444.767428
-4072.20226,1605,446.068488
-2384.915573,558,446.593852
-2391.411556,426,447.02982
793.892251,535,447.542299
-1339.993073,385,447.92912
-1498.959551,514,448.412988
249.670611,705,449.04266
-2703.824337,877,449.794747
-3839.925329,1041,450.668023
-1639.274754,327,451.014659
-93.993872,556,451.511342
-1158.449663,406,451.903566
172.955786,1280,452.982581
-3397.089698,772,454.011506
-1223.839311,1456,455.203165
-3230.671485,832,455.944689
-759.596621,514,456.430202
-1938.828327,771,457.118546
-201.158914,277,457.421668
-1017.032879,296,457.739763
-1209.424426,365,458.112326
-2875.926687,806,458.82956
-1220.336955,312,459.166424
665.55441,885,459.930412
-3291.51597,1738,461.354455
-1237.256407,469,461.795478
-1820.663852,391,462.195468
-2889.084674,577,462.748937
-2181.582935,877,463.528072
-1508.665833,382,463.913605
-1675.799947,1395,465.07353
-3734.266955,882,465.833626
-1259.191753,692,466.456422
-609.66984,1405,467.631988
-1123.743688,1029,468.841645
-2730.307607,993,469.687292
-3622.362025,995,470.531202
-1481.172709,619,471.103685
395.058668,648,471.688934
-1575.440242,572,472.213801
-3400.043099,719,472.844988
581.805594,1600,474.14238
-1586.545267,535,474.650909
-530.639537,989,475.50035
-4135.13465,1728,476.907642
-1733.700664,712,477.539082
-366.729613,608,478.090294
-1461.009221,387,478.476858
-460.732199,1729,479.872756
-1115.557839,461,480.312552
890.945399,849,481.048074
-181.045022,1010,481.908595
-1664.667394,566,482.431942
-2516.994343,638,483.34118
-2404.515128,792,484.040239
-2024.164493,823,484.781481
-654.297632,622,485.348272
-3599.739345,1132,486.305683
-2773.989605,716,486.951328
-2800.160302,845,487.70582
-843.502222,1244,488.765342
-2779.063576,799,489.468691
-1993.912658,414,489.876185
-306.454416,611,490.43214
-2980.205236,924,491.241754
-1308.917811,642,491.821234
-3235.057819,1096,492.752114
-706.642787,405,493.155553
-1930.621609,772,493.852042
-3682.113421,1213,494.865152
-3301.289579,1812,496.350572
-1397.114145,641,496.945337
-1418.196742,1681,498.655765
-848.074127,414,499.070571
2633.701635,859,499.815886
-1832.186601,709,500.457475
-188.338393,603,501.019006
175.988812,562,501.547316
-2321.489171,1196,502.547662
-404.257118,445,502.973211
-1010.223087,434,503.38893
-955.487031,420,503.811043
-1496.430023,830,504.554435
-1584.574177,659,505.15353
-3104.701025,699,505.787363
-1292.257415,662,506.388352
-3430.003762,1235,507.447361
-1495.09454,383,507.839739
-1344.413369,410,508.253577
-1143.988949,402,508.644316
-3194.844841,1165,509.634694
-842.391083,830,510.364057
3266.88776,1282,511.432966
-1585.012942,606,511.988795
-2178.651412,384,512.734629
3105.063449,887,513.513147
-736.699311,469,513.96384
-1258.170167,497,514.432665
-2352.132851,441,514.869897
-964.199601,640,515.437105
1144.820754,621,516.002991
-2437.424834,683,516.609063
-3215.042103,742,517.257484
711.126112,1214,518.275988
-473.640406,547,518.806679
1434.607908,1578,520.115106
-2473.184993,1069,521.019994
-3924.383538,1299,522.092408
-1842.589383,792,522.786391
-2924.120268,663,523.399886
-2296.517078,849,524.165992
-2177.34284,641,524.747778
-235.817197,1731,526.169649
-1186.358011,586,526.711064
8.230621,690,527.694916
-1336.317819,669,528.284974
841.610492,934,529.090559
662.580438,845,529.839507
305.125047,1078,530.759546
-896.63877,479,531.210418
-2799.361784,1462,532.402263
-3486.207947,958,533.253072
-1316.006529,473,533.711742
-3142.867677,576,534.257821
-2193.825683,908,535.041318
-685.561887,513,535.514529
-1426.704236,589,536.054036
-977.211003,361,536.42099
-3268.686939,1471,537.664458
-401.085926,559,538.186269
987.348761,1093,539.109608
-1677.055797,850,539.84399
-2715.810649,1294,540.958319
-2428.852201,476,541.405576
-591.731098,859,542.516046
1093.705128,711,543.151553
-965.090653,500,543.641347
-3486.291742,672,544.24788
-2651.326871,1129,545.21053
-1219.113068,795,545.902463
-830.524892,670,546.506892
-750.001345,518,547.00552
-3775.6528,1744,548.439618
-3071.729243,2537,550.487609
-1162.679457,483,550.937981
-2922.108154,571,551.48462
-3696.760477,1411,552.661654
-2191.766926,629,553.21663
-1078.246763,353,553.585618
-2564.484498,724,554.233773
-656.954341,570,554.756818
-2870.885686,879,555.52815
-2713.861979,659,556.134453
-2026.023217,632,557.08
-900.1235,612,557.640494
-3899.776113,1679,559.023164
-54.988187,511,559.509342
-832.702692,761,560.175206
-3032.053173,2722,562.36062
-2208.623736,676,562.980028
-598.278978,529,563.486207
-3713.099371,1041,564.393328
-1411.930507,762,565.052214
-361.038492,725,565.700496
-830.872387,433,566.118939
-876.211519,346,566.478659
-954.020842,446,566.91268
-1917.332711,453,567.345248
-1219.909921,448,567.776881
172.954039,612,568.341304
1228.133997,593,568.893227
-3651.696628,1041,569.77599
-467.078199,473,570.233357
782.943954,616,570.778419
-3740.421195,1564,572.378384
-854.910472,545,572.895114
-387.025032,825,573.607751
1560.026132,733,574.25884
-412.265678,649,574.83996
-756.743148,1096,575.772485
-2136.313086,802,576.490171
230.861903,495,576.950989
-3830.622477,1901,578.497747
-479.947081,583,579.04501
-1035.489442,615,579.594717
-457.054947,541,580.09736
-706.355049,760,580.756842
-1635.182687,573,581.289326
-2799.62568,855,582.030222
972.574892,1168,583.002938
1627.973114,725,583.63996
-457.721587,522,584.131218
-437.899413,517,584.62521
-1289.597961,439,585.053996
-3995.982393,2035,587.060378
-2362.010629,1228,588.103572
-1758.812382,1499,589.350875
325.1769,407,589.759739
-1689.238582,624,590.320107
-1854.211153,1599,591.629668
300.324364,713,592.275213
-1193.836946,664,592.883751
-2980.994754,1083,593.824167
169.322026,623,594.401648
-465.736588,560,594.917346
-3469.793178,1272,595.976139
-2974.604932,903,596.741811
-845.258007,516,597.230098
-1640.063668,435,597.652074
-1441.937638,859,598.400167
-747.176467,449,598.831413
-79.361779,1266,599.875411
-1375.569053,1945,601.775491
-531.465609,600,602.327383
-3259.195562,2215,604.092817
-2216.165842,1436,605.29844
1536.053727,1766,606.738887
-1024.600391,487,607.211604
-1926.904635,1922,608.77482
-3682.319113,1019,609.629442
-999.952101,408,610.027657
-1481.777136,944,610.847734
974.41197,820,611.562766
575.57552,1053,612.450253
-3854.34908,1449,613.662036
-652.983783,547,614.180995
-3761.258707,1273,615.579569
-1110.968731,905,616.36363
1247.074757,840,617.085665
4029.83857,1289,618.146934
-467.597083,607,618.701014
2248.122601,1039,619.58712
7.676995,813,620.300548
-1298.687683,426,620.721902
720.464481,896,621.502432
-694.701611,402,621.904215
-635.617801,1553,623.169294
160.586374,838,623.899998
-2237.653632,635,624.489731
-1439.859085,2763,626.678695
-309.165273,589,627.227673
-1457.745066,670,627.829782
-75.816311,712,628.474104
-1565.666051,816,629.5274
242.789042,1056,630.426041
-973.016071,731,631.067469
1404.557524,597,631.620111
-3618.051614,1254,632.663994
258.663839,477,633.109735
1406.148344,1119,634.059452
-4092.884242,1676,635.440124
-2471.667837,616,636.019822
-1007.583437,594,636.562217
329.017437,889,637.336366
-1322.05818,466,637.766805
604.344012,817,638.478751
-4335.304597,1645,639.837838
-320.934837,1095,640.75968
-2775.124784,924,641.552332
-2056.364957,973,642.385149
-971.878864,650,642.980914
-2186.086807,1320,644.453967
-1497.801945,838,645.184144
-1445.717292,689,645.803888
-3686.667126,823,646.535592
-1747.215204,1029,647.40751
773.720684,721,648.052155
-444.101056,812,648.778078
-1678.902411,851,649.520533
-3237.546073,2291,651.357768
-85.24176,773,652.042725
68.746594,1764,653.466188
723.000366,708,654.113549
522.450991,689,654.730828
1291.292469,1284,655.787325
746.221465,918,656.582449
-727.455182,854,657.315091
-1882.11745,585,657.847693
-1556.676654,1768,659.648444
-2295.407672,763,660.325855
-3561.526397,2243,662.162545
-856.874255,583,662.700526
1720.976303,1128,663.654987
-1206.382947,438,664.098385
-2156.244791,576,664.634723
-842.522974,687,665.243215
-1706.101342,1049,666.159921
450.654555,750,666.827474
-2469.286111,831,667.597007
-1098.170147,783,668.327317
443.459496,583,668.918318
-1294.089757,1059,669.822657
308.487385,1654,671.325912
-751.649613,414,671.781245
-3461.009502,1567,673.508985
-3096.559814,953,674.362329
-1505.67549,979,675.235783
867.866237,639,675.838864
94.703105,577,676.382201
-568.492851,481,676.845604
-752.224315,706,677.478766
-2254.219644,975,678.325115
-636.363869,757,679.002259
-839.378589,1371,680.144071
-315.047192,2178,681.929346
-928.71463,1542,683.205081
5305.162622,1448,684.392559
-1944.582333,723,685.041066
-91.546271,496,685.506781
-586.790856,662,686.099384
-3542.832221,1456,687.315379
1077.165039,709,688.309945
-725.700265,874,689.063424
-2430.135298,1154,690.042495
10.403014,1018,690.918832
-1461.386929,844,691.669807
1792.414914,654,692.264072
-1117.34077,358,692.631086
-1295.385671,1225,693.657558
-2654.22367,1119,694.611269
-164.317727,661,695.213764
-280.415635,650,695.795963
-727.006358,1001,696.649109
-75.57147,551,697.155779
-2567.131619,1110,698.114569
-1110.340598,361,698.486319
667.983823,591,699.040705
439.112689,823,699.750754
-2449.726054,912,700.545746
-1734.643626,917,701.338594
-1846.29968,759,702.014756
-3031.167808,1248,703.392137
-47.872602,871,704.170953
-1058.204787,749,704.836663
-1742.195465,662,705.43473
-522.524151,1686,706.807636
1792.52665,1480,708.029446
-590.877627,1414,709.205286
55.526202,521,709.691889
-3555.714644,808,710.40935
-292.743887,885,711.184104
-1153.00707,452,711.612466
-430.02617,412,712.021842
-1115.822445,416,712.443926
-467.721964,978,713.292939
-1603.629649,486,713.766845
767.864342,751,714.441081
1867.252127,1190,715.435313
-533.677296,866,716.203905
-3249.435497,864,717.283347
-1902.661279,1300,718.373045
-1749.195124,545,718.89878
2252.500009,2249,720.706359
-398.333684,590,721.249969
-766.518834,911,722.02268
-725.249404,557,722.530653
-3342.516752,1141,723.502899
58.850565,957,724.349935
-16.032726,749,725.022932
-1999.108398,710,725.66807
-347.66323,779,726.345863
-249.376884,675,726.942878
-781.706959,538,727.450638
-811.474893,567,727.976974
-2800.603542,1354,729.114936
323.846953,670,729.723652
3446.827861,1640,731.087939
1382.378725,760,732.096122
-2647.45503,1295,733.193286
84.994047,701,733.828154
-2001.819108,944,734.661391
-3816.847213,954,735.498831
-588.20181,540,736.005357
-3342.884251,1201,737.024499
-138.168127,2111,738.718441
-1496.173763,722,739.360272
-1764.91998,932,740.166457
228.110056,1028,741.030416
-46.540163,2213,742.819218
-1030.020592,578,743.363579
-1869.659135,734,744.013342
-3277.842623,1196,745.040937
-3729.736668,1317,746.491745
-2126.506226,1232,747.506634
1158.786419,935,748.310455
527.377303,1778,749.788726
617.403406,1799,751.272724
-1546.026737,721,751.940672
-157.344423,763,752.675615
-681.812509,894,753.481913
1280.832834,1676,755.024066
2232.541254,1166,756.069938
-196.631782,526,756.595376
-1083.067899,788,757.304178
-907.457785,1188,758.395197
1150.046033,684,759.010305
-2595.31188,822,759.740818
-2432.581659,875,760.876271
-1496.503177,763,761.546756
-3182.209013,2417,763.48921
628.0308,1211,764.516916
-129.400328,595,765.081321
224.909902,795,765.788473
-691.449744,593,766.345294
-787.602697,1584,767.640191
1064.057079,859,768.397527
1069.853552,807,769.104519
-2320.237452,1398,770.269315
-684.372804,795,770.973143
-2241.75417,1604,772.270481
2683.819066,1657,773.620399
576.999296,858,774.377058
50.50695,965,775.541848
-607.796155,762,776.221629
-3310.440132,2803,778.43039
-291.561071,818,779.133272
954.357394,684,779.757481
-830.076506,739,780.425336
-3416.038529,1112,781.362441
-900.498417,1629,782.694997
1371.886869,1667,784.044085
-762.267934,1024,784.930629
-1386.638463,1307,786.016295
-2069.234779,1194,787.017012
-1077.833863,866,787.775886
-1016.512722,1688,789.481109
-234.645939,1595,790.806024
3420.237183,900,791.602089
781.323955,999,792.454601
-3075.652729,1920,794.050074
-660.128002,1228,795.088154
-1655.935538,624,795.654492
-1708.200954,802,796.377276
1742.875176,1656,797.737208
33.87377,1479,798.947759
-1247.734716,1269,800.022892
815.398981,675,800.635312
-2829.18227,4268,804.339356
-801.607688,1125,805.294588
487.85362,1168,806.286049
-530.809761,589,806.834733
-3190.230809,1267,807.884133
4377.837234,977,808.731012
-1590.837506,1345,809.858942
348.706341,786,810.543294
-2863.897605,1134,811.51281
-966.160554,1913,813.075778
3091.132651,1121,814.012944
-4134.040652,3345,816.646113
2370.875601,962,817.822917
-784.809298,572,818.340657
694.030862,680,818.954103
641.090184,2527,820.992503
5730.873616,1070,821.915313
-1226.166698,779,822.607627
-1822.83427,852,823.347415
4852.249111,1478,824.576828
860.432128,1570,825.861476
-2694.692582,1143,826.813653
1041.917917,963,827.624534
-1728.554291,1158,828.600072
-3133.95215,1188,829.613748
-2041.164753,877,830.387632
566.607912,696,831.015526
277.596384,947,832.200069
-4215.603064,2209,833.97637
352.961561,816,834.692297
-532.504918,790,835.415543
593.418741,1111,836.362516
-3476.176256,1356,837.498168
1854.328375,1699,838.886276
-1506.362235,1041,839.787735
1067.627648,687,840.433268
-1397.870235,818,841.152468
-895.666822,591,841.69427
-968.543049,1229,842.712466
-765.887806,1113,843.655418
-2688.089503,2089,845.706477
4532.929549,1160,846.700292
162.428211,1608,848.023578
1497.525913,1285,849.083179
410.55887,1865,850.602648
1277.438605,1305,851.706628
95.78334,691,852.334179
-1721.062338,1350,853.442572
-2131.156346,2268,855.27839
3685.617468,1456,856.487763
354.308448,1061,857.393436
336.927437,904,858.181589
2263.910852,1257,859.2314
-3955.125345,1560,860.851418
656.402091,935,861.647388
2947.429892,1097,862.589446
-2590.191866,955,863.411519
2136.719885,2809,865.653477
-859.801182,524,866.145788
2885.118153,1369,867.292744
175.129506,840,868.011511
343.991235,845,868.755948
-2078.082788,1432,869.944308
2385.41888,867,870.715779
-124.762806,660,871.327063
449.792968,1588,872.640445
-1085.024641,793,873.332224
585.963707,1200,874.674612
1882.713886,1049,875.581756
-1194.960694,590,876.129709
1558.787848,1939,877.692962
2659.615238,1317,878.800306
1183.671862,1845,880.316185
-979.067626,2031,881.98064
-1479.665324,384,882.372277
2633.210458,1668,883.771935
1584.066545,1420,884.946985
3944.500233,1405,886.133676
3245.351046,937,886.950656
617.513666,2073,888.991005
-293.619834,1569,890.289604
1733.298491,1186,891.291613
1476.275916,1090,892.21696
5162.32493,2185,894.002827
-2651.534796,910,894.805377
-1476.839551,1973,896.406943
7616.829434,2313,898.310914
1995.65672,2994,900.68302
347.008675,2606,903.108598
-445.84993,892,903.87606
-3535.313441,2052,905.52947
-738.491539,2428,907.513845
3046.319236,4252,910.862862
1159.869732,3088,913.343502
-333.765084,1676,914.684839
2782.540835,1211,916.05288
-1021.794138,950,916.870414
-1929.898378,947,917.701
-1381.48948,890,918.471398
2591.290757,1475,919.696783
-860.326122,345,920.05779
5755.627955,1662,921.427869
5102.574442,2268,923.25586
10776.799067,3141,925.786571
5210.961395,2382,927.71154
4173.081162,1001,928.568958
-1191.424451,1028,929.77053
2485.056661,1515,931.054084
1194.997125,1290,932.131498
1114.720002,1242,933.167326
-1490.964282,1552,934.440549
-1002.725824,1632,935.771355
4665.419613,1412,936.950802
613.084768,2377,938.875429
2208.11763,1104,939.805266
3935.412401,2260,941.632759
-847.769508,1294,942.721033
-1835.853781,1455,944.263225
4186.644985,2977,946.647023
1215.489375,2025,948.300829
1652.037036,1483,949.52885
1344.41617,1021,950.395863
-1927.648023,464,950.84421
105.987857,1198,951.860722
2604.338018,1479,953.090181
2488.864687,1590,954.397586
93.199995,1907,955.993404
-343.863397,705,956.634492
1828.435831,1689,958.373482
-1596.222744,1809,959.840327
329.061947,589,960.386449
3914.433549,2250,962.209119
-55.991626,867,962.96324
1673.285129,2114,964.676012
1388.241393,1813,966.172015
3938.220144,803,966.891302
317.293275,535,967.392404
1252.752652,1228,968.436008
800.498921,603,968.994969
5787.510031,3341,972.050637
167.770863,760,972.737335
3876.749205,1903,974.307573
2371.82821,1288,975.402031
7058.740214,3847,978.459602
2997.789001,2805,980.711779
4681.642894,1716,982.148447
4571.421583,4374,985.919059
2465.797399,1120,986.888003
-3476.658832,1731,988.448379
-1492.304145,785,989.242981
-29.526631,1170,990.320222
9102.073727,3359,993.078353
3842.638714,2229,994.976694
189.919033,1093,995.918265
-1224.405326,587,996.47051
2589.294847,1608,997.8023
-1599.468068,1812,999.61072
21558.592756,5001,1003.610143
-1854.130518,1134,1004.574626
12422.076864,3435,1007.337996
10105.755224,5001,1011.290983
7283.519804,3372,1014.291416
-1028.208235,449,1014.735903
-895.667268,615,1015.303617
-1056.825058,1709,1016.721654
-1875.28955,2564,1018.778611
11375.041015,3341,1021.465819
6759.841222,2214,1023.271999
14185.154245,3288,1025.921988
13352.347523,5001,1030.211058
13471.984528,4245,1033.611466
21953.530421,5001,1037.621262
6878.533093,3341,1040.591147
4839.456144,1913,1042.173185
23154.655453,5001,1046.160767
7561.217687,3336,1048.829843
-869.572986,2038,1050.490261
14390.383756,5001,1054.767744
-2106.346525,1315,1055.865026
10825.860847,5001,1059.834093
8632.608907,5001,1063.795443
2502.461773,1739,1065.229475
11645.176659,3268,1068.203577
14587.191605,5001,1072.164438
31409.804212,5001,1076.190538
13306.964876,4158,1079.493247
8384.971948,3148,1082.368141
31221.275599,4910,1086.290447
-1282.515366,399,1086.703543
3784.136354,1761,1088.144824
21777.285733,5001,1092.111849
16991.61724,5001,1096.413318
3897.408671,4174,1099.689044
1329.83941,1956,1101.272864
-1484.736096,503,1101.75524
927.237063,1049,1102.647978
24365.15006,5001,1106.62881
27692.155238,4773,1110.772472
20191.618424,5001,1114.73146
12201.790378,4366,1118.177886
27456.907262,5001,1122.542348
30330.622441,5001,1126.546317
20120.677208,5001,1130.493215
25020.352537,5001,1134.799838
28497.441351,4440,1138.361099
23975.798214,4174,1141.714679
21525.912079,3356,1144.443873
17197.884478,2949,1146.836462
718.274668,974,1148.034113
29571.892743,4276,1151.497505
35221.176477,5001,1155.538554
34387.010558,5001,1159.571637
34800.667018,5001,1163.919902
32602.252674,4853,1167.83674
36143.979914,4831,1171.719471
20596.715868,2938,1174.130815
39900.291334,5001,1178.50577
40396.174104,5001,1182.545673
34522.339089,5001,1186.555383
-1017.918754,473,1187.016765
43685.444484,5001,1191.367622
33925.304181,5001,1195.326826
38943.224787,4484,1198.960249
966.403998,1219,1199.979886
40397.869572,5001,1204.327118
28369.651696,3269,1206.9973
27521.689932,3612,1209.918297
42158.551402,5001,1213.921546
46716.103596,5001,1218.311911
31270.590048,3934,1221.478141
44801.851743,5001,1225.497945
16186.71356,2928,1227.858638
39788.744827,5001,1232.195542
29946.851986,5001,1236.177554
31803.195367,4216,1239.571094
33017.597451,4136,1243.260115
35581.602953,4225,1246.682834
35399.157099,4088,1250.017386
46035.734009,5001,1254.085557
39362.067183,5001,1258.449673
43084.313108,5001,1262.489522
35927.635546,4010,1265.772795
30793.283165,3618,1268.735253
42970.067696,5001,1273.14077
30836.325835,4130,1276.452823
44911.582563,4842,1280.375097
34122.948084,3683,1283.719109
-1570.065107,533,1284.224135
34376.088569,3674,1287.230759
27744.622568,3280,1289.949101
43640.910304,5001,1293.999377
41956.829519,5001,1298.388979
-495.190107,1506,1299.64694
46099.410667,5001,1303.709224
12610.772541,2105,1305.446511
44456.546889,5001,1309.500612
49046.116981,4875,1313.803278
41240.640459,4307,1317.317841
30648.451108,3651,1320.30184
44588.795594,5001,1324.680476
-2856.754399,922,1325.495967
36108.669743,3875,1328.658917
49068.687358,4755,1332.540648
41972.785811,4323,1336.073178
27876.080322,3150,1338.996479
27351.613901,3253,1341.650916
28056.482597,2957,1344.091193
41275.189298,4104,1347.436478
-721.30364,477,1347.90842
40363.712915,5001,1352.294606
21805.575748,2405,1354.308268
-1462.57838,498,1354.789319
37584.232467,5001,1358.829021
42631.367202,4265,1362.301713
46603.06547,5001,1366.706276
244.344064,1090,1367.651659
11620.765522,1600,1369.018624
33690.926375,3348,1371.790498
32991.393844,4011,1375.070654
21228.957121,2506,1377.143505
43165.139731,4441,1381.114592
38356.593163,4092,1384.473212
23569.651802,2533,1386.581927
44918.256959,5001,1390.645874
36498.988513,3990,1394.237286
47982.539812,5001,1398.316968
44665.644571,4431,1401.939904
1202.314619,1791,1403.453532
46945.99727,5001,1407.872331
48942.586666,4740,1411.741877
48844.132384,4551,1415.475008
44377.596058,5001,1419.545389
35806.321924,3927,1423.068072
48673.996512,4880,1427.039692
15985.940198,2439,1429.04897
20135.334913,2391,1431.031312
45977.966184,5001,1435.45573
38466.153578,3549,1438.368509
21403.802963,2555,1440.490262
48760.032658,4682,1444.243639
47801.599863,4440,1447.808114
48598.811764,4791,1452.051495
41852.685796,3956,1455.276643
32668.399081,3162,1457.880557
807.165589,1286,1458.976046
48786.719474,4817,1463.2125
48908.49128,4325,1466.754633
48625.564922,4936,1470.737767
44726.942349,4119,1474.093909
30593.108191,2937,1476.844235
29386.509763,2954,1479.273011
-1807.596228,529,1479.770169
35515.47971,3867,1482.90003
49030.711191,4416,1486.512574
48634.367801,4598,1490.585194
48841.640399,4528,1494.269345
11642.695848,1666,1495.662542
33844.934801,3295,1498.341709
32761.203772,3288,1501.035315
42855.051705,4365,1504.942646
17936.22472,2023,1506.635477
49085.432783,4181,1510.053577
48981.06865,4278,1513.530388
38732.089817,3593,1516.476014
48837.911127,4802,1520.703173
44369.076506,3893,1523.880123
32480.502458,3167,1526.482639
49020.865374,4364,1530.046772
45411.474443,3921,1533.610489
48179.211757,4834,1537.507816
48896.133021,4441,1541.113753
48958.773679,4279,1544.970997
48855.921303,4577,1548.693039
48940.232613,4383,1552.265871
39205.636043,3825,1555.369489
48801.612588,4390,1559.269989
48985.09311,4158,1562.666937
31406.703325,2739,1564.939199
47898.214882,4329,1568.466846
48916.304431,4373,1572.348191
41792.561103,3578,1575.278264
48913.201079,4265,1578.744772
39772.156481,3645,1581.725342
45410.334121,4065,1585.395297
49104.960915,4218,1588.807532
48983.497029,4337,1592.321607
48480.043737,4928,1596.279985
49012.337894,4163,1600.000195
49068.250866,4346,1603.514933
48976.172247,4397,1607.086629
49155.775384,4070,1610.394832
48734.276404,4370,1614.306927
49070.689518,4171,1617.710687
29972.68342,2575,1619.853205
49179.312187,3942,1623.091329
48261.695457,4067,1626.798206
27396.07614,2625,1628.982673
49204.530669,3995,1632.278461
48708.279842,4557,1636.014954
48937.830195,4207,1639.468954
49172.615446,4028,1643.123013
48793.195116,4472,1646.772772
48727.009698,4552,1650.476747
48973.019458,3983,1654.09658
48999.13719,4215,1657.549764
49066.19991,4185,1660.985642
21371.912838,2349,1662.942319
-3098.515834,891,1663.715355
48912.861104,4383,1667.306252
43405.71993,3757,1670.706097
49038.211361,4091,1674.033008
35414.713539,3010,1676.510462
49081.085592,4061,1679.810207
47462.877469,4384,1683.704815
-109.576934,1222,1684.764514
49158.531207,4127,1688.14101
48926.426312,4359,1691.707125
32281.05365,2817,1694.036673
7604.129703,3117,1696.911438
23876.490749,2146,1698.707485
30742.144015,2732,1700.994769
5217.853928,2040,1702.646106
28493.992281,3489,1705.503212
32061.995283,2935,1707.926737
29649.277076,2841,1710.604149
40469.012798,3214,1713.247204
4330.205263,1455,1714.456763
48765.077609,4517,1718.130693
45581.632384,3993,1721.378855
19372.46144,1935,1723.345292
49127.01692,4049,1726.660694
48963.926361,4328,1730.174396
20908.951218,2036,1731.877021
49064.923868,4248,1735.352108
49126.095757,4287,1739.152647
30334.413414,2772,1741.453167
-2799.817704,1011,1742.333746
25420.391288,2814,1744.657431
45210.493603,3850,1747.80395
23276.56264,2111,1749.569066
40878.879012,3813,1753.010361
49139.457517,4063,1756.346823
37097.542566,3242,1759.010329
49105.436778,4056,1762.328127
49094.463773,4343,1766.198513
49145.377443,4044,1769.495544
49002.814207,4236,1772.935428
32777.774824,2774,1775.224387
44875.098784,3833,1778.689629
48986.019357,4406,1782.26998
38973.539774,3338,1785.004821
39617.119128,3329,1787.755569
17624.878224,1643,1789.141384
29550.372081,2467,1791.197777
49139.295262,4005,1794.767668
47308.732453,3877,1797.933549
21354.141206,1894,1799.530388
31276.126127,2598,1801.687893
38861.73243,3563,1804.601439
48962.883632,4287,1808.448164
19676.097247,1910,1810.051845
48890.103767,4378,1813.590111
982.572661,823,1814.336056
25457.227792,2399,1816.337922
48970.920661,4176,1820.057901
49157.076644,4147,1823.437035
24857.081164,2330,1825.360787
23349.709881,2107,1827.11958
46654.101782,5001,1831.124208
49001.810479,4383,1835.011031
49072.651026,4170,1838.403239
18242.085567,2325,1840.319135
21295.716302,1985,1841.995192
49019.350819,4387,1845.545434
49069.952073,4064,1849.215644
47761.717793,3865,1852.368884
32612.747018,3382,1855.121244
49078.886709,4052,1858.421215
44362.179661,3859,1861.94261
47348.895051,3816,1865.053611
34168.892424,2791,1867.366065
48982.845421,4021,1870.651098
17468.73152,2390,1872.621172
28623.982685,2981,1875.41125
44288.827791,3462,1878.251335
48834.85582,4488,1881.867566
23564.521822,1979,1883.526155
49189.832537,3895,1886.711952
31888.49381,2745,1889.306723
49215.080529,3699,1892.337411
45190.52695,3535,1895.231514
43850.218439,3433,1898.054948
28971.3975,2497,1900.131278
49216.232494,3744,1903.551998
49110.408406,3944,1906.780181
32597.500156,2869,1909.141689
49225.829979,3745,1912.20513
39002.798414,3111,1914.759585
49145.331645,3935,1918.290844
49153.739458,3928,1921.494896
49111.477821,4135,1924.835397
49157.389987,3872,1927.982962
20353.513666,1916,1929.898571
49210.257625,3811,1933.022522
25052.12362,2170,1934.820058
46286.680789,3599,1937.759408
47680.516345,3730,1940.800913
46775.149671,3760,1944.2328
48801.795648,4142,1947.583922
28177.91292,2409,1949.575436
49157.320413,3718,1952.613668
22425.722189,2071,1954.335182
-998.366128,518,1954.823626
35577.336441,2953,1957.566211
21948.958378,2056,1959.281168
32808.405765,2681,1961.499985
49134.249922,3800,1964.591419
28358.962142,2482,1966.653401
49142.532694,3821,1969.763915
42306.58948,3644,1973.058387
49166.1991,3768,1976.126777
29058.106687,2324,1978.062929
49026.787122,3677,1981.053716
23764.45374,2200,1982.873063
48979.380663,3940,1986.378153
22093.52034,1828,1987.91497
22022.774639,1968,1989.566911
49154.625543,3660,1992.551903
39330.66255,2937,1994.975204
20984.88543,1715,1996.425264
30503.605719,2343,1998.720875
33386.153258,2777,2001.006463
49177.481022,3680,2004.019729
49131.264799,3823,2007.144771
44679.204895,3651,2010.112425
29281.294614,2290,2012.367051
35599.302617,2768,2014.660912
49165.36205,3809,2017.786979
17545.0771,1718,2019.229135
29418.516035,2458,2021.269789
48811.625076,3854,2024.438882
22916.792516,1869,2026.351645
49042.746844,3799,2029.484346
43242.447735,3218,2032.141901
22447.236704,1852,2033.706251
26936.147728,2233,2035.579955
49121.157536,3920,2038.772938
24991.651099,2008,2040.788574
49119.931525,3617,2043.765785
48956.545881,3787,2046.878772
32329.625432,2684,2049.113039
36951.498217,2833,2051.454646
18794.779343,2034,2053.160116
49245.175608,3743,2056.534191
21877.872537,1857,2058.111516
48987.910441,3832,2061.242675
37829.431162,2786,2063.560985
14555.651238,1585,2064.903369
49207.61139,3597,2068.18794
49213.663291,3744,2071.242957
45568.967077,3581,2074.19607
26332.675968,2099,2075.954185
25717.913512,2243,2077.820961
26798.371701,2415,2079.821444
24262.129806,2074,2081.89193
44221.404892,3287,2084.610728
49100.161783,3654,2087.607965
49088.898302,3776,2090.684382
49139.328165,3713,2093.723214
49250.659215,3645,2097.032299
49140.918611,3673,2100.041746
49121.154744,3728,2103.091965
30018.192168,2433,2105.111614
49156.516655,3780,2108.203332
48537.376437,3843,2111.658095
49110.947315,3785,2114.732298
49252.20762,3563,2117.66
49144.701863,3653,2120.643646
25254.23881,2165,2122.780349
48339.228367,3766,2125.849704
38909.138072,2840,2128.192738
19382.806989,1654,2129.593344
49198.17285,3634,2132.56359
45422.541433,3562,2135.472917
49112.228106,3834,2138.915089
28212.792833,2514,2140.992559
49255.728979,3614,2143.943903
49220.983379,3709,2146.951443
49171.564391,3680,2150.285983
49185.715554,3473,2153.132787
49262.48319,3516,2156.022054
15581.146208,2089,2157.744976
28644.006292,2341,2159.690139
49154.565249,3696,2162.718673
12195.609821,1466,2164.294055
49177.544426,3619,2167.261919
49133.010211,3656,2170.254409
49157.650426,3486,2173.121607
38020.307908,2963,2175.556694
49218.56296,3571,2178.819472
49135.483874,3601,2181.766305
30367.742864,2642,2183.95514
49227.139996,3431,2186.769005
49164.697061,3552,2189.693886
31239.609844,2483,2192.070016
26531.101735,2025,2193.777838
47687.467187,3871,2196.927619
49208.206683,3533,2199.827802
26325.31451,2228,2201.678792
49168.280719,3814,2204.789084
49142.630049,3750,2208.184367
18324.667814,1811,2209.697304
39356.792244,3111,2212.249311
49163.781821,3649,2215.241503
47827.128459,3384,2218.013719
19332.665336,1763,2219.822574
15009.927803,1471,2221.072472
28691.093477,2395,2223.062522
49260.267346,3561,2225.963283
49268.171323,3476,2228.813665
26266.669919,2189,2230.632287
18268.973491,2726,2233.18983
49227.738015,3599,2236.127532
38493.368351,2737,2238.389079
49268.311216,3515,2241.23749
49282.484996,3474,2244.079213
24910.543013,2058,2245.799002
30779.420926,2420,2248.139773
49211.868844,3553,2251.028733
37943.435373,2796,2253.323034
49083.317705,3775,2256.371714
33432.12797,2466,2258.413188
49119.116128,3775,2261.79302
39272.773218,3031,2264.280534
30467.873437,2438,2266.292474
36649.680818,2946,2268.701019
45880.600326,3300,2271.389866
22769.849284,1871,2272.956299
18665.62651,2062,2274.985379
17238.646187,1850,2276.526489
31787.555919,2494,2278.574044
27106.79518,2275,2280.452931
22013.267592,1864,2282.007621
19728.912274,1889,2283.589271
24949.414266,1954,2285.206429
24720.042108,1995,2286.857497
29399.40657,2213,2289.06668
26311.122632,2279,2290.943045
49193.222459,3551,2293.837851
49284.367512,3536,2296.709016
21008.054591,2044,2298.400037
48953.420946,3583,2301.315777
49046.26499,3830,2304.735688
49257.8551,3424,2307.522895
33072.126032,2632,2309.692306
28341.532074,2291,2311.581433
49193.177288,3500,2314.452596
49161.084334,3542,2317.666155
48960.632332,3704,2320.661787
43006.637934,3113,2323.201843
49297.547439,3423,2325.992245
37469.885555,2644,2328.162224
38192.216675,2912,2330.859066
49142.642191,3778,2333.905907
30654.450567,2423,2335.880428
32296.228548,2601,2337.999416
27702.19314,1996,2339.674702
29879.69624,2279,2341.549853
32061.822979,2733,2344.104837
13450.8381,1450,2345.328472
42707.827123,2996,2347.774888
-141.548556,691,2348.38431
49145.489809,3505,2351.231863
43141.121862,3483,2354.050388
49058.187132,3519,2357.220408
49078.389957,3500,2360.052525
24656.910262,1883,2361.614509
26602.336005,2219,2363.438722
17567.022569,1841,2364.969033
49149.213151,3688,2367.950977
49108.445085,3615,2371.230663
48723.220369,3445,2374.029944
48719.50261,3781,2377.07452
36570.713662,2678,2379.275586
22501.211035,1886,2380.837874
37759.117506,3507,2383.65951
49069.121198,3705,2386.966909
22629.05403,2058,2388.655422
22766.327798,1948,2390.266655
25138.528951,2044,2391.95802
27472.403589,2062,2393.667893
-1786.474348,1351,2394.82491
49157.316383,3526,2398.034737
23104.102307,1796,2399.544457
49078.713142,3562,2402.425368
18990.090437,1716,2403.864382
49144.179363,3625,2406.796953
22082.63078,1729,2408.249155
23270.785901,2093,2409.980884
27744.766887,2166,2412.092597
34456.077669,3537,2414.932566
49053.091147,3572,2417.808431
39001.369372,2787,2420.102014
26312.453835,2183,2421.896216
48869.996232,3850,2424.998778
49145.991009,3608,2428.256332
49157.586566,3563,2431.151583
48942.120803,3978,2434.365632
42783.357381,3110,2436.896451
18148.281277,1760,2438.375179
44024.283392,3577,2441.617512
45618.872537,3429,2444.397859
33142.24412,2484,2446.431706
-633.696654,621,2447.029999
25603.803797,1937,2448.639126
49131.017339,3595,2451.568133
49043.606245,3797,2454.966122
49111.604474,3824,2458.038049
38370.335353,3498,2460.868825
32124.279679,3011,2463.296641
49190.595529,3642,2466.608154
48957.328091,4013,2469.848925
35410.721351,2644,2472.014074
45812.097918,3645,2474.96177
39182.723849,3027,2477.434281
49206.042356,3578,2480.676392
48950.229353,3968,2483.880588
30152.001191,3317,2486.55881
28654.707022,2450,2488.570132
36430.793002,2808,2490.866851
442.490389,660,2491.490654
21588.432309,1987,2493.142036
463.713091,487,2493.961808
1022.968537,874,2494.761354
46393.609747,3955,2497.943239
-1082.041624,522,2498.452716
10354.686568,1196,2499.466499
20595.451787,1841,2500.993466
-913.430816,309,2501.332369
8224.175845,2093,2503.020034
-683.803536,403,2503.436823
30375.608253,2435,2505.444568
49084.82476,3741,2508.792207
33589.722226,2838,2511.107106
49163.3385,3630,2514.04564
49021.740216,3693,2517.029703
49014.4867,3831,2520.126199
25187.460662,1916,2522.046633
49236.171815,3499,2524.893513
40388.180261,2966,2527.322469
48892.983974,3768,2530.363154
19163.525437,1610,2531.710241
45563.882449,3964,2534.901867
19761.856477,1986,2536.860476
10758.586193,1421,2538.073187
49059.055606,3818,2541.161273
49128.924748,3696,2544.151916
15409.298593,1360,2545.310431
31392.461204,2491,2547.349795
8690.501559,1457,2548.537709
42008.629239,4025,2552.077167
10600.347292,1476,2553.280809
49128.243104,3644,2556.200267
37288.066891,2899,2558.532467
38929.921675,3130,2561.054406
49181.986085,3554,2564.237958
49233.201103,3490,2567.065758
49216.908969,3610,2569.971569
27928.290528,2455,2571.962417
49018.315612,4133,2575.274462
48841.858033,3689,2578.581554
49051.79693,3632,2581.50489
37437.791806,2991,2583.914335
43286.126839,3326,2586.595294
-291.539825,412,2587.00729
49086.153146,3872,2590.44567
-2412.722673,732,2591.127374
20697.018435,1741,2592.584712
-1011.184536,371,2592.977559
-1118.904244,645,2593.551698
49189.840744,3540,2596.417554
-1112.371927,462,2596.885816
49122.635929,3598,2599.79585
49249.601337,3516,2602.645843
49105.278274,3786,2606.01847
49068.1652,3873,2609.124067
555.913599,541,2609.650022
49165.048217,3786,2612.707652
48430.49813,3792,2615.766422
49202.512172,3492,2618.931422
-1151.973874,343,2619.298153
13604.055008,1525,2620.582183
42870.080429,3037,2623.035534
49147.848937,3502,2625.859406
49270.010068,3443,2628.637843
49080.267262,3783,2632.023592
49009.165761,3896,2635.127117
49187.789397,3501,2637.942767
49133.612161,3437,2640.704732
45384.989079,3280,2643.326664
48985.814201,3714,2646.623957
41363.610503,3223,2649.21703
49158.682437,3541,2652.068182
49196.758162,3552,2654.919358
1528.197078,716,2655.575264
36964.606443,2878,2658.217854
30590.79252,2451,2660.20304
49048.368477,3534,2663.034875
13263.453466,1437,2664.231571
-593.334618,309,2664.567717
31075.579111,2432,2666.550069
41242.064656,3459,2669.311303
49116.836214,3563,2672.505446
45282.983627,3150,2675.05635
30411.93351,2712,2677.21822
49193.0294,3561,2680.082449
49152.272239,3614,2682.980804
15928.788073,1998,2684.622538
49043.218954,3515,2687.768677
-1868.353957,397,2688.180125
39204.029175,3006,2690.613721
8127.269343,962,2691.429075
49155.830163,3705,2694.392298
33562.436133,2874,2696.712245
44831.329488,3204,2699.628421
14770.821016,1913,2701.182933
48753.214163,4120,2704.456175
34826.818758,2579,2706.567428
-1499.006985,412,2707.002823
20990.910184,2390,2708.927906
37287.456181,2805,2711.211193
49184.582632,3525,2714.368229
29787.602643,2432,2716.351293
31408.443507,2540,2718.409637
45468.670647,3955,2721.557542
27236.007057,2131,2723.303595
49081.706405,3549,2726.481663
36253.742035,2568,2728.567038
20640.169296,1847,2730.087564
38397.703438,3064,2732.561542
31464.496559,2513,2734.599249
31375.18072,2587,2736.695051
33539.761522,2684,2738.870483
38883.422902,3015,2741.641394
36940.344756,2826,2743.915185
33760.787393,2458,2745.93961
48997.2209,3489,2748.74377
44683.011318,3410,2751.491627
38369.193829,2853,2754.125024
49115.532125,3542,2756.964936
42003.031471,3324,2759.621863
39485.945272,3000,2762.033859
30691.932415,2429,2763.999234
49144.234648,3664,2767.249442
30384.865415,2211,2769.063002
48903.662584,3820,2772.120252
8944.478143,1521,2773.382698
49091.671388,3455,2776.158685
49156.412573,3366,2778.851741
49080.479648,3550,2782.101442
28481.577697,2522,2784.154939
49128.817537,3695,2787.147697
49045.361707,3548,2790.032641
29890.006023,2175,2791.839977
19543.441136,1713,2793.26505
9156.764335,1259,2794.645307
45032.347161,3325,2797.347503
49075.114054,3593,2800.255726
26014.798604,1970,2801.901484
49167.459805,3408,2804.680151
49070.523542,3482,2807.841347
39171.153994,2905,2810.213533
49265.596419,3375,2812.963813
21827.390428,1936,2814.572218
18714.010033,1855,2816.120487
33877.70982,2489,2818.171355
24055.888523,2192,2819.971962
13386.431528,1788,2821.783054
49049.104946,3521,2824.62117
23508.223375,1855,2826.170869
49091.293406,3602,2829.080928
48968.520703,3407,2831.844564
30809.387455,2449,2833.838188
35246.357694,2545,2836.239359
48425.764084,4034,2839.449641
22426.146472,1868,2841.000778
48868.870072,3560,2843.867652
43149.474012,3079,2846.352292
25835.66496,2099,2848.08111
49091.230739,3497,2851.262371
32022.605692,2729,2853.460915
9004.400435,1187,2854.444285
25199.824566,2021,2856.120574
28164.729461,2243,2857.96626
48910.13935,3594,2860.853712
43286.259363,3844,2864.285025
25645.50083,2049,2865.982274
10282.984203,1264,2867.054968
22567.470889,1922,2868.647187
29534.336279,2272,2870.513734
44189.189246,3402,2873.27217
14712.596294,1559,2874.579469
35058.721814,2615,2877.044158
16776.861511,1672,2878.428717
18226.492965,1671,2879.798996
48851.206492,3608,2882.701093
49043.508688,3475,2885.50122
10072.579447,1654,2886.872807
49022.572323,3527,2890.04887
27139.994896,2277,2891.926819
19456.987001,1991,2893.558224
22103.971853,1977,2895.179196
47666.848238,3691,2898.152131
21167.491998,1852,2899.680164
40201.746853,3452,2902.467814
42700.054088,3272,2905.472937
22349.447617,2005,2907.12489
16091.769311,1568,2908.436077
12395.952165,1431,2909.645706
27131.793864,2158,2911.411166
18249.918121,2073,2913.114445
40116.816571,3030,2915.563124
42481.419941,3316,2918.577641
20028.995402,1736,2920.02296
16295.942538,1518,2921.295734
26586.02253,2437,2923.283116
49147.123262,3531,2926.131726
44726.532224,3374,2928.854884
22284.781093,1915,2930.440793
18583.731581,1639,2932.160858
39422.895584,2865,2934.493981
20017.220231,1960,2936.108554
34399.143607,2587,2938.234528
49048.571754,3724,2941.235199
22207.688345,2265,2943.105303
49018.154979,3608,2946.343411
23931.029717,2125,2948.10367
49257.369177,3486,2950.926315
31594.008289,2481,2952.974465
49072.474557,3442,2955.754493
22224.56856,2509,2957.790506
40435.478514,3056,2960.619315
49282.879862,3409,2963.361571
49015.763023,3778,2966.386072
19430.239645,1650,2967.767815
24959.242635,1973,2969.401796
33348.153574,2519,2971.451956
11654.786197,1371,2972.95471
34834.223773,2686,2975.136972
28116.340696,2890,2977.465066
49052.511324,3448,2980.246005
25358.98816,2234,2982.080377
19105.731779,1830,2983.595357
32344.571755,2799,2986.181226
49309.866852,3364,2988.896876
35488.802376,2973,2991.283388
46680.690454,3389,2994.031571
45149.503862,3261,2996.656183
21538.332804,1946,2998.258518
48985.705919,3533,3001.427077
49255.104093,3402,3004.187598
49067.731962,3632,3007.107776
33081.83719,2625,3009.234244
25271.522401,2184,3011.012297
47983.981667,3351,3014.098814
45090.348446,3257,3016.727956
26653.490646,2180,3018.519798
35213.109453,2824,3020.782548
49159.320138,3532,3023.619985
49064.808028,3407,3026.714979
49241.986329,3264,3029.365293
49038.331961,3411,3032.116379
49238.634977,3515,3034.952642
13006.278365,1933,3036.51375
35551.977166,2827,3038.806159
49015.573128,3339,3041.811083
48920.089606,3425,3044.580298
40159.672807,3085,3047.058839
24128.840679,2543,3049.107605
35687.352173,2596,3051.222628
18598.095811,2147,3052.969885
17747.292865,1700,3054.688026
33966.824179,2785,3056.931143
43110.509119,3148,3059.497397
47549.455066,3320,3062.175136
49054.456745,3328,3064.857758
30090.500485,2368,3066.777709
39717.409009,2860,3069.431565
40527.662912,3157,3071.977774
44833.079009,3198,3074.555819
42709.996405,2999,3076.979295
49140.591591,3402,3079.727415
49111.153792,3409,3082.810343
31967.623113,2308,3084.709616
26704.224515,2178,3086.49732
40801.024559,2992,3088.934369
40538.214169,2852,3091.258018
33869.329337,2727,3093.475578
45677.949665,3236,3096.437067
48962.537773,3600,3099.31707
49054.192819,3332,3101.992378
23056.767945,1945,3103.593969
37870.943924,2773,3105.845257
31088.568045,2564,3108.271515
35955.004716,2575,3110.374199
48845.156332,3363,3113.085747
49057.858589,3472,3115.876763
49009.490111,3306,3118.555372
49144.892612,3381,3121.269801
48923.884198,3465,3124.429902
41333.298114,2998,3126.852867
34498.136299,2575,3128.954374
30983.612378,2265,3130.815337
49019.906531,3596,3133.712091
42375.689125,2949,3136.430066
30713.282631,2199,3138.247437
49101.446018,3411,3141.002027
37686.605728,2784,3143.27843
48848.982884,3422,3146.03416
40008.99036,2891,3148.394921
49219.155263,3330,3151.440046
37875.827411,2688,3153.635509
49146.988483,3429,3156.405337
49097.96004,3475,3159.218062
49173.446993,3289,3161.872484
49195.614158,3275,3164.888502
41764.423298,3305,3167.546319
35298.266635,2485,3169.587026
42975.715588,3040,3172.04931
19111.906085,1722,3173.484802
46356.363538,3147,3176.399994
41746.82433,2994,3178.847605
48982.651833,3422,3181.584885
-2642.046091,347,3181.95541
49039.305142,3525,3184.802001
49216.948281,3387,3187.541234
49153.386147,3349,3190.605175
37076.182469,2762,3192.859848
37033.798555,2632,3195.015306
49128.641544,3465,3197.799634
44779.956073,3358,3200.513851
42137.600885,3258,3203.127383
49153.182315,3386,3206.194529
49201.979333,3401,3208.941649
48955.507819,3336,3211.632508
49291.123282,3302,3214.311159
49073.842083,3444,3217.42933
49051.476286,3411,3220.181951
35182.885087,2680,3222.357176
40358.461758,3049,3224.82989
49200.14134,3342,3227.521171
49040.903494,3318,3230.198178
49122.758821,3445,3233.302805
49247.611867,3352,3236.008348
20107.811175,1646,3237.381074
49168.727012,3404,3240.151924
49110.072861,3313,3242.824769
48933.032914,3289,3245.859747
-1948.143902,433,3246.308404
48775.957647,3377,3249.061655
49089.697476,3563,3251.948113
44985.675099,3177,3254.54772
46341.931109,3305,3257.216005
49136.962066,3341,3260.275373
49253.577419,3338,3262.983677
48941.840573,3523,3265.839329
49061.014287,3381,3268.584612
48695.009718,3634,3271.874477
49026.001503,3504,3274.719228
15121.190271,2445,3276.678422
32487.30108,2398,3278.648567
27003.492269,2118,3280.391758
22438.193392,2209,3282.194019
33404.720241,2625,3284.346854
49002.851059,3455,3287.478302
29258.650354,2195,3289.293486
49045.162295,3356,3292.017015
49073.232446,3415,3294.779282
20628.342252,1621,3296.138172
45340.490064,3303,3298.815711
35859.402442,2695,3301.361605
41254.530277,2879,3303.72088
23774.839124,1949,3305.335369
43132.604946,3094,3307.847324
-1747.304788,461,3308.32217
49067.029343,3385,3311.092507
28245.947042,2171,3313.209266
49154.09055,3284,3315.883131
49039.279186,3347,3318.61404
49058.807655,3445,3321.41134
49239.555039,3370,3324.154491
37035.294317,2675,3326.342973
45603.077201,3179,3329.276897
48845.354113,3395,3332.036879
48930.477749,3586,3334.939986
38447.591391,2959,3337.337232
48732.451755,3321,3340.386657
49173.745877,3310,3343.070519
46360.476254,3396,3345.841559
23446.22129,1856,3347.384974
49180.737607,3447,3350.183975
49095.001336,3335,3352.893542
49064.098284,3306,3355.930619
49154.124367,3385,3358.667973
49064.705495,3305,3361.343132
49056.7594,3418,3364.107868
48888.178511,3316,3366.787559
40845.163726,2915,3369.504465
38076.555012,2733,3371.725324
48890.256917,3304,3374.400495
49010.581081,3379,3377.123925
48911.497285,3396,3379.869099
23068.36172,1912,3381.779107
29930.59545,2313,3383.665529
48941.561608,3406,3386.41807
20304.430072,1710,3387.840039
48582.241379,3442,3390.618118
48772.828938,3481,3393.423884
48786.269008,3367,3396.491093
33842.20507,2625,3398.636449
16878.013935,1515,3399.91064
48777.795537,3588,3402.80601
49027.891368,3581,3405.704224
42366.536317,2996,3408.147065
37306.423712,2593,3410.603154
34508.566054,2568,3412.7042
34661.20471,2620,3414.85288
49178.987177,3323,3417.550812
49075.101484,3280,3420.215664
49151.171394,3454,3423.338632
48983.413297,3324,3426.041924
43496.946719,3056,3428.526689
18749.867426,1556,3429.837072
49225.526022,3349,3432.546342
38079.564968,2893,3434.907521
29877.828803,2381,3437.184641
49009.550286,3575,3440.075517
49212.461082,3415,3442.832925
-1757.298394,447,3443.283384
40591.619795,3055,3445.767703
49165.725168,3576,3448.65458
49030.463062,3421,3451.76956
49010.870132,3334,3454.473045
48976.521178,3614,3457.385654
49035.710849,3474,3460.205358
49157.080433,3349,3462.910825
49301.864293,3502,3466.073414
49067.853124,3549,3468.943258
33405.113275,2419,3470.941174
49288.883851,3603,3473.860802
48915.626743,3553,3477.076156
37062.289178,2612,3479.220132
48965.440892,3493,3482.059956
49178.426174,3481,3484.884619
49158.918428,3445,3487.671096
49142.9883,3551,3490.86945
49214.757822,3732,3493.873351
49105.574085,3531,3496.73579
46983.174637,3423,3499.500649
39550.146498,2863,3501.828646
49196.535151,3547,3505.032375
49102.049685,3560,3507.895342
15727.221365,1918,3509.462632
45376.083651,3331,3512.162702
48983.010042,3620,3515.076456
49244.521454,3378,3518.147319
43009.533131,3005,3520.604696
48960.61593,3447,3523.377877
30721.909954,2371,3525.332317
48967.63915,3870,3528.428112
49256.792836,3441,3531.554843
35663.520526,2553,3533.62998
39675.223665,2895,3535.988338
49144.965906,3768,3539.020591
35330.452065,2563,3541.114853
49284.964487,3584,3544.003169
40001.132893,2970,3546.783156
41885.288356,3166,3549.327395
45158.236891,3255,3551.936541
38830.201139,3035,3554.371472
35485.110877,2755,3556.605787
49178.52794,3535,3559.747285
39057.985442,2925,3562.101088
49230.631079,3564,3564.950383
49282.728187,3527,3567.770734
21957.72874,2178,3569.536962
27341.214772,2034,3571.207734
48853.859744,3552,3574.372442
49290.982567,3441,3577.124041
30567.97579,2315,3579.009688
49312.882629,3491,3581.806826
37497.674107,2697,3583.977519
49328.54788,3271,3586.937632
2385.152106,1190,3587.937788
49157.985848,3381,3590.643728
49206.258472,3534,3593.469171
40273.726878,2897,3595.816703
49291.581959,3557,3598.649346
49225.847259,3603,3601.855592
18525.260136,1778,3603.299508
38538.519011,2920,3605.671213
49064.440291,3801,3608.679774
39560.970256,2794,3610.940719
46913.143648,3384,3613.979626
41015.737104,2950,3616.360229
48013.955275,3387,3619.073615
49311.024152,3356,3621.768462
49330.248157,3377,3624.482795
38785.057104,2807,3627.112621
45176.231441,3208,3629.687037
49221.64657,3525,3632.503712
49249.193098,3612,3635.384378
47338.531537,3385,3638.10866
49172.142424,3579,3641.293182
49340.427102,3375,3643.984863
49140.755673,3533,3646.804096
49258.913812,3316,3649.459714
49302.589247,3512,3652.267712
20848.478488,1949,3654.177176
49244.42825,3438,3656.937584
48966.477514,3479,3659.723751
47761.009583,3147,3662.263636
49271.112504,3367,3664.970176
49219.009552,3389,3668.032365
49268.215162,3597,3670.907146
49183.726862,3557,3673.744701
49257.82193,3476,3676.539405
49266.065245,3422,3679.281816
41568.097752,3017,3682.051764
-2648.501938,432,3682.486464
27889.576645,2281,3684.333709
49114.286532,3411,3687.074416
48951.411662,3476,3689.852718
49024.353894,3686,3692.804294
45819.404679,3373,3695.884212
49266.617786,3517,3698.708357
48768.833305,3596,3701.596325
49267.994882,3314,3704.267128
49102.941071,3200,3707.214292
49037.458374,3563,3710.084313
49161.02604,3515,3712.923694
49173.55649,3507,3715.745287
49275.612344,3312,3718.432301
49178.877251,3290,3721.458725
49185.705107,3476,3724.256122
48953.260538,3388,3727.006724
47596.822368,3468,3729.811275
49176.435559,3359,3732.540366
49004.372753,3451,3735.649796
49230.492285,3554,3738.524072
44720.719831,3221,3741.143398
49150.531828,3461,3743.947734
49029.340888,3529,3746.803332
45513.454886,3298,3749.790228
49096.488819,3613,3752.69474
49070.25401,3249,3755.318598
49060.506491,3412,3758.072649
-2215.272869,395,3758.476619
48998.650732,3371,3761.561678
49186.06789,3347,3764.25802
49264.982183,3522,3767.108451
49086.175251,3552,3769.958207
49028.328915,3464,3772.755255
49018.486535,3422,3775.851637
49161.500075,3318,3778.541945
-2383.029466,449,3778.9949
49021.134969,3387,3781.718931
21447.233315,1729,3783.144076
49194.891198,3321,3785.825494
49036.567845,3400,3788.896487
21779.522957,2101,3790.62611
49106.878248,3355,3793.355079
49045.870262,3354,3796.064334
49290.140036,3249,3798.706717
48720.935366,3441,3801.493849
48985.031209,3393,3804.579803
23562.300209,1884,3806.139779
49014.245018,3485,3808.938368
49203.103541,3330,3811.637654
48893.821457,3480,3814.449275
49099.143879,3468,3817.599988
49102.928447,3414,3820.352189
48986.428827,3381,3823.080505
49043.385059,3446,3825.847878
49179.763231,3258,3828.478938
46599.327525,3222,3831.444676
49207.346726,3373,3834.155053
48676.208788,3448,3836.933076
49196.942047,3269,3839.570842
34568.471159,2402,3841.535481
16768.743374,2049,3843.528288
48956.095386,3370,3846.249049
49036.344973,3386,3849.012914
49007.155416,3218,3851.629796
48973.809282,3424,3854.397963
49293.886041,3432,3857.506233
37271.094694,2521,3859.563133
49037.524098,3303,3862.233239
48985.87153,3460,3865.009716
48779.132873,3221,3867.621689
48973.974118,3324,3870.626494
48963.562224,3182,3873.210348
49186.616132,3230,3875.821002
30250.813171,2055,3877.519063
34339.075738,2390,3879.465756
42163.477872,2949,3881.854927
-1984.413787,466,3882.320904
48957.154563,3218,3885.247991
49191.028559,3295,3887.908477
48821.005211,3198,3890.494578
48927.060306,3421,3893.255544
35844.791072,2535,3895.31902
48845.955928,3280,3898.300432
49082.031431,3446,3901.083499
49109.047829,3305,3903.756296
48591.439946,3305,3906.424901
21553.471804,1921,3908.016979
48969.052993,3378,3910.736826
48890.535726,3330,3913.753094
48869.609285,3411,3916.495716
49182.031122,3279,3919.151236
44135.623685,3123,3921.682958
48999.752582,3178,3924.262023
48918.03691,3181,3927.170861
30956.038086,2319,3929.072101
31418.063668,2318,3930.970636
21891.79319,2343,3932.921417
48574.899893,3228,3935.525665
48960.196962,3219,3938.471061
49129.151593,3226,3941.093476
48017.008486,3677,3944.052897
39494.902982,2777,3946.326301
48845.496558,3272,3948.99028
49127.776155,3253,3951.619958
49064.045187,3251,3954.585202
48540.658016,3485,3957.400544
49035.199371,3226,3960.002851
49063.141754,3290,3962.676861
48685.945969,3304,3965.704686
48902.179594,3230,3968.333725
45282.409099,3077,3970.827394
43686.315211,2871,3973.173294
47085.175606,3079,3975.672169
39732.609659,2876,3978.004811
49033.236789,3677,3981.298357
48842.637227,3311,3983.973518
48956.185036,3374,3986.690756
49006.374934,3405,3989.443614
48892.339434,3274,3992.089526
49102.90534,3173,3994.995749
48812.016534,3173,3997.570175
49111.344024,3274,4000.213835
48917.299302,3328,4002.902709
46606.961378,3095,4005.401515
49156.744689,3250,4008.400296
25425.590606,2243,4010.236378
49147.903899,3361,4012.974895
49127.101562,3323,4015.659012
48473.688032,3446,4018.453079
49123.078295,3506,4021.612089
32211.618354,2131,4023.390504
38049.862194,2514,4025.456287
37984.934429,2562,4027.571387
49186.965902,3407,4030.334456
38495.48248,2671,4032.535157
40196.990945,2881,4035.203584
39367.478637,2693,4037.415858
49213.347914,3367,4040.15827
48949.099921,3346,4042.883655
49156.93574,3357,4045.60358
37791.660488,2598,4048.090597
49025.650946,3178,4050.6853
-2265.656843,457,4051.141307
34926.957324,3328,4053.849614
48989.479789,3489,4056.672309
46878.871152,3228,4059.307865
38313.547993,2676,4061.82858
48840.654897,3535,4064.701782
47986.661844,3197,4067.310388
48914.936251,3515,4070.171804
49055.4758,3201,4072.789261
-2306.021381,497,4073.27726
49088.813397,3256,4076.254488
28363.073421,2264,4078.112336
48831.701944,3208,4080.708051
49202.486087,3129,4083.268239
40302.321076,2842,4085.584805
43551.108192,2908,4087.954696
43583.780032,2918,4090.648694
49048.265819,3116,4093.189127
49185.577785,3179,4095.769872
48344.162609,3225,4098.392907
39986.716875,2748,4100.631039
40363.356871,2796,4103.231475
48952.595226,3216,4105.839973
38684.763099,2544,4107.929096
39423.751054,2604,4110.055454
49189.457124,3266,4112.702422
48911.410221,3127,4115.240597
39671.776342,2680,4117.744253
37398.855081,2752,4119.988677
33283.098556,2502,4122.021261
26856.625863,1945,4123.638461
49216.014761,3208,4126.226627
18968.818571,1644,4127.590906
49036.065037,3420,4130.677143
31499.732132,2082,4132.39274
38414.151981,2608,4134.536767
36140.598732,2440,4136.544545
49088.594472,3244,4139.175767
36865.65526,2440,4141.17608
40682.9006,2765,4143.766969
40788.980869,2947,4146.159451
32180.670002,2151,4147.933241
30671.485754,2233,4149.773999
40004.420188,2868,4152.105914
48825.857878,3404,4154.860537
39483.799318,2730,4157.418057
28024.079951,1935,4159.029106
49218.436783,3201,4161.620027
45300.518821,2908,4163.994539
36879.073397,2462,4166.004711
37503.179438,2565,4168.102067
35561.453949,2522,4170.172135
29544.576511,2097,4172.254472
48758.841742,3544,4175.109549
48842.606844,3327,4177.793452
39506.010597,2701,4180.009567
43355.50991,3005,4182.447331
32825.822443,2240,4184.292956
42855.220369,2838,4186.930194
32099.677191,2172,4188.74241
37705.602758,2525,4190.8216
32640.17357,2284,4192.697575
36266.611616,2489,4194.737427
39651.126059,2615,4196.877346
39076.422638,2835,4199.535247
42828.91748,3135,4202.062412
38005.724601,2726,4204.281243
38978.388792,2556,4206.369191
43089.546094,2850,4208.706705
36104.373887,2643,4210.867542
27690.261428,1931,4212.80495
49056.657279,3387,4215.549049
30284.342058,2046,4217.245354
23332.224759,1647,4218.642161
30883.857382,2379,4220.592473
42996.635287,2899,4222.95143
30642.358678,2118,4224.705774
38494.869202,2557,4227.1188
26759.143939,1921,4228.716569
42087.736748,2799,4231.00207
27932.880633,1962,4232.630223
39981.274422,2747,4234.880239
27508.847758,2056,4236.578793
31935.582702,2233,4238.408419
29629.311319,2097,4240.462745
48806.066858,3421,4243.217335
33089.205797,2238,4245.059432
35604.66377,2379,4247.019745
43326.558711,3112,4249.550962
48878.728968,3325,4252.238809
44259.736902,3063,4255.077413
31451.121677,2333,4257.000398
28411.504633,2077,4258.710244
28339.716144,1963,4260.342511
34381.481434,2303,4262.241036
36995.126197,2633,4264.383402
49210.652421,3496,4267.53695
9667.536321,1290,4268.643816
49197.807851,3404,4271.397982
18794.447493,1884,4272.955162
48592.255441,3738,4275.966629
35233.305898,2391,4277.928505
20400.680302,2260,4279.804281
