#{"t_start": 1703135304.479577, "env_id": "modulating_slopeEnv"}
r,l,t
-1366.08684,310,0.942003
-2116.566206,375,1.555694
-1542.018809,290,2.043167
-1495.049942,276,2.518847
-1316.23734,273,2.987626
-1404.457565,521,3.808835
-1434.773344,320,4.35242
-1850.257412,368,4.935335
-962.078691,256,5.378632
-1256.320597,302,5.880894
-1126.72345,269,6.338791
-1130.991796,312,6.843671
-2033.245916,311,7.352365
-3635.370595,764,8.409486
-1867.556239,320,8.939969
-1307.696194,334,9.468797
-1448.022331,280,9.936727
-1070.339527,294,10.417941
-1517.555275,280,10.886106
-798.233061,308,11.394849
-1309.229111,322,11.916364
-1475.131797,267,12.370096
-1916.514029,290,12.839165
-1278.436169,323,13.363085
-812.924823,325,13.886652
-1905.769552,346,14.429334
-1228.257345,296,14.910537
-1396.2758,322,15.437049
-1906.304683,280,15.900822
-1239.642951,265,16.353339
-1453.953394,278,16.815971
-1414.820536,343,17.356308
-1857.377011,422,18.001539
-1230.989569,282,18.473114
-1643.179669,269,18.932013
-1308.31515,279,19.394913
-1292.748452,273,19.849248
-1397.607911,519,20.618285
-1347.661203,314,21.134443
-1496.884227,262,21.584458
-1258.21443,252,22.025634
-2679.421156,589,22.851308
-1017.691429,360,23.424187
-1590.621886,251,23.860709
-540.033196,285,24.325995
-1767.956099,307,24.835408
-1294.077458,261,25.284298
-1660.472959,299,25.762045
-3089.472491,516,26.523626
-1345.563024,326,27.452013
-1626.249397,300,27.947813
-1888.672501,357,28.521731
-1615.05729,295,29.009125
-1404.169276,230,29.423067
-2114.643354,497,30.156245
-1347.217433,346,30.706828
-1101.48769,264,31.162204
-1498.925316,306,31.67572
-2018.870623,467,32.394882
-1364.197187,275,32.856854
-1372.226894,254,33.3044
-1682.727278,278,33.780181
-1425.715809,276,34.245882
-1371.572521,311,34.764027
-1409.080216,287,35.237654
-1212.281759,365,35.817058
-1377.446851,253,36.258835
-1224.98163,305,36.765479
-1954.815658,426,37.424292
-1773.864472,314,37.937387
-1222.624805,264,38.390971
-1587.844631,292,38.868083
-1380.112462,240,39.286465
-1846.85245,402,39.913682
-2082.083611,346,40.456159
-1845.337576,302,40.966439
-1835.044861,341,41.511851
-1101.045822,302,42.017952
-1915.191057,263,42.474717
-1891.830226,397,43.096419
-1494.132614,298,43.584908
-1634.676008,271,44.043701
-1272.676909,289,44.521377
-1709.07349,325,45.053176
-1765.594196,295,45.539003
-1478.771141,293,46.023862
-1195.342491,261,46.480298
-1749.381732,331,47.016514
-1225.699725,269,47.472283
-1797.502102,300,47.959538
-1603.937189,470,48.672715
-1448.548917,297,49.158136
-1660.036111,288,49.635285
-1233.009103,279,50.105033
-1995.703718,426,50.767145
-1954.022611,306,51.269669
-1383.735151,294,51.752321
-1587.173802,273,52.217253
-1362.519007,297,52.703712
-1702.915621,273,53.168434
-1501.152347,323,53.698522
-1427.08947,322,54.601724
-1754.150435,291,55.082926
-1713.634606,477,55.805691
-1477.369244,324,56.337986
-1503.207518,290,56.823989
-1627.751462,362,57.406486
-1397.936184,275,57.872624
-1469.113612,292,58.356669
-1307.776263,291,58.837156
-1210.0307,221,59.237643
-1286.236598,265,59.697138
-1549.752592,227,60.104197
-1439.092919,246,60.529452
-1212.234173,300,61.019981
-1017.728967,286,61.501088
-1572.313531,280,61.973425
-1388.781185,266,62.431755
-1581.45783,304,62.946865
-1133.575842,246,63.371136
-2270.925419,303,63.873507
-1728.860468,355,64.448744
-1240.218958,295,64.937039
-1934.968594,370,65.523993
-1307.003265,287,66.003791
-1219.890604,260,66.46
-1327.962721,361,67.040363
-1858.240135,448,67.729783
-1276.815813,272,68.196126
-833.249633,287,68.67039
-1977.133724,340,69.211139
-1773.165146,279,69.679012
-1407.191326,272,70.145938
-1469.545306,241,70.566542
-1478.530935,317,71.085529
-1407.275264,277,71.559616
-1446.167373,275,72.03374
-1277.392196,242,72.453592
-1460.938047,338,72.997121
-1497.677577,266,73.458181
-1645.594315,282,73.930961
-1998.18255,318,74.452787
-1345.748311,256,74.904587
-1360.778352,253,75.350088
-1554.72923,270,75.812024
-1895.994009,304,76.319355
-1819.802787,284,76.793751
-1567.561447,295,77.279469
-1730.541982,318,77.801561
-1284.197128,278,78.27226
-1293.956609,268,78.733849
-1373.678276,266,79.195043
-1249.835325,548,80.006978
-955.552538,289,80.479908
-1585.895243,282,80.951508
-1314.705372,260,81.405353
-1140.748465,246,82.205595
-1699.666995,335,82.734169
-1231.830112,244,83.156224
-1253.312221,254,83.602605
-1327.209812,305,84.114387
-1738.606931,474,84.836111
-1498.707019,277,85.316407
-1462.126781,258,85.76848
-1319.808577,311,86.285463
-1504.926234,290,86.769841
-1480.05011,307,87.282904
-1262.558339,249,87.7082
-1654.642687,280,88.181535
-1504.351593,303,88.693112
-1600.004385,294,89.176797
-1291.122081,248,89.603262
-1019.590951,330,90.133862
-1161.723397,309,90.650041
-1931.626487,385,91.253876
-2022.501344,298,91.735518
-992.636263,249,92.16424
-1739.369446,277,92.634811
-1314.318583,311,93.143889
-1629.64985,288,93.626508
-1325.542197,307,94.14317
-1537.739102,273,94.607598
-1226.174228,242,95.027042
-1161.358069,288,95.506118
-867.123962,366,96.081247
-1196.665237,297,96.571109
-1071.275274,269,97.034345
-1408.986383,269,97.492348
-917.063614,320,98.016231
-1591.496221,271,98.47826
-1305.824602,251,98.922208
-1308.06216,265,99.379256
-1790.400661,291,99.864512
-1308.286273,252,100.312067
-1644.088881,274,100.779177
-786.259733,266,101.230942
-2236.226175,519,102.011075
-1469.849686,260,102.459963
-1235.349176,258,102.91098
-860.175203,506,103.678144
-1325.422335,260,104.133282
-983.834014,305,104.645113
-1554.621857,303,105.152058
-2174.621759,366,105.738258
-1984.136745,528,106.532946
-1127.939606,279,107.055065
-1236.075091,213,107.502576
-1686.383445,459,108.212201
-1659.646087,251,108.679051
-1293.021827,279,109.190555
-1226.690197,278,110.154545
-2954.5198,664,111.207008
-1337.880391,268,111.719003
-1583.219864,223,112.220612
-1534.869922,286,112.735422
-1608.630642,227,113.177775
-1219.590733,274,113.671317
-1857.628452,329,114.2462
-1297.740437,261,114.755336
-1424.291382,265,115.245602
-670.587683,546,116.062156
-1177.054911,244,116.485332
-1415.811476,281,116.959734
-1350.445858,247,117.38188
-1454.681835,269,117.874608
-1636.63753,289,118.388011
-1394.28317,257,118.84399
-1082.465699,280,119.369066
-1257.434174,222,119.791151
-1322.036781,270,120.28435
-1376.356648,247,120.750074
-1590.750352,307,121.301946
-915.507115,281,121.806649
-1524.016485,246,122.26164
-1346.193961,276,122.778656
-1342.334873,288,123.264286
-1741.208482,302,123.791108
-1210.726627,276,124.268249
-1425.566974,240,124.688169
-1180.634503,261,125.158625
-1735.575997,321,125.717704
-1145.908603,389,126.358644
-1554.881934,452,127.074488
-1537.788145,256,127.596482
-1509.745547,244,128.072908
-1302.64093,283,128.593047
-2074.149086,306,129.117599
-1297.757606,273,129.632585
-1212.191655,225,130.049552
-1596.475195,473,130.80397
-1763.848806,298,131.291188
-1673.577848,293,131.771786
-1048.025247,280,132.237335
-786.281669,321,132.764374
-1596.788064,274,133.235126
-1476.873944,289,133.721001
-1425.06655,260,134.171988
-2078.705291,409,134.818727
-1191.637086,241,135.231606
-1384.386327,243,135.652321
-1229.117828,302,136.180811
-1881.89357,296,136.697678
-1264.423811,260,137.146816
-1579.995867,343,137.694713
-1356.984744,265,138.147078
-1472.34603,339,139.051741
-2108.727208,319,139.57284
-1650.445814,282,140.046949
-1193.042378,261,140.500563
-1147.687317,211,140.890618
-1259.324804,253,141.339244
-1252.328573,316,141.86198
-1682.257242,302,142.368347
-1935.980098,475,143.077995
-1628.56005,299,143.566824
-1221.253315,259,144.021861
-1317.257676,317,144.543846
-1200.931216,330,145.077781
-1390.046151,274,145.539731
-2092.843004,365,146.117118
-1590.649458,274,146.579623
-1668.651346,257,147.022578
-1302.865173,205,147.402724
-1368.507171,277,147.87133
-1563.155996,275,148.337029
-1354.966828,277,148.811956
-1240.531115,221,149.20676
-1518.745595,503,149.969823
-1438.318394,435,150.6346
-1739.572078,254,151.084727
-1956.145813,344,151.63132
-1862.749502,355,152.197461
-1376.761083,287,152.672673
-727.926308,284,153.142562
-1192.198752,263,153.598656
-1243.556627,273,154.063457
-1840.154642,365,154.643384
-1502.162937,263,155.094996
-1164.931178,227,155.498962
-2021.566696,543,156.294008
-1558.404068,302,156.799758
-1393.540396,269,157.257239
-1403.579303,278,157.729475
-1881.697135,359,158.301786
-1565.397992,286,158.777358
-1565.568124,440,159.452005
-1481.627093,471,160.164806
-1295.424297,251,160.611235
-1400.447658,266,161.068906
-1711.999869,389,161.674241
-1826.901873,300,162.163346
-1413.176028,232,162.573622
-1252.851663,287,163.048647
-1897.85089,504,163.807364
-1505.118164,267,164.26595
-1703.916348,317,164.784528
-1516.743913,300,165.276366
-1062.560364,228,165.682291
-1390.567773,296,166.544748
-1053.699318,599,167.41038
-1595.93347,289,167.890354
-1730.97989,424,168.546276
-2801.313295,450,169.232083
-1352.967825,339,169.781808
-1260.364862,238,170.202646
-1281.436296,248,170.627465
-1338.910874,277,171.099131
-656.913344,266,171.552815
-2423.320197,634,172.464697
-1650.373269,304,172.978246
-1180.351839,272,173.443499
-1204.036578,277,173.911368
-1404.439982,469,174.616919
-764.104666,323,175.144707
-2000.341803,485,175.87167
-921.711358,310,176.389114
-1375.699427,293,176.868698
-1502.14132,301,177.378947
-1018.382765,283,177.852579
-1386.652868,284,178.331463
-1976.083397,402,178.967057
-1515.697774,257,179.418544
-993.412558,316,179.940243
-2362.94045,429,180.60277
-1235.051819,254,181.055712
-2454.822251,531,181.844533
-1125.323817,344,182.389587
-1178.558346,257,182.844563
-1134.510186,516,183.62937
-923.547561,342,184.167876
-1869.479324,416,184.814385
-1434.035262,280,185.287141
-1359.648604,296,185.774499
-912.40525,340,186.321438
-1387.949082,266,186.779855
-1205.873743,240,187.195664
-1186.158552,205,187.582769
-1152.844547,313,188.1037
-1128.538644,280,188.578847
-1277.716277,287,189.060577
-1743.698583,393,189.672802
-2112.662684,335,190.214285
-1137.814365,253,190.660596
-1290.577589,307,191.175879
-1617.564811,286,191.655496
-1911.576222,324,192.186346
-1488.03513,286,192.665153
-1825.088219,378,193.637713
-1251.035669,277,194.171613
-1547.871935,905,195.475073
-1283.740053,301,195.986711
-1336.764033,288,196.466009
-789.682337,296,196.947296
-1484.02319,305,197.462963
-1331.807851,325,197.994139
-897.81944,479,198.723164
-1306.169743,282,199.197687
-1843.317063,427,199.862444
-1487.381424,308,200.384108
-1876.997801,346,200.938582
-1309.858851,267,201.400799
-1298.305493,335,201.940987
-1266.808057,295,202.430811
-2165.949842,564,203.266473
-1514.252473,285,203.743608
-1657.491871,270,204.203698
-1169.101482,288,204.678998
-1401.246151,309,205.19748
-1564.75053,335,205.738659
-2149.144948,510,206.512344
-1368.771795,256,206.964015
-1461.014355,304,207.477208
-1582.142864,220,207.876986
-1381.933151,309,208.396707
-1303.251498,259,208.852934
-1152.935991,304,209.363575
-1360.8598,286,209.843536
-1281.786571,318,210.366942
-1263.425456,248,210.793962
-1142.313682,362,211.375831
-1912.374068,449,212.06179
-2416.646383,351,212.630597
-1158.571413,279,213.103118
-1440.820743,392,213.711519
-1087.383102,233,214.126535
-1498.288757,259,214.577697
-1674.489354,358,215.157121
-1307.403588,258,215.61077
-1420.754664,389,216.211409
-1392.976431,343,216.75796
-1388.020505,327,217.29447
-1580.942419,257,217.746661
-906.443841,290,218.224729
-1835.515148,299,218.70901
-1287.626111,283,219.184493
-1288.500911,302,219.694159
-1674.673472,386,220.687435
-2304.87437,653,221.642604
-1030.748707,431,222.31669
-1056.683503,304,222.832737
-1954.921507,355,223.410177
-1754.496469,306,223.921472
-2395.328992,445,224.612917
-1565.938421,441,225.295117
-1029.688915,244,225.716826
-1627.172098,405,226.362278
-1273.087326,281,226.837805
-1998.67268,393,227.450452
-1003.236404,250,227.880667
-1277.199112,315,228.405484
-1585.789226,274,228.872455
-1333.724421,274,229.339872
-1678.580444,282,229.814095
-1328.797265,384,230.423339
-1489.579225,527,231.222028
-1243.84727,274,231.694517
-1256.779423,739,232.746798
-1545.959982,441,233.441899
-1172.179058,307,233.963641
-1810.8349,317,234.489837
-1090.468833,249,234.921201
-1345.257007,279,235.39722
-1450.779404,265,235.857741
-1561.316839,327,236.395094
-1730.253182,317,236.922903
-1600.036043,479,237.662129
-1481.137868,282,238.142885
-1106.657781,255,238.600235
-1384.062854,252,239.052804
-1456.031244,378,239.659381
-1371.856306,259,240.117732
-1487.56787,317,240.647247
-880.256064,253,241.097235
-1500.601821,309,241.615197
-2054.905001,423,242.275129
-1455.876383,319,242.804935
-1893.597097,473,243.533369
-1589.909341,305,244.052998
-1154.756661,288,244.539863
-1365.840315,270,245.008474
-1500.754311,457,245.728859
-1330.807424,270,246.195584
-539.115838,801,247.68515
-1293.273697,285,248.163806
-1972.416545,408,248.798495
-1258.497173,253,249.247394
-1284.689451,329,249.786882
-836.098042,315,250.309406
-1525.458789,324,250.844568
-1241.008879,284,251.322998
-1521.073911,281,251.79683
-1502.090717,270,252.259467
-1322.24784,399,252.874426
-1142.610612,281,253.350946
-1338.294168,288,253.83628
-1472.840313,279,254.307668
-1497.089899,332,254.843967
-1526.020448,267,255.305233
-1234.806487,291,255.787648
-1140.794027,412,256.417528
-1727.424387,307,256.933901
-1846.294324,322,257.465041
-1001.630873,237,257.8818
-1130.736816,504,258.656618
-861.254373,311,259.17976
-1438.770196,351,259.759802
-1655.606649,298,260.247965
-1503.0987,276,260.716629
-1430.487223,312,261.241105
-1914.641174,347,261.795656
-1152.133667,297,262.286314
-1662.136565,319,262.812827
-1240.514287,282,263.290706
-1218.390032,325,263.825266
-1432.751041,285,264.304716
-1432.535854,272,264.769924
-994.10596,248,265.198528
-1425.399527,238,265.619999
-1361.185395,326,266.15469
-1106.12968,279,266.628763
-1617.977085,316,267.155457
-983.387172,287,267.639533
-1318.497178,290,268.122534
-1264.607973,297,268.615847
-1171.220622,285,269.096171
-1176.724386,325,269.629984
-1801.067882,303,270.134624
-1321.543095,294,270.62475
-1583.226973,458,271.330931
-1516.779737,589,272.212427
-1387.338892,301,272.727114
-1468.938781,299,273.218655
-1095.832876,481,273.955923
-1512.281263,294,274.815857
-852.400095,369,275.403735
-1205.883056,489,276.1401
-1277.78085,284,276.617811
-2336.97933,322,277.149836
-1391.372339,379,277.750091
-1460.496216,285,278.230971
-1239.924819,245,278.658388
-1322.176932,454,279.362954
-1279.239112,223,279.765343
-1249.703884,257,280.225437
-1098.200044,291,280.713421
-1039.866929,261,281.173346
-1140.373444,250,281.602762
-1175.057115,338,282.140661
-639.141322,474,282.868469
-2102.750361,477,283.585415
-2000.178002,349,284.143116
-1127.127285,340,284.687551
-1690.211922,324,285.219936
-1385.533535,487,285.955443
-435.071884,418,286.608688
-1092.916132,454,287.31619
-1159.424825,249,287.744998
-1337.962574,231,288.158464
-1575.861101,431,288.829956
-2046.770914,558,289.678887
-1203.607178,212,290.074624
-1053.311586,313,290.599216
-1201.995062,277,291.074229
-1321.525648,306,291.591896
-1200.874682,261,292.051371
-1132.417746,483,292.787171
-1399.491513,293,293.270553
-997.119863,250,293.700958
-1018.103302,333,294.23713
-1401.745744,275,294.708712
-1947.002188,431,295.378772
-659.217562,326,295.909249
-1681.232012,478,296.643264
-931.264542,308,297.155276
-1087.705455,366,297.743408
-1148.214097,251,298.193247
-1234.641221,248,298.619241
-1158.547882,236,299.037606
-1537.463346,300,299.534359
-1376.104043,277,300.007943
-1455.620916,349,300.563608
-1378.763371,263,301.025421
-852.516752,363,301.9752
-1533.362554,385,302.57723
-1126.483305,320,303.104728
-1184.960092,327,303.639723
-4149.840076,961,304.953744
-1792.495932,596,305.80873
-1389.435228,254,306.25712
-1311.517904,262,306.717311
-1363.411923,260,307.167645
-1987.895375,394,307.778713
-1716.880011,277,308.246215
-1828.477954,323,308.779278
-1395.108723,338,309.321602
-1626.295459,334,309.861374
-1342.774727,274,310.332527
-1162.108645,290,310.817285
-1035.787687,229,311.226745
-1344.438919,277,311.697408
-1164.207605,281,312.172361
-1111.089459,233,312.584487
-1656.930976,320,313.112709
-867.946733,311,313.634017
-429.361128,329,314.16877
-1269.202863,268,314.630469
-1463.712483,414,315.278467
-1088.686152,282,315.751776
-1150.478052,261,316.203977
-1974.185965,294,316.694004
-1095.256164,249,317.121298
-1328.819713,274,317.592083
-1711.146409,444,318.272892
-1155.167366,309,318.786883
-977.064116,356,319.358899
-1156.619598,298,319.846279
-1494.77352,472,320.573649
-702.520754,271,321.043567
-1254.422697,287,321.523881
-1370.2166,308,322.04053
-1766.836956,295,322.531226
-1018.551363,260,322.98966
-1295.603933,350,323.546078
-2095.259363,420,324.197511
-1295.1097,277,324.669586
-1710.108588,337,325.211374
-1113.815604,344,325.756963
-873.718879,724,326.760187
-1373.250276,337,327.303371
-1234.954175,264,327.765822
-1746.191237,330,328.671838
-1035.322281,273,329.13459
-1853.476815,308,329.652476
-566.534917,615,330.557713
-2432.809441,623,331.476321
-1911.069133,342,332.022778
-1411.898856,471,332.736348
-901.484946,494,333.482381
-1475.35033,291,333.966485
-1680.133911,296,334.457126
-2129.373747,362,335.034951
-1057.087034,277,335.497014
-1758.738392,339,336.043669
-1153.326409,272,336.515207
-1136.663414,313,337.034296
-1459.611262,292,337.518772
-578.60568,473,338.247801
-1355.607429,589,339.11921
-378.494867,658,340.065935
-966.708263,266,340.535732
-813.299072,373,341.130579
-1240.865553,686,342.097998
-1039.293724,241,342.519129
-1179.367122,255,342.968458
-2056.909292,438,343.638907
-1392.78382,336,344.178098
-1827.083083,272,344.643546
-896.847201,332,345.181923
-1583.872431,415,345.839118
-1264.981031,252,346.288744
-4280.955217,1162,347.877871
-2118.550452,505,348.640468
-9.803012,474,349.347164
-1517.34471,384,349.951119
-1334.966073,292,350.438831
-1121.814995,301,350.947142
-1158.792518,347,351.502224
-1593.557998,618,352.403861
-1135.032268,301,352.911033
-1243.546496,345,353.46221
-1506.119609,380,354.435915
-1227.482908,402,355.060648
-1245.499485,574,355.900702
-1672.435374,352,356.470325
-134.110221,482,357.194296
-2220.239081,847,358.37644
3476.136633,1155,359.94834
-1043.025233,282,360.425124
-1241.89841,408,361.065258
-1100.872542,276,361.527064
-2007.161594,373,362.120144
-2520.88339,819,363.260902
-684.663774,421,363.911668
-1102.742593,542,364.700395
-1256.682795,335,365.236417
-1014.635579,271,365.702322
-1153.012765,356,366.266644
-1250.909886,265,366.72906
-626.663194,293,367.212599
-2541.286152,679,368.190031
-1361.13942,343,368.729414
-1311.465609,306,369.243857
-326.792658,346,369.778137
-1848.517881,287,370.254309
-1508.370722,306,370.76654
-1648.445969,330,371.29803
-850.339218,338,371.838252
-1902.633188,604,372.736356
-1066.946953,274,373.204858
-1062.782131,511,373.964941
-1483.997417,330,374.504356
-3524.730505,866,375.68996
-1304.149181,370,376.281865
-71.254266,459,376.971888
-1114.026743,248,377.400751
-1196.491059,441,378.056437
-1066.591067,295,378.544508
-3855.356601,1119,380.414198
-1288.617148,548,381.231916
-1983.205122,483,381.967004
-1234.487144,473,382.672919
-793.475638,618,383.573819
-1137.95411,358,384.155919
-1280.549559,288,384.632262
-926.160835,498,385.387291
-1662.998855,563,386.237844
-1110.326604,309,386.757282
-1390.542769,445,387.416485
-1166.577684,274,387.880663
-1078.767649,301,388.388192
-1286.357402,370,388.976254
-966.713036,354,389.554103
-1941.432967,317,390.081492
-1476.025497,515,390.859985
-1097.555807,355,391.432647
-1342.520467,456,392.141777
-1262.159241,357,392.722095
-1475.641425,494,393.465815
-1982.74839,400,394.085969
-1308.899758,607,394.978149
-1260.052857,277,395.454214
-2523.279491,350,396.007157
-1387.938212,319,396.532964
-2601.151562,847,397.712323
-982.803625,443,398.394255
-1232.009401,281,398.87294
-978.939053,248,399.301269
-188.192466,318,399.823972
-652.418188,333,400.356962
-733.790493,296,400.844948
-887.652576,305,401.358197
-561.734949,397,401.961845
-1401.646524,299,402.456829
-866.161329,446,403.1433
-1534.424533,339,403.689203
-770.26812,346,404.23543
-1358.653843,266,404.692206
-1881.012158,443,405.718344
-1097.381891,464,406.437778
-766.238319,313,406.960808
-1155.570137,585,407.806646
-667.685814,412,408.454372
-1387.221428,269,408.917727
-1189.75603,468,409.622758
-1891.330886,397,410.23802
-965.897998,342,410.784856
-1155.646765,377,411.382555
-1285.961248,437,412.054026
-923.857824,284,412.533318
-1583.488316,457,413.247539
-1603.649072,348,413.79865
-1121.275914,311,414.321653
-935.424385,322,414.852304
-634.545208,400,415.457236
-1246.729419,286,415.936625
-1132.278243,285,416.419894
-2113.498804,680,417.388765
-3741.599511,877,418.613183
-1110.888236,681,419.587607
-744.913006,618,420.496163
-1010.260682,414,421.145051
-1519.38863,448,421.825232
-1511.213567,296,422.318022
-1247.62065,305,422.832207
-1355.506785,342,423.381599
-846.127619,528,424.170341
-1346.285602,277,424.643003
-2058.625798,341,425.18759
-795.038015,296,425.671155
-766.91181,303,426.184701
-97.341618,646,427.120326
-1961.50955,915,428.412915
-2073.459706,683,429.378011
-480.662359,415,430.017427
-456.073921,935,431.659258
3268.4976,1339,433.440266
-1665.858637,380,434.044097
-1453.913631,295,434.532423
-787.892304,387,435.132323
-1258.880211,289,435.616916
-874.233819,509,436.389219
-907.143509,331,436.928173
-1254.465292,280,437.394853
-1293.821031,264,437.855471
-272.894766,1383,439.716111
-1063.584598,457,440.42432
-1081.749416,281,440.898536
-1317.029704,521,441.675014
-1593.903145,352,442.245272
-1485.613799,364,442.825216
-1237.565676,451,443.508636
-3248.70983,1015,444.886495
-595.418125,367,445.481962
-1407.800426,253,445.934205
-1089.084229,286,446.413043
-239.424977,886,447.617653
-1254.594707,465,448.329404
-1984.365294,763,449.404233
-2505.577052,631,450.314217
-354.625141,394,450.926069
-947.43081,277,451.400488
-1158.547931,285,451.879148
-1104.190853,407,452.522589
-2552.112571,716,453.539106
-796.783055,530,454.328111
-626.79078,393,454.943748
-1391.769966,597,456.231415
-609.565479,366,456.814712
753.038473,795,457.922028
-1200.677732,467,458.624326
-3474.14139,1483,460.595183
-243.292467,582,461.454741
1183.862817,999,462.811168
-1701.809583,478,463.533701
-1146.77453,515,464.31109
-1465.888791,290,464.800625
-1337.375732,310,465.328978
-889.328926,373,465.924442
-1090.010986,419,466.577536
-1321.340308,352,467.149356
1551.301344,957,468.454901
-507.124038,443,469.119825
-725.997919,439,469.785672
-2445.186996,680,470.760838
-864.887868,512,471.540409
-242.403506,331,472.06932
-685.764321,906,473.327973
-1211.700826,417,473.973988
-1282.514896,382,474.57649
-1023.003691,604,475.484221
-628.081069,308,476.000766
-778.203158,530,476.79242
-1154.937962,500,477.542723
-1421.638012,495,478.288044
-1102.473566,655,479.223989
-1735.907339,415,479.873226
-1252.217322,409,480.881944
2031.934146,797,481.999427
-2125.886844,784,483.087896
-2485.490614,1378,484.915045
-974.095788,595,485.77314
-1168.735389,263,486.232154
-1143.035896,341,486.77627
-935.216123,841,487.929828
-1696.320848,632,488.821363
1433.808189,945,490.11846
-1198.941011,453,490.816274
-1237.812338,537,491.615152
-1083.154213,828,492.791108
-590.329601,383,493.386235
-1147.496996,341,493.932543
-1776.5936,692,494.90196
-449.907064,482,495.627991
-286.836186,451,496.311616
-1438.733278,316,496.835747
-928.987289,422,497.495931
-66.208199,531,498.28107
-223.581472,330,498.81323
-2004.603282,671,499.770005
-4349.276547,1410,501.66026
-1362.023445,366,502.255177
-748.523781,787,503.354365
-783.512222,306,503.872819
-904.0447,490,504.967139
-626.500355,708,505.999349
-2332.020112,643,506.916408
-1241.038764,316,507.446151
-1783.167745,590,508.299101
79.204936,572,509.12872
-1311.543714,391,509.735239
-1757.114947,905,510.985651
-1564.547316,341,511.531235
-975.641318,407,512.157757
-1384.41669,429,512.833099
-1520.920834,395,513.439364
-1382.769006,703,514.432797
790.469331,1011,515.797644
-530.384012,485,516.528918
1320.662203,1132,518.052125
-1032.202762,362,518.633777
-1110.848268,310,519.147652
-652.94043,354,519.719501
-1304.868323,460,520.433397
358.423653,568,521.261384
-1761.253611,365,521.845918
-1622.853871,402,522.483169
-737.61769,511,523.260967
-1433.942653,307,523.768817
-960.246863,392,524.380258
-1463.880754,381,524.980438
-946.497126,311,525.499082
-1652.505745,381,526.094251
-630.752089,381,526.686308
-914.99673,528,527.483046
-1365.451312,392,528.083739
-1600.815354,307,528.595587
-965.336454,329,529.130614
-527.397417,318,530.017533
-1612.964227,409,530.647868
-1349.059585,497,531.39313
-682.104174,334,531.931336
-669.421579,426,532.590491
-1297.112585,524,533.369209
-1444.366048,545,534.14537
720.42972,862,535.351712
-1600.134389,575,536.206726
502.166638,569,537.031796
3185.386093,894,538.257406
-1090.802544,595,539.105702
-833.084905,510,539.872818
818.178211,850,541.067046
594.054916,1804,543.413552
-960.746483,300,543.899032
-976.914823,278,544.369365
-1726.998968,609,545.241681
-1381.016182,725,546.288544
-1036.312087,436,546.950813
-2368.322304,1736,549.211466
-1295.653711,794,550.319036
-2913.2597,1409,552.188379
-642.072947,461,552.896629
-858.308292,320,553.788896
-757.710093,781,554.89295
-1621.840595,457,555.601058
852.014652,896,556.827808
-1610.041592,589,557.689611
-2644.210207,1109,559.156565
-705.783589,372,559.736276
-3705.806032,1396,561.586141
-593.084817,260,562.034822
-863.738239,733,563.052408
-1715.720218,439,563.729855
-1255.055768,693,564.707529
-1184.920891,256,565.162765
235.369972,649,566.105753
-1973.402425,583,566.952113
-1976.502337,326,567.480772
-1238.884229,1877,569.899652
-2767.842187,579,570.749547
-1131.27036,736,571.782329
1297.569299,717,572.792233
-3852.897709,2177,575.59519
-3172.117096,832,577.139961
-2204.694858,1178,578.726424
-799.540112,711,579.736042
1472.846081,825,580.878989
-1026.131265,498,581.624866
-1784.35773,828,582.787978
-575.33925,826,583.931083
-1792.483524,300,584.411929
-336.130094,1120,585.949688
-1651.598355,362,586.534742
-2126.842741,1156,588.071086
-174.361375,581,588.908374
1292.860279,1499,590.897634
2408.145777,1079,592.347483
-4602.967068,1696,594.509218
758.932046,861,595.699811
-284.240102,417,596.341531
-1907.75734,393,596.946106
-550.623149,621,597.834087
518.618986,1769,600.521135
-2051.934147,327,601.063541
-1692.032092,386,601.669776
460.225003,678,602.635463
4236.361923,1292,604.377664
-739.682642,633,605.292625
389.844967,678,606.269222
-738.101038,511,607.027376
1677.811845,873,608.228142
-260.852047,329,608.757659
-1315.197828,441,609.428357
1993.431951,912,610.690947
-620.968419,557,611.514891
-772.359162,488,612.22686
64.633209,446,612.893405
-1125.98357,815,614.049572
3398.764382,1494,616.019364
-1682.421325,1218,617.650208
2623.832608,727,618.670267
-435.277367,640,619.572692
-1222.307059,479,620.283867
150.751054,556,621.117764
-915.983349,1080,622.596801
-832.637328,599,623.835135
2677.127781,1145,625.35328
1072.235292,762,626.423132
2701.717388,1523,628.411351
-1448.744815,361,628.992272
494.440459,1197,630.592526
4218.159902,2040,633.244401
-3310.344898,1425,635.098364
-1135.815148,347,635.640718
293.26675,735,636.697615
-1628.623572,421,637.357775
-1020.968909,481,638.078153
-553.637076,1408,639.925166
-982.657241,583,640.756569
-617.725256,458,641.458051
-134.770166,381,642.042539
45.806464,481,642.750921
-954.348702,404,643.37524
-1531.27575,472,644.095246
-431.655357,1099,645.571528
-617.164438,473,646.6854
3118.029814,966,648.014479
646.306319,1237,649.683875
-3560.106787,1621,651.801697
1626.694039,1554,653.8686
-1136.736886,544,654.651911
188.223611,652,655.596876
-178.12504,403,656.229258
-1750.569037,632,657.129753
-777.041203,300,657.616994
493.920889,794,658.707566
2421.611511,1146,660.23555
446.901576,409,660.862028
-1196.1463,358,661.446257
3982.438663,1449,663.359547
-855.829203,730,664.377233
-1604.292107,589,665.224003
-91.372866,1510,667.228183
-2255.231821,516,668.000069
-724.466336,389,668.602965
282.173578,609,669.860637
-2402.391914,810,671.004753
237.803607,664,671.971749
-1050.280971,507,672.722165
-1889.791818,472,673.426215
-598.197163,905,674.668427
-2952.758533,1213,676.278979
-1775.755289,319,676.806709
-1141.318342,510,677.5769
-1119.589644,1338,679.327227
1326.579706,1469,681.248585
-271.408684,532,682.053942
-376.874901,463,682.74205
-1134.718095,391,683.337554
-864.236546,1056,684.791719
-591.73526,473,685.697967
-2655.26571,992,687.091597
-1338.387581,370,687.677993
-3547.925904,1049,689.086702
1081.611894,704,690.076523
-1075.933659,258,690.527857
-2810.875162,1715,693.156201
-908.339058,423,693.809467
979.544897,1330,695.588364
154.012417,454,696.272401
2017.89638,1393,698.150011
-104.426375,447,698.806594
3927.077458,1181,700.393515
-1713.770566,370,700.97573
-853.490165,437,701.645019
2190.194464,1146,703.194153
1677.571135,1042,704.607871
-229.112907,2416,707.690172
664.978783,535,708.462106
1162.467753,1036,709.849458
2921.662727,978,711.175872
-3239.262438,1415,713.051813
-3320.764735,897,714.25868
-1199.845645,309,714.7753
-3704.800945,1128,716.674724
4492.903433,1679,718.89575
3153.091507,1695,721.120527
-2493.624147,1294,722.875689
3482.408249,1179,724.472014
-258.060153,380,725.059098
-981.991797,336,725.585137
-481.124644,467,726.279436
-1757.982882,327,726.822927
2928.748296,1675,729.035909
639.675249,1728,731.290429
-1616.086355,602,732.195422
-399.334494,309,732.710238
943.764485,1163,734.265454
-1540.083662,935,735.529647
5128.168073,1511,737.569151
-1147.475443,450,738.612798
-428.995674,550,739.388993
-984.868323,479,740.105489
3358.309098,1327,741.874758
-1487.730356,936,743.143196
493.495937,1261,744.819551
3623.972459,1339,746.588636
1442.142512,1107,748.078318
-747.173847,531,748.841105
-997.561979,373,749.427853
44.346867,875,750.636252
783.443665,905,751.871869
-2402.152746,1088,753.340766
-1032.644505,414,753.97711
-222.680507,581,754.814951
-311.570657,724,755.808269
-1140.722898,455,756.502423
-960.234569,1721,758.731602
-3785.777729,1755,761.353774
730.173254,499,762.097543
3305.752523,1306,763.868372
2529.822265,1161,765.436424
-143.698153,2796,769.05701
1608.266116,1492,771.01174
2417.042978,1750,773.292651
3625.538643,1586,775.381307
-899.830632,461,776.082384
738.586952,1467,778.044057
2040.073965,1265,779.754678
2369.405664,1741,782.030934
6074.607648,1724,784.666031
3721.584147,1836,787.102832
2447.988455,1309,788.911878
-155.391888,757,789.993463
-1060.247679,361,790.569769
5071.417573,1461,792.53314
682.280058,496,793.253205
-281.865675,453,793.936199
-1200.303406,345,794.483096
-1142.348922,885,795.689013
2094.219766,1558,797.765112
-3747.465,1262,799.481078
2033.450632,1626,801.617178
-1798.128414,840,802.782029
3196.954187,1625,804.93729
3798.77961,2232,808.241629
-711.731723,1109,809.749873
-293.005595,640,810.667757
-284.664177,915,811.898956
4199.053079,1297,813.648937
-3493.681207,1012,815.029554
3591.760722,1645,817.204007
3999.604198,1539,819.270756
-1686.968544,489,819.993105
1239.243886,1609,822.098351
-1766.081789,338,822.640881
156.54379,986,823.998428
3860.836142,1465,825.956242
3043.831288,1380,827.808116
2254.361286,1599,830.271891
-2316.836441,835,831.422323
-1517.848083,306,831.936943
3139.964021,1606,834.090792
-487.870303,393,834.684458
5020.805591,1665,836.908282
4735.1462,1545,838.969641
3289.33509,1453,840.917276
2495.16785,1531,842.940859
-2517.635149,652,843.875978
3540.817512,1686,846.113337
-141.137085,1738,848.407929
1126.068578,698,849.382988
-1681.888945,2529,853.03137
1192.911135,887,854.231235
-1537.61281,905,855.478892
-1435.294063,286,855.94796
2634.712912,1565,858.021933
6200.883305,1773,860.354026
-442.259086,506,861.117072
1164.185163,1605,863.27386
3330.004737,1500,865.26124
3335.797489,1683,867.493621
4369.697736,1821,869.927349
-367.112115,414,870.566313
3164.407982,1827,872.984057
3289.103085,1489,875.370205
5307.935987,1489,877.367883
607.873351,678,878.334587
1330.668688,1588,880.445076
2629.227386,2304,883.48285
3872.25062,1325,885.260417
1304.419871,1939,887.797017
708.70547,467,888.501258
-960.555127,357,889.077102
3066.511855,1886,891.584384
871.208821,912,892.857136
2505.933487,1402,894.7564
-1312.480792,517,895.511955
-447.481752,447,896.550766
-1606.981678,768,897.629673
-343.703177,1842,900.030544
-1471.652665,445,900.702725
2052.288159,1774,903.062235
2193.339507,1351,904.898945
1771.102601,598,905.74574
-937.688878,974,907.071295
398.975868,1098,908.577445
1883.328068,1318,910.362757
4218.080669,1981,912.976119
2842.867206,1490,914.970241
4846.003782,1997,917.586268
-924.963851,287,918.071911
1208.027612,1724,920.711241
362.701196,473,921.408569
2390.691483,2013,924.053727
3269.77377,1515,926.080262
-162.656413,406,926.704166
-1953.747382,841,927.88817
307.438077,412,928.533993
524.759232,822,929.674326
3375.175357,2933,933.485144
3796.942793,1490,935.458389
-1354.786309,727,936.468889
3065.869165,1893,938.988683
252.661294,1178,940.600848
3763.653292,1584,943.09216
2685.440223,2828,946.781243
3235.783427,1555,948.892374
3533.700362,1574,950.991566
4170.217644,1742,953.288954
2129.884975,1396,955.160967
-834.508254,537,955.944957
1394.810765,2408,959.095046
2626.041836,1715,961.363178
2368.466062,1802,964.134552
2090.400239,2049,966.797053
3063.316735,1361,968.619641
155.531375,418,969.2597
375.37791,431,969.909515
4119.430364,2108,972.666047
946.030748,1927,975.205326
-528.826835,822,976.328194
5020.043266,1841,978.762907
-81.638062,943,980.034575
-1306.275112,665,981.008165
335.076126,437,981.657145
2135.841086,1389,983.517568
3135.913067,1796,986.252688
3967.769824,1890,988.746569
2640.282951,1449,990.67714
3100.754622,1392,992.541279
-192.255457,313,993.056863
2399.01533,1684,995.283777
3326.297582,2775,998.86117
3057.695158,1697,1001.095692
-877.65477,1408,1002.989509
3668.820465,1375,1004.835021
73.434912,332,1005.368285
13.669248,330,1005.897386
2227.013708,1520,1008.291842
-1164.72699,364,1008.881281
324.089245,1092,1010.341809
3453.025751,1971,1012.929513
3836.310242,1990,1015.537176
-880.879853,745,1016.562984
3346.02538,1725,1018.843845
1469.449801,1887,1021.307086
1613.358667,721,1022.298324
-795.666627,969,1023.621611
3004.00655,2214,1026.498104
4666.48618,2079,1029.214327
3344.004191,1650,1031.778871
3503.890337,1549,1033.847613
176.869341,1301,1035.594544
3436.427702,1856,1038.034474
3391.558403,1369,1039.878318
2034.887922,1492,1041.858934
1873.4299,2174,1044.717865
-1069.789684,1017,1046.09103
3299.918736,1508,1048.107642
3395.037969,1559,1050.194692
1178.403787,468,1050.891564
4024.680393,1580,1053.378885
3084.624905,2845,1057.033756
2552.332122,1517,1059.054333
1000.922223,1710,1061.28864
-836.085163,368,1061.867602
2293.213404,1313,1063.630938
-1150.353839,406,1064.27687
3594.341943,1440,1066.210882
3223.802158,1838,1068.636234
4697.870247,1726,1070.930958
3745.641143,1782,1073.286429
4496.387221,1698,1075.90673
5317.518296,2026,1078.563785
4502.560298,1719,1080.846607
-205.95966,321,1081.370212
3935.848286,1819,1083.769019
5071.657049,1905,1086.279942
4337.26627,1906,1088.787639
4099.252273,1816,1091.196498
1298.504356,1745,1093.485622
3674.184826,1778,1095.833268
-720.582653,850,1097.347494
4061.285782,2170,1100.189169
-250.284685,615,1101.049051
-1786.693039,1188,1102.610632
3508.071814,1489,1104.589012
2445.837214,2024,1107.269855
4185.068744,1968,1109.856089
-583.949577,379,1110.446492
3384.927068,1967,1113.009401
3914.586051,2144,1115.785411
3603.55949,2201,1119.031921
3346.237347,4132,1124.309239
-390.484297,935,1125.588765
3398.979854,1866,1128.032268
199.786422,1875,1130.464261
3076.0504,1771,1132.807497
3190.694526,1865,1135.265807
3270.586536,1764,1137.58783
1504.773779,2560,1141.265192
-506.991806,359,1141.8306
3436.42846,1518,1143.850555
4707.908141,1979,1146.425927
-400.713757,334,1146.953372
87.989091,346,1147.493029
1868.29796,1405,1149.345222
271.219647,1048,1150.747329
3056.953897,1451,1152.667089
294.188871,444,1153.319018
659.019545,960,1154.629107
1278.042317,1824,1157.057276
3941.480511,2451,1160.247195
2971.457352,1731,1162.87794
4382.176993,1945,1165.417764
4979.334465,1859,1167.865974
3162.971168,1566,1169.940204
3599.179084,1824,1172.326136
-1178.14289,383,1172.926358
-125.012423,448,1173.585999
2989.948546,1389,1175.450822
-1734.857312,1008,1176.822801
3190.676098,1832,1179.187396
2313.74054,1169,1180.757155
273.536507,344,1181.296137
2185.476215,1211,1182.945138
4197.886247,1886,1185.794822
327.262474,448,1186.447878
2774.386484,1310,1188.209757
4077.249634,1652,1190.394876
4049.418333,2417,1193.489557
2969.310723,1553,1195.562481
4574.99911,1684,1197.785261
3957.366836,1832,1200.171175
1085.318902,1111,1201.674582
3871.969273,1697,1203.891715
3041.355277,1587,1205.987492
2525.123476,1716,1208.603664
3202.686418,1676,1210.844817
4503.78783,1565,1212.927605
3391.280736,2038,1215.606915
3972.456335,2358,1218.653102
3885.590127,1848,1221.083333
931.402445,1063,1222.514227
3600.14413,1850,1224.942604
4213.303417,1785,1227.280197
341.693562,954,1228.559293
4729.035922,1921,1231.461422
266.1481,1025,1232.812955
5640.773293,2278,1235.760796
262.715056,307,1236.269574
2083.417533,1468,1238.238473
792.222559,533,1238.997507
3279.429256,1632,1241.162107
419.911334,518,1241.911117
4534.42179,2076,1244.602679
3259.01735,1524,1246.642934
3602.437796,1702,1248.909617
3652.942735,2407,1252.409174
3790.718594,2134,1255.204981
3396.846583,1609,1257.348689
7273.038823,3019,1261.218551
4215.080271,1948,1263.751757
2171.33853,2110,1266.496581
3746.99639,1615,1268.636479
3944.810361,2286,1271.607653
4185.14231,1608,1274.089607
4377.128714,2285,1277.044462
4308.929618,2268,1279.968062
3302.15653,2061,1282.674791
3532.221601,1734,1284.92714
2343.268643,2234,1287.789265
5656.08895,2528,1291.031636
3680.96605,2010,1293.650148
3867.066973,1947,1296.575724
5941.488218,2400,1299.676285
2957.538492,1627,1301.819843
2838.725612,1648,1303.983438
-246.291515,847,1305.12468
1699.731563,1735,1307.401672
3916.033422,1890,1309.882053
2005.567625,2009,1312.530925
2245.8529,1384,1314.355987
4438.723931,2069,1317.418173
4613.711269,1789,1319.739902
954.905319,478,1320.44484
3431.750497,2062,1323.141986
4349.219984,2323,1326.151824
3952.063541,1836,1328.553456
4050.146722,2195,1331.40155
5518.724588,2087,1334.096743
4993.937641,2189,1336.930416
5106.54051,2501,1340.535839
2547.685357,1423,1342.427279
2860.502642,1382,1344.270893
3170.921439,1913,1346.778648
3888.492635,1879,1349.225414
3577.130997,1606,1351.350962
-97.417003,637,1352.235306
3086.659026,1766,1354.566911
2023.1058,1789,1356.925591
2127.019869,2158,1360.144411
3871.852485,1841,1362.548512
742.832125,706,1363.527633
1442.928876,611,1364.395893
3428.774028,1540,1366.447964
3225.654622,1452,1368.37376
5937.876164,2359,1371.42916
3595.418841,1814,1373.791504
4170.738542,2445,1376.94592
69.810966,340,1377.474092
4406.192533,2427,1380.598034
3612.929491,1840,1383.375872
3677.999035,2274,1386.306893
4110.268625,1939,1388.83668
4873.273154,2345,1391.866404
-299.984745,260,1392.317727
3381.487746,1515,1394.347126
4369.620968,2337,1397.369986
3217.330964,1987,1399.961994
7796.17882,3708,1405.057586
3041.086177,1480,1407.013701
5531.26649,2719,1410.48981
2738.36447,1792,1412.853899
3500.774531,2385,1415.943414
3596.879201,2096,1418.661071
3687.998594,2489,1421.868219
1775.40226,728,1422.880009
3565.825311,2089,1425.976821
4850.095341,2700,1429.457605
2790.617119,1050,1430.869662
3940.302176,2301,1433.885055
1671.671646,630,1434.774625
3156.75868,1852,1437.216187
4710.608426,2198,1440.06501
3814.233527,1852,1442.525183
673.235844,417,1443.154036
3637.92791,1776,1445.480369
5042.677548,3182,1449.92802
1539.889265,592,1450.757297
-1085.570337,628,1451.656152
3842.233897,2357,1454.695062
3968.292709,2685,1458.134285
3430.143004,1914,1460.67334
4097.511211,1764,1463.000483
19305.0218,6736,1471.757324
3964.801173,2019,1474.395662
4513.667938,2166,1477.23174
-1000.047076,488,1477.953365
-227.259658,482,1478.678935
2790.238188,2125,1481.444427
2095.25765,2114,1484.221655
10316.102993,5634,1491.657735
3635.34247,2085,1494.354067
4922.137519,2334,1497.377078
4666.013145,2559,1500.669818
-623.005996,1199,1502.241803
3918.684123,2194,1505.079633
3089.666113,2018,1507.709525
3623.576899,2389,1510.80904
8641.568388,5972,1518.706405
3933.623871,2744,1522.203422
5107.680099,3507,1526.699033
4091.489814,2119,1529.481902
1564.730018,2617,1532.850117
2943.70597,5548,1540.132136
3363.025996,3010,1543.984284
3801.005406,1882,1546.437753
97.073071,1121,1547.931333
2407.693089,2992,1551.723224
3721.531507,2036,1554.730954
6809.351826,4036,1559.832786
3833.732152,2343,1562.86596
3538.370876,1925,1565.395937
488.145939,535,1566.166708
10292.341247,5544,1573.120319
15740.297413,6754,1581.856102
1946.928223,1941,1584.39169
6440.564891,2953,1588.129033
6007.407848,3380,1592.402007
3133.90778,1605,1594.500424
16316.646458,6024,1602.376354
744.611023,429,1603.019297
4257.111677,1978,1605.601841
3575.99315,2034,1608.263412
1098.835315,537,1609.034772
25479.776409,9598,1621.191778
7079.683534,3400,1625.452186
3947.399532,1336,1627.2328
7417.557199,4007,1632.264531
3541.988784,2120,1635.015376
6426.973214,4246,1640.691134
4608.260502,2704,1644.171442
4769.917312,2003,1646.792022
2619.681927,2293,1649.780965
10661.189332,6729,1658.146455
7139.24371,5617,1665.542061
743.382425,495,1666.255884
6984.480069,4059,1671.348137
22374.000501,8797,1682.515772
13195.850063,7650,1692.025332
6978.561389,6814,1700.472863
10766.006364,5460,1707.661524
24879.693523,9649,1719.467609
4443.815516,3080,1723.767121
190.576525,411,1724.398536
8131.484536,4382,1729.902199
3114.387924,1741,1732.179676
22953.243851,10001,1744.839041
352.49421,423,1745.470913
5348.42165,1867,1747.883713
27659.526693,10001,1760.137184
4122.538167,1972,1762.70341
4228.639866,4941,1769.300669
27791.305896,10001,1781.636994
15315.824769,10001,1794.332515
10569.038629,5499,1801.137433
25862.590881,10001,1813.765639
4933.205198,4704,1819.676773
28830.408249,10001,1832.273781
24999.515768,10001,1844.527847
21933.769439,10001,1857.208196
6865.715439,10001,1869.986028
2784.623156,2062,1872.665048
4078.993813,8373,1883.136733
5458.489069,4270,1888.89479
22015.548896,9464,1900.571035
3497.75127,2127,1903.354802
23787.6969,10001,1915.939537
6378.732205,4371,1921.419053
15240.818705,8294,1931.963592
-1030.897951,679,1932.917144
3809.137393,3321,1937.146333
4376.796539,4210,1942.479638
9216.080324,10001,1955.19937
10565.828386,10001,1967.607255
-444.637035,464,1968.306248
7007.609205,3213,1972.778464
3395.704438,2696,1976.21567
3758.167119,2210,1979.083583
4616.030835,4485,1984.734761
29021.60269,10001,1997.350427
2362.380861,837,1998.475963
27709.216321,9133,2009.64377
2039.560023,1087,2011.079083
20296.492114,10001,2023.767756
26173.820149,10001,2036.371551
4734.16689,2834,2040.032526
7962.330932,5379,2046.808438
138.423335,731,2047.813847
9830.749615,7626,2057.632224
14157.842112,10001,2069.955023
16583.054897,10001,2082.58417
1424.528313,643,2083.473236
2639.357918,1267,2085.149846
14471.08809,9940,2097.780166
19262.666366,8950,2108.742065
4341.529579,2630,2112.144065
6615.715336,2856,2115.78198
3890.667925,2012,2118.756208
7235.849229,7984,2128.610957
29040.526498,10001,2141.154578
3707.33628,1428,2143.046951
22770.661048,10001,2155.32532
16022.867007,8402,2166.061064
4501.981139,3874,2170.960088
19741.131717,10001,2183.613346
8040.186434,6306,2191.45313
27828.52868,10001,2204.090212
13117.368461,10001,2216.387879
29615.279527,10001,2228.953076
16211.560103,10001,2241.648357
689.28659,468,2242.3414
27873.214347,10001,2254.576903
15183.890266,6724,2263.233965
23500.701769,10001,2275.511078
9794.552577,5529,2282.748897
17677.869797,6516,2290.810649
-705.706613,661,2291.761523
23844.191979,10001,2304.475501
4419.872597,3261,2308.682386
22388.961422,10001,2320.941194
26227.362539,10001,2333.612777
8263.550478,6197,2341.299773
9159.303724,5398,2348.416419
10322.565311,6736,2356.764683
20856.81612,10001,2369.455209
9072.826305,4266,2374.863208
22727.943291,10001,2387.515766
13831.142425,10001,2399.7844
8225.025393,9472,2411.873195
24676.451711,10001,2424.216766
11808.754032,10001,2436.942914
17367.063321,10001,2449.737875
9512.471177,6461,2457.785371
20744.907108,10001,2470.706744
9804.953977,10001,2483.02611
5572.814449,5611,2490.447232
26200.060785,10001,2502.788429
20473.271746,10001,2515.475324
12974.509479,10001,2527.754068
26835.259747,10001,2540.369813
6768.878267,3306,2544.58949
7522.54142,5006,2551.199049
25011.453295,9619,2563.003101
4162.663541,3090,2566.963548
7139.497856,3655,2571.932708
31196.69155,10001,2585.144376
-877.714475,441,2585.854517
12234.802715,9935,2598.499347
-102.548482,469,2599.213479
9207.982955,5887,2606.511491
9818.787611,4393,2611.98128
5650.700373,3516,2616.816902
7769.09123,6347,2624.667861
-224.029561,465,2625.379827
9941.408449,4221,2630.65661
4126.290885,3074,2634.972952
15694.750048,7591,2644.355606
6182.960011,4058,2649.499385
11893.961071,8472,2660.305777
10046.368384,4600,2666.019222
13357.617441,6966,2674.973919
7668.351187,4075,2680.104796
11065.387916,5665,2687.146848
14040.599307,8624,2698.204165
7127.037297,7326,2707.222256
4256.277948,4255,2712.575916
17656.910473,5755,2720.0833
8863.344304,4850,2726.146188
10579.13565,4098,2731.278811
17061.098653,6905,2740.218358
10266.349601,5586,2747.132944
5594.655995,2504,2750.336363
14664.815852,10001,2763.042677
10342.685783,5071,2769.363018
13891.050044,7145,2778.209772
15391.251051,6026,2786.055984
14047.179654,7077,2794.809091
9765.953298,5259,2801.779583
4278.471548,1761,2804.108639
12791.515946,10001,2816.491497
15073.904752,6892,2825.437552
18262.039768,6569,2833.546269
10408.160338,5770,2841.116186
17003.638712,5386,2847.889976
16044.002507,7576,2857.279389
9026.520189,6672,2865.905515
14075.614974,10001,2878.141478
9040.300079,6079,2886.041276
14591.328624,8478,2896.483892
14620.477659,10001,2909.136934
-11.030806,483,2909.864218
35107.71881,10001,2922.030568
15090.472929,8394,2932.781653
8708.513937,7627,2942.258741
34055.361302,10001,2954.906412
15607.536106,8264,2965.432954
-290.722787,465,2966.150511
9629.948075,6199,2973.808301
3115.569501,2999,2977.655312
30995.739941,10001,2990.383101
34810.287551,10001,3002.574882
10911.703806,5482,3009.695117
7272.066009,5897,3016.946658
34527.787116,10001,3029.457211
34163.626475,10001,3041.665614
16627.727957,5844,3049.276668
16787.556486,8341,3059.509831
12270.169869,5593,3066.468052
39198.017603,10001,3079.063722
13081.250875,10001,3091.740431
34532.52105,10001,3104.025968
6883.220994,5135,3110.79719
33688.476564,10001,3123.016509
7971.75366,6900,3131.907941
15347.418876,9130,3143.100183
12023.833496,9155,3154.710639
37754.13543,10001,3166.93005
31867.052068,10001,3179.637111
11310.362722,5501,3186.485814
14161.474086,5004,3193.105299
8636.887703,5378,3199.799011
39918.340557,10001,3212.411001
13406.862042,6076,3219.923466
9906.22823,5971,3227.337958
16833.698868,5096,3234.042297
18365.944429,6666,3242.260084
29114.317336,10001,3254.907805
17392.010579,8004,3264.779974
10416.478435,5534,3271.651338
33828.650301,10001,3284.250281
37218.659283,10001,3296.919161
7192.284908,5342,3303.571581
12784.063781,5690,3310.665328
32252.091103,10001,3323.316951
14099.080075,9017,3334.748464
34327.849946,10001,3347.039254
10464.134143,6239,3355.123386
22036.407378,10001,3367.415334
26000.97664,10001,3380.110337
24872.610732,7739,3389.671534
169.049327,490,3390.388863
28519.705838,10001,3403.098959
12719.58314,4907,3409.203967
23881.738864,7263,3418.543503
-912.428026,432,3419.199573
32489.239086,10001,3431.541268
23942.003401,6108,3439.448301
20056.095268,8057,3449.272522
38163.172933,10001,3461.816083
29471.240668,10001,3474.064583
31269.576322,10001,3486.630441
22744.803825,5571,3493.473045
18772.438454,5485,3500.567204
10283.406067,5309,3507.125034
32450.391106,10001,3519.739861
13798.63413,10001,3531.921435
28422.022555,8682,3542.950398
37323.20534,10001,3555.183057
40033.304603,10001,3567.767169
11775.71304,4734,3573.741772
36759.420238,9818,3586.135815
15480.550292,6146,3593.721724
10039.016736,6652,3602.265395
12392.69066,5604,3609.205063
13224.035438,9014,3620.197585
33227.678687,7221,3629.438281
9497.680601,4562,3635.118915
13838.137726,7896,3645.131361
23833.582861,5656,3652.127448
9950.29842,5073,3658.380407
10445.700957,5451,3665.456186
21105.270102,5735,3672.516938
22573.243077,7239,3681.400677
14881.663544,6389,3689.629855
41256.903676,10001,3701.796124
16566.043988,4465,3707.735035
-1506.412292,531,3708.528508
34373.871829,10001,3720.742561
37117.29592,10001,3733.327838
27309.026436,9422,3745.164165
36905.734288,10001,3757.445834
27838.462868,10001,3770.034956
12217.481109,5612,3776.922709
35613.443071,10001,3789.554371
13940.922721,10001,3801.750383
29653.936262,10001,3814.345652
14494.515768,9189,3825.56395
39007.109147,10001,3838.215167
15488.473732,8326,3848.854528
10665.029617,3856,3853.682862
15493.0515,4914,3859.803547
10716.796409,5007,3866.030176
14514.390425,8368,3876.727106
24514.752205,5988,3884.159419
39011.827796,10001,3896.811567
20088.076611,7090,3905.525903
38423.953176,10001,3918.238165
30074.555292,7143,3927.068212
30051.791267,9180,3938.698237
35783.091381,9815,3951.161481
16744.120888,4991,3957.393073
10221.870376,4229,3962.717696
34026.257882,10001,3975.416631
35432.859796,8825,3986.272877
39401.197829,10001,3998.975521
31468.224904,8379,4009.321884
43867.618217,10001,4022.058234
47253.350072,10001,4034.7507
36112.920592,10001,4047.06191
31624.022501,10001,4059.823859
39474.732295,10001,4072.119478
34354.870976,10001,4084.808863
32942.823293,10001,4097.472521
39671.212417,10001,4109.727841
11402.702279,5012,4116.330955
16378.690401,8848,4127.161046
37057.556406,10001,4139.789256
41862.741434,10001,4152.071306
14873.211056,6524,4160.494533
39912.899151,10001,4172.72364
11378.553851,4005,4178.085415
39528.258098,10001,4190.312345
34150.794481,10001,4202.915031
13425.854088,6039,4210.418829
38337.478605,10001,4222.996071
9511.841738,5724,4230.007893
30706.438852,9019,4241.382834
36986.461683,10001,4253.666862
33534.179697,10001,4266.262191
40980.945591,10001,4278.867532
31988.951993,10001,4291.121816
29480.225447,10001,4303.707356
34548.688443,10001,4315.913092
41282.502234,10001,4328.51247
35412.455419,10001,4341.079791
35593.886528,10001,4353.318254
35823.805335,10001,4365.946939
9346.473538,5299,4372.505353
16591.009937,5753,4379.66115
11686.069993,5203,4386.538302
30121.62559,10001,4398.818768
30471.710841,10001,4411.470219
30325.049225,10001,4424.106963
41022.597388,10001,4436.416834
37299.902256,10001,4449.098202
12674.253165,4095,4454.225841
11543.703814,5768,4461.362867
47847.488968,10000,4474.061154
15808.034905,6003,4481.576477
36889.215125,10001,4494.339397
37226.368706,10001,4507.062362
39848.485884,10001,4519.319753
9658.075723,6051,4527.226092
11042.201586,4441,4532.78636
37756.507604,10001,4545.495836
37066.760882,10001,4557.807779
40545.549475,10001,4570.519158
34428.518858,10001,4582.83636
46628.459907,10001,4595.517295
39934.699144,10001,4608.176993
41963.287731,10001,4620.475894
39700.508227,10001,4633.179234
39615.878202,10001,4645.431711
37563.307216,10001,4658.117175
36591.078393,10001,4670.806433
16935.057335,4779,4676.751703
37989.006895,10001,4689.41605
42712.561663,10001,4701.734941
41290.855544,10001,4714.447104
41335.618845,10001,4726.692019
45340.508072,10001,4739.428496
40999.785996,10001,4752.148304
47933.680704,9459,4763.749804
38821.661548,10001,4776.455224
44440.320958,10001,4788.825093
41257.119238,10001,4801.466475
43416.669064,10001,4814.085748
46927.35257,10001,4826.389982
44081.898844,10001,4839.153798
41234.741523,10001,4851.397955
41733.708428,10001,4864.115841
43624.802368,10001,4876.809778
47870.410169,9898,4888.929277
48019.988873,9862,4901.403522
47851.85219,10001,4913.660222
16199.252907,5545,4920.910559
19792.712783,5138,4927.273921
36584.562457,9206,4938.999264
35660.472222,9140,4950.236772
47039.722202,10001,4962.863397
40128.789413,10001,4975.085878
38894.965339,10001,4987.743719
45616.460154,10001,5000.414058
42500.594107,10001,5012.664661
47956.505231,9615,5024.85938
30487.974445,7968,5034.719793
45370.064339,10001,5047.380605
14958.742813,7374,5056.471519
31828.214894,6378,5064.773996
12669.92862,4060,5069.914907
41801.782057,10001,5082.624187
30597.356662,10001,5094.868247
47026.892293,10001,5107.595884
22971.191975,10001,5120.229332
43982.893468,10001,5132.521394
47134.762011,10001,5145.170431
39625.93681,10001,5157.463889
28997.946887,10001,5170.09551
47826.087988,9935,5182.627273
47922.752968,9605,5194.468854
48018.874238,9507,5206.537761
40194.227781,10001,5218.797803
44181.070429,10001,5231.425622
40361.787008,10001,5244.021684
39138.398244,10001,5256.304654
41752.452352,10001,5268.970507
42412.901176,10001,5281.264253
-34.356521,372,5281.857999
48179.723989,9265,5293.627474
48099.262804,8927,5304.92322
41296.950455,10001,5317.203575
48024.537084,8838,5328.438352
28853.124273,10001,5340.606889
12082.954146,3998,5345.97325
41974.64971,10001,5358.258168
45075.776712,10001,5370.961144
48065.393072,9625,5382.761635
47430.876226,10001,5395.401347
15986.790117,5605,5402.412109
43911.378192,10001,5415.049689
48102.173646,9340,5426.472327
48051.384706,9840,5438.969958
1960.497755,639,5439.900621
1873.915241,830,5441.083237
39930.244403,10001,5453.756071
47918.726163,9948,5465.971613
48070.279777,9180,5477.642193
47364.062053,10001,5490.306713
43293.421106,10001,5502.580496
47891.106437,9597,5514.755351
48111.801722,9451,5526.427147
48015.009901,10001,5539.103887
48130.209724,9406,5550.650323
46888.394021,10001,5563.283854
31972.190576,6948,5572.179061
39317.313877,10001,5584.440506
41933.186275,10001,5597.124016
42382.408706,10001,5609.372374
45508.415314,10001,5621.911152
-427.897992,362,5622.492049
41038.210405,10001,5635.084729
36450.522556,10001,5647.324533
48016.258991,9335,5659.097464
42557.697127,10001,5671.317345
44420.424801,10001,5683.957571
48091.370028,9790,5696.290136
48060.824984,8928,5707.223985
48002.895815,10001,5719.862567
35668.281007,10001,5732.096938
-163.720764,421,5732.754242
37772.561592,10001,5745.321388
47360.167056,10001,5757.94575
35924.872684,10001,5770.239208
47917.572215,10001,5782.874925
46263.305106,10001,5795.100888
30162.917469,7895,5805.190867
-1016.377827,420,5805.858034
41899.154967,10001,5818.493572
36877.969668,10001,5830.755204
41008.723629,10001,5843.434525
-385.631106,482,5844.176456
48097.62494,9381,5855.76224
456.407657,400,5856.37441
46303.596766,10001,5868.999837
38635.09966,10001,5881.609982
36776.380611,10001,5893.807317
38139.589234,10001,5906.370615
48078.435984,9675,5918.120548
43732.987306,10001,5930.690842
4618.322251,1263,5932.358003
37983.814864,10001,5944.993709
42420.104786,10001,5957.196608
279.643135,424,5957.851516
40756.063919,10001,5970.462357
45864.943227,10001,5983.118971
48051.850689,9277,5994.442048
48180.323978,9454,6006.356261
46398.659803,10001,6018.59707
47113.40289,10001,6031.183219
41086.957623,10001,6043.782654
34221.180833,10001,6056.129341
44306.393702,10001,6068.845026
40021.450387,10001,6081.065053
43546.678658,10001,6093.71212
44553.279365,10001,6106.361886
42626.003356,10001,6118.553046
45618.8527,10001,6131.137696
43661.552385,10001,6143.381673
44056.153948,10001,6156.084794
329.58371,427,6156.749046
45836.721186,10001,6169.40995
44347.930535,10001,6181.746401
48160.164826,9709,6194.057977
48132.000902,9874,6206.56627
47467.500961,10001,6218.940536
41167.413942,10001,6231.586195
44359.707348,10001,6243.866278
47026.710956,10001,6256.563022
41929.670253,10001,6269.259204
45754.882141,10001,6281.571249
46097.826717,10001,6294.229097
48043.147457,9702,6306.174159
43039.342553,10001,6318.852246
48219.9929,9422,6330.80848
48049.229102,9835,6342.96545
-228.837069,349,6343.517345
46165.725103,10001,6356.197933
42445.541148,10001,6368.543817
47981.786652,9508,6380.639349
44485.509188,10001,6393.357359
48155.197095,9796,6405.397172
43907.518926,10001,6418.082003
46729.8887,10001,6430.427349
35772.614902,10001,6443.016166
192.784784,460,6443.721128
48161.754178,9677,6455.898837
48110.295055,9372,6467.394076
48061.789447,9460,6479.390455
48053.759544,9783,6491.319637
48037.089146,9978,6503.858284
48248.858303,8692,6514.86976
47514.256117,10001,6527.057069
38048.367081,10001,6539.625113
48208.376478,8742,6550.314953
48068.612624,8923,6561.592746
46277.055139,10001,6573.785673
46231.011441,10001,6586.440375
41754.247258,10001,6599.124604
37789.210865,10001,6611.377291
47997.152996,8952,6622.829461
41780.292224,10001,6635.158901
42330.814443,10001,6647.839968
36668.520177,10001,6660.500538
46472.747135,10001,6672.777759
4613.844267,1163,6674.355241
48119.79809,8979,6685.793271
43782.920616,10001,6698.108024
35121.686134,8537,6708.97456
31268.851318,7533,6718.261132
48007.436535,9703,6730.514339
48151.403732,9677,6742.750511
42273.114804,10001,6755.017882
44286.570895,10001,6767.647711
45084.708146,10001,6779.919875
41077.99222,10001,6792.647628
44995.856816,10001,6805.358377
40600.989933,10001,6817.615726
4213.897647,1036,6819.014412
48099.740253,9290,6830.756038
44801.495734,10001,6843.407035
48212.877004,8970,6854.357245
42708.017569,10001,6866.95026
45092.78644,10001,6879.198255
41355.335574,10001,6891.756468
48102.511877,9747,6903.978069
48215.182408,9280,6915.328408
3573.500197,1504,6917.334765
45959.062663,10001,6929.942366
48218.832482,8970,6940.872996
48271.698431,9095,6952.352202
48252.267696,8952,6963.341374
-39.691021,360,6963.915008
36522.116911,10001,6976.427313
47782.640357,10001,6988.977316
44783.283723,10001,7001.258098
40046.245201,10001,7013.837648
48111.585107,9994,7026.513609
42549.665675,10001,7038.853783
45174.580878,10001,7051.534595
44563.286009,10001,7063.73052
22721.674964,4902,7070.188587
25150.328949,5200,7076.621789
43350.936945,8412,7086.919606
48081.520089,9650,7099.054338
48099.714716,9708,7111.318188
42520.663076,10001,7123.58683
48220.030521,9320,7135.411598
38725.299113,10001,7147.65258
47356.282565,10001,7160.252734
34947.750177,10001,7172.850394
48152.772552,9310,7184.179216
39299.926003,10001,7196.833142
2072.886824,747,7197.873583
41422.599453,10001,7210.502885
46086.540693,10001,7222.68218
23796.604728,5313,7229.216434
33913.396456,7370,7238.649495
29169.36466,7646,7248.049044
45813.883618,10001,7260.659564
29180.175144,7214,7269.505005
46855.68641,10001,7282.130203
46990.592535,10001,7294.849514
36927.514946,10001,7307.003743
155.584354,368,7307.582002
165.516254,420,7308.23048
48226.778404,9309,7319.990337
30494.521806,10001,7332.211683
20263.811989,5099,7338.854427
44218.147702,10001,7351.059688
43823.187033,10001,7363.669454
41339.752637,10001,7376.321403
38755.126641,10001,7388.605086
44452.248137,10001,7401.284623
48149.251315,9974,7413.594726
48207.324791,9058,7425.081408
45093.519158,10001,7437.77931
28880.633983,6155,7445.425794
33802.139246,6644,7453.629588
38472.683138,10001,7466.25774
48188.603803,9920,7478.802723
47975.00862,9174,7490.124824
48220.682482,9401,7502.076954
48188.957185,9405,7513.563143
46007.21405,10001,7526.212704
44560.131852,10001,7538.836872
41724.48624,10001,7551.142287
36017.37787,10001,7563.781018
42051.206335,10001,7576.063505
-92.946416,404,7576.695102
47442.503104,10001,7589.322621
2858.961775,626,7590.198635
3105.988357,982,7591.528321
40056.894376,10001,7604.209423
40668.665985,10001,7616.55363
42727.179296,10001,7629.195675
29029.812805,6154,7636.787777
43726.574674,10001,7649.450249
-552.862,578,7650.280623
1768.83462,952,7651.670454
48163.02359,9652,7663.865912
39296.30349,10001,7676.0328
44438.287657,10001,7688.617652
39331.321854,10001,7700.877928
48165.60919,10001,7713.446285
47919.200548,10001,7726.008914
35293.350436,10001,7738.221237
38627.98034,10001,7750.825224
48134.446587,9666,7762.582789
48097.942961,9765,7774.869989
15492.598022,6839,7783.288223
46232.173263,10001,7795.798638
41155.294472,10001,7808.405956
29080.664123,6854,7816.844943
41086.752971,10001,7829.439184
42225.505136,10001,7841.622677
41046.229489,10001,7854.234897
10809.667143,4651,7860.025229
39748.363682,10001,7872.681689
2694.384739,705,7873.673367
11795.612989,5535,7880.49025
48169.53712,9712,7892.798369
44364.750086,10001,7905.062427
45665.833354,10001,7917.713289
41530.323799,10001,7930.351971
48070.390168,9745,7942.299328
35324.401241,9592,7954.44879
47083.889393,10001,7966.665535
42311.057597,10001,7979.38212
37823.629221,10001,7992.072169
48095.804841,9939,8004.2617
44520.010148,10001,8016.955788
46681.636589,10001,8029.284082
43339.830846,10001,8041.920345
40479.914145,10001,8054.594513
48134.656404,9858,8066.758964
35157.071762,10001,8079.456333
48128.501051,9754,8091.77182
4085.133397,1219,8093.391845
3737.589237,1342,8095.195622
43450.592769,10001,8107.514434
41022.87652,10001,8120.205592
28960.895518,10001,8132.454125
36235.768794,10001,8145.182637
28713.181624,8256,8155.780649
30389.157768,6275,8163.540669
48093.817402,9892,8176.019935
43472.366393,10001,8188.348396
36913.296517,10001,8201.029063
28906.20046,8379,8211.364341
33932.060508,7627,8221.138103
37343.806824,10001,8233.477723
40477.664764,10001,8246.092077
36789.984554,9597,8258.227946
46639.83616,10001,8270.525775
48259.905028,9336,8282.380076
39997.545622,10001,8294.620271
36873.30066,10001,8307.265671
46656.711898,10001,8319.910161
5263.189497,946,8321.167451
42441.762192,10001,8333.393005
33541.266369,10001,8346.038711
45111.257601,10001,8358.338501
10416.343754,6896,8367.184259
41902.667848,10001,8379.788527
40831.899887,10001,8392.023484
38272.289308,10001,8404.652825
37266.649112,10001,8416.828371
36482.132684,10001,8429.493494
41752.497347,10001,8442.159217
36183.011231,10001,8454.43822
-318.16443,373,8455.026377
17508.043214,9415,8466.87321
47975.987591,9877,8478.952872
40920.760533,10001,8491.572016
39952.943846,10001,8504.195424
23327.690154,10001,8516.393678
5437.010263,2005,8518.984957
30976.925768,10001,8531.627767
24488.334423,10001,8544.276719
41402.43797,10001,8556.510681
29912.358373,10001,8569.115255
36624.890177,10001,8581.304318
30800.361428,10001,8593.906332
42322.332391,10001,8606.556832
42273.233337,10001,8618.789317
25233.864121,10001,8631.401259
36697.104106,10001,8643.6163
3747.368114,1352,8645.788561
40741.29871,10001,8657.992169
37106.038295,10001,8670.612085
38366.145578,10001,8682.837094
3395.49831,1440,8684.736232
40881.15332,10001,8697.267308
-140.761299,481,8697.979965
46870.893978,10001,8710.568474
41316.267236,10001,8722.82576
43181.347765,10001,8735.384841
48115.941516,9869,8747.735218
39711.062061,10001,8759.977432
36300.942735,10001,8772.573869
-1290.675663,866,8773.782463
-204.317103,317,8774.296381
43028.095852,10001,8786.455292
46382.2333,10001,8799.002064
39538.927251,10001,8811.580449
40061.831568,10001,8823.740881
41055.356499,10001,8836.291066
4152.99786,1062,8837.729344
41528.164385,10001,8850.355743
1930.142076,654,8851.294952
18407.685744,5566,8858.102612
28231.090298,10001,8870.656159
2967.512227,1721,8872.931873
42049.118055,10001,8885.111967
48192.269778,9472,8897.012243
47893.741522,9677,8908.768227
37502.567065,10001,8921.366052
47110.604289,10001,8933.938224
46147.313624,10001,8946.09096
48088.958454,9993,8958.582705
41363.584625,10001,8970.887219
37700.833423,10001,8983.45859
41237.824148,10001,8995.996877
43184.463592,10001,9008.160855
39937.925927,10001,9020.783736
39413.769363,10001,9033.366025
38425.997997,10001,9045.649664
48179.597248,9493,9057.670348
30341.162931,10001,9069.929105
29259.281594,7435,9079.426409
39786.236937,10001,9091.634868
48190.623884,9596,9103.649816
42603.156618,10001,9116.193133
37763.524479,10001,9128.46264
37190.405292,10001,9141.06271
3734.089162,1208,9142.677465
41352.772059,10001,9154.844777
4550.204119,1265,9156.870996
40150.605747,10001,9169.094267
5000.333616,884,9170.297354
38776.501474,10001,9182.910958
20398.507618,10001,9195.114792
15839.342383,6501,9203.467227
37651.392259,10001,9215.692754
39821.534776,10001,9228.253794
46076.585889,10001,9240.825037
43468.895372,10001,9253.017166
35467.916448,10001,9265.554886
42492.496229,10001,9278.101022
40616.398617,10001,9290.331802
48217.033217,9722,9302.542235
41289.2094,10001,9314.736925
38997.727586,10001,9327.370859
43091.583835,10001,9340.045385
48189.472597,9414,9351.577935
48100.438471,9805,9363.960202
36367.837295,10001,9376.27497
38692.994413,10001,9388.924605
20869.948443,6788,9397.254008
45842.457738,10001,9409.907124
41947.147831,10001,9422.555615
43453.727439,10001,9434.78792
44597.019365,10001,9447.457803
40330.40355,10001,9459.684102
35701.578426,10001,9472.332692
23469.009516,5831,9479.576076
16760.298852,6055,9487.432743
48090.398026,9332,9498.881357
31864.572524,10001,9511.511195
38476.47854,10001,9524.15334
40351.472477,10001,9536.474598
43997.468929,10001,9549.144116
43143.541509,10001,9561.404542
33186.232874,10001,9574.090674
38686.071656,10001,9586.800711
36286.686446,10001,9599.061976
43386.003771,10001,9611.716786
48294.337234,9577,9623.458403
48004.444916,10001,9635.98573
40028.164472,10001,9648.57525
-545.957987,388,9649.181113
37062.942064,10001,9661.435407
3006.783909,1685,9663.662179
48188.254625,9499,9675.567557
48219.368964,9158,9686.674774
45218.146093,10001,9699.276148
48167.794061,9603,9711.373172
48190.924298,9711,9723.186703
46046.147156,10001,9735.770657
47990.314188,9779,9747.671355
33979.972394,10001,9760.205323
33968.264591,10001,9772.726531
48247.222985,9774,9784.651021
35611.148202,10001,9797.188329
38687.277023,10001,9809.653675
45935.10998,10001,9821.891802
6227.625531,1912,9824.369887
47969.04232,9889,9836.744634
20650.328956,8518,9847.07328
48208.476604,9256,9858.714686
43989.456867,10001,9871.393019
37075.81878,10001,9883.65377
36737.553807,10001,9896.321341
46133.343072,10001,9908.568623
38130.94837,10001,9921.206547
-665.897634,382,9921.800686
29617.278234,8233,9932.303114
37046.158847,10001,9944.593036
41284.966281,10001,9957.262746
45137.33738,10001,9969.528966
42216.962716,10001,9982.203111
31361.670761,8481,9992.676299
43980.140987,10001,10005.285685
46974.835598,10001,10017.947168
43027.657252,10001,10030.218009
40596.165453,10001,10042.853511
41389.259002,10001,10055.425763
47772.009919,10001,10067.73252
41095.112626,10001,10080.383988
35613.913335,10001,10092.658893
28930.338186,6519,10101.147952
42832.799447,10001,10113.484506
36717.589481,10001,10126.13902
48240.893993,9478,10138.08066
25464.839371,10001,10150.361056
43453.545023,10001,10163.025556
41507.556407,10001,10175.250115
44113.452711,10001,10187.924845
41996.688246,10001,10200.600681
34719.455006,10001,10212.849249
32639.880179,9451,10224.845414
41653.005335,10001,10237.112827
40531.33815,10001,10249.77315
31045.381998,9034,10261.26554
32766.092349,10001,10273.610786
32692.642728,10001,10286.28155
43587.813765,10001,10298.551735
34414.485415,9298,10310.404065
34998.106453,10001,10323.033251
48175.001005,9873,10335.121917
39993.353102,10001,10347.795602
27243.943759,10001,10360.113044
38176.098364,10001,10372.789349
37402.371957,10001,10385.474046
35598.141646,7810,10395.12624
37763.864287,10001,10407.794898
1404.3854,997,10409.186739
45411.531818,10001,10421.493088
39629.925043,9327,10433.306556
40009.384414,10001,10445.971991
37530.059728,10001,10458.233392
45144.683053,10001,10470.873325
37755.307239,10001,10483.154544
34023.016266,6928,10492.052178
38297.278216,10001,10504.283145
-601.355883,332,10504.815382
44188.913541,10001,10517.514113
39453.041522,10001,10530.155398
48211.115613,9006,10541.193333
28230.135608,5327,10548.181517
2167.651198,632,10549.093017
40799.441337,10001,10561.409037
27971.795775,5988,10569.235099
35881.461011,10001,10581.416619
41114.885717,10001,10593.935995
38786.582047,10001,10606.176069
41436.210963,10001,10618.739687
48294.49093,8976,10630.155844
37392.438023,10001,10642.48127
35091.296408,10001,10655.137224
23921.411401,4807,10661.12081
41560.450438,10001,10673.785722
30887.066115,6369,10681.68494
48212.477429,9149,10693.300886
41689.56939,9653,10705.13984
-1400.172556,626,10706.055749
48257.663234,8679,10717.081246
23545.307476,5573,10724.003497
32548.820535,8202,10734.531563
35750.388699,10001,10746.824433
-742.437712,756,10747.93006
48304.335236,9416,10759.909625
586.585266,402,10760.53503
39653.510697,10001,10772.855916
174.002194,545,10774.029221
46552.335221,10001,10786.261985
29554.201558,10001,10798.979455
36928.494566,10001,10811.348808
33784.202514,9044,10822.90337
34992.912705,8661,10833.503242
769.731631,391,10834.096873
36797.589736,10001,10846.738798
29444.643251,9233,10858.412311
43190.784615,10001,10870.613344
-1465.655011,424,10871.270463
47863.587119,10001,10883.889957
2306.322681,628,10884.792898
30647.059203,6761,10893.137409
38534.500359,10001,10905.818832
37512.073058,10001,10918.411644
-443.003071,261,10918.868027
31318.826753,10001,10931.153972
42193.827227,10001,10943.808154
42242.3785,10001,10956.029722
35633.292385,10001,10968.679161
42307.305754,10001,10981.344111
35656.671709,7322,10990.315228
28479.974407,5712,10997.360438
33945.613381,9654,11009.638414
35904.580715,10001,11022.346
41491.671924,10001,11034.61512
45960.77548,10001,11047.271957
46132.822933,10001,11059.55757
45301.058044,10001,11072.177162
-135.346377,427,11072.834681
29910.798452,7787,11082.768243
42613.984243,10001,11095.134853
6261.201326,1572,11097.217755
23282.855315,5986,11105.016814
1331.202551,578,11105.858046
42700.292302,10001,11118.155993
48319.403729,8663,11129.191128
5615.30395,1015,11130.561311
44940.089583,10001,11142.907473
44259.248625,10001,11155.528955
33977.688305,7789,11165.514984
32060.714733,6721,11173.838948
23513.126323,5474,11180.677412
48311.601421,9456,11192.570935
-1531.768524,385,11193.167601
-1012.35015,406,11193.80901
43413.339569,10001,11206.350652
42744.151059,10001,11218.562306
42068.043703,10001,11231.109688
35047.745004,10001,11243.297614
31130.719338,7177,11252.479892
8045.086393,2839,11256.052073
44325.020729,8780,11267.14115
37556.663503,10001,11279.361006
2122.961443,781,11280.450064
35209.046017,7708,11290.275867
2245.486201,612,11291.166894
28561.050411,8000,11300.976411
37113.653111,10001,11313.574008
41610.143037,10001,11325.778608
35157.133058,8020,11335.986152
33672.268553,8575,11346.463809
28489.872498,5777,11353.924785
40048.664638,10001,11366.1136
40471.529004,10001,11378.690061
36128.589569,10001,11391.268721
48159.96671,9761,11403.203435
48326.674832,9776,11415.633614
47179.691753,10001,11427.890802
44119.226218,10001,11440.569176
21089.062816,4620,11446.340918
36037.63831,10001,11458.995488
1100.414241,588,11459.854305
38394.350417,10001,11472.528692
41800.570806,10001,11484.80211
39163.018158,10001,11497.435228
44595.002473,10001,11509.730356
37982.112802,10001,11522.339358
40189.489524,10001,11535.018255
48174.427378,9376,11546.561106
46075.696167,10001,11559.232107
4457.762934,1224,11560.847719
40791.347863,10001,11573.04655
44486.103324,10001,11585.680022
48292.570469,9633,11597.831956
33402.852203,6268,11605.561287
39185.524811,10001,11618.192364
24426.482654,5952,11625.585102
48298.012415,9312,11637.391617
2611.500109,816,11638.511026
26223.469026,6807,11646.895612
48214.632644,9903,11659.353185
43190.473527,10001,11671.660305
5485.980436,1221,11673.275787
3789.073021,1132,11674.785304
40153.834603,10001,11687.417336
48193.788112,9657,11699.596721
44248.364141,10001,11711.897163
31356.746077,7752,11721.82043
38258.61614,10001,11734.100237
39661.458835,9434,11746.021944
35998.106458,9101,11757.287664
28468.419578,5485,11764.429086
22945.721573,5955,11771.804172
3277.860615,1291,11773.508851
27526.441109,5724,11780.960421
1633.326439,604,11781.834476
34495.781957,7331,11790.878967
37021.956731,10001,11803.48846
44439.291297,10001,11815.644262
1100.777606,582,11816.480256
41991.544981,10001,11829.07845
2615.081527,887,11830.312196
26971.046573,7794,11839.916298
28208.56634,5824,11847.50243
4007.658486,1263,11849.191544
36739.69931,10001,11861.523852
16927.156956,5105,11868.261786
32594.941801,6858,11876.703707
35998.791051,10001,11889.292833
3945.845276,1129,11890.843304
3594.342612,1161,11892.381288
40602.159685,10001,11904.959683
36403.392119,8057,11914.901437
1291.496512,534,11915.679519
28005.864308,5859,11922.933537
45435.218339,10001,11935.553967
5889.266235,1331,11937.292977
5155.294842,1524,11939.274117
40855.688355,10001,11951.913612
47164.102757,10001,11964.173833
38102.774736,10001,11976.820449
44336.184394,10001,11989.560611
33631.561494,8513,11999.998369
1164.952628,589,12000.843133
30349.047567,8695,12011.905978
43816.01418,10001,12024.098277
39856.100263,10001,12036.683077
28458.662821,7324,12045.65928
26529.916844,7900,12055.715568
42192.818908,9110,12066.834212
28906.955703,8007,12077.048746
23135.940205,5829,12084.261937
41110.058022,10001,12096.893338
8899.152276,2464,12100.027743
27895.943893,7483,12109.574214
48202.729389,9896,12121.61863
5389.26297,1017,12122.98057
4062.179062,1042,12124.362289
36925.923562,10001,12137.005755
23208.864317,5819,12144.200003
44229.405092,10001,12156.810139
27977.901137,7274,12165.7746
28001.178097,7787,12175.746669
48290.711835,9866,12187.775567
36997.888822,10001,12200.400715
1311.870355,792,12201.491521
3563.973181,988,12202.819541
2327.899349,1146,12204.327583
40465.215856,10001,12216.94721
4531.681652,957,12218.243572
42894.344165,10001,12230.43012
6135.63105,1107,12231.912084
6084.471888,2749,12235.756826
44915.103778,10001,12248.0582
41161.376169,10001,12260.639558
34106.686459,8550,12271.09124
45208.557473,10001,12283.698369
33755.116026,7178,12292.537544
46689.16651,10001,12305.126581
38946.258632,10001,12317.764456
2074.557229,839,12318.915012
16833.871248,4288,12324.275332
30029.42432,7856,12333.95901
31474.537535,7176,12343.132878
41804.515383,9737,12355.008883
39311.278558,10001,12367.743968
42689.425058,10001,12380.38439
45288.699598,10001,12392.726573
3269.308849,769,12393.79128
27229.219927,6023,12401.66353
38787.493438,10001,12413.960644
28122.625783,7858,12424.091795
31661.878671,10001,12436.421918
542.242725,374,12437.007395
24164.553881,8216,12447.547877
22043.382157,4922,12453.656684
48238.908072,9961,12466.249931
27909.890954,6444,12474.160219
41778.986454,10001,12486.833182
26420.424457,5683,12493.917148
38430.711817,8181,12504.372199
39576.99095,10001,12516.677076
27883.014887,6384,12524.969027
41664.722961,10001,12537.155741
3991.783661,835,12538.283245
44989.176814,10001,12550.883285
40413.22697,10001,12563.437361
4754.191715,851,12564.600955
28380.983734,6532,12572.657752
44054.586928,10001,12585.31915
24108.91518,6963,12593.860996
40825.517537,10001,12606.450777
38556.631061,10001,12618.660054
28702.754113,8628,12629.606308
27187.155677,7659,12638.983048
20366.357143,4112,12644.452869
45411.426691,10001,12656.702082
27947.05012,6607,12665.229039
28457.366815,7368,12674.305504
28277.977633,6793,12682.640947
26602.120852,5749,12690.146477
28759.872127,6719,12698.461929
42455.350895,10001,12711.150232
39627.327227,10001,12723.396793
40789.079915,10001,12736.070198
33110.980928,7236,12745.00568
