#{"t_start": 1702563008.4127276, "env_id": "cpg_plainEnv"}
r,l,t
-2103.707863,693,1.782885
-3521.555092,924,2.69823
-605.639517,636,3.416288
8103.259852,1590,4.936821
-2242.213132,931,5.837965
-123.30195,952,6.768057
-515.621165,730,7.552324
-1606.977127,702,8.264676
-2391.424456,655,8.931587
-1746.458854,1190,10.107877
-378.097542,968,11.056767
-807.070495,289,11.462595
-3203.936054,850,12.32124
237.043612,1191,13.523759
173.738228,627,14.157246
-3542.146932,1113,15.263921
-1744.35609,2280,17.424861
-669.596347,1049,18.669096
-2540.94262,1115,19.75884
-1447.97068,562,20.344355
-3106.15442,952,21.270917
3470.412331,1056,22.332425
562.10389,1391,23.648245
2343.292488,1838,25.400678
-950.881576,516,25.971185
-2439.082736,836,26.809519
930.33533,841,27.685863
-2997.344165,1239,28.845526
-1863.335547,1115,29.919327
-2519.487957,582,30.613684
-395.551118,1411,32.009376
872.151327,810,32.832835
-596.233117,533,33.379575
1924.920473,1008,34.565045
7276.577132,1361,35.85072
2790.304747,1414,37.208449
-1830.970394,652,37.84164
-989.493946,851,38.612154
-1011.532656,565,39.171078
5691.863314,1865,40.914633
-909.991255,565,41.471487
-2177.266874,593,42.059109
-1423.078453,1323,43.236598
-821.098148,831,44.010608
1060.998955,1319,45.181565
-493.734683,1728,46.710412
-2129.529854,669,47.365757
425.786706,2472,49.716716
2697.08743,957,50.598692
-2517.450505,968,51.505136
1213.550531,740,52.203296
-1772.24108,481,52.698172
-412.498137,680,53.359596
1338.76838,1169,54.406905
-119.409801,1022,55.306423
1462.61227,1437,56.55953
-1212.77886,599,57.135105
-1846.725712,765,57.856572
-1093.853376,428,58.301026
-1233.887165,840,59.07937
-617.4472,1191,60.13291
-1327.67855,561,60.688392
-3981.087812,1287,61.853974
-2261.329165,618,62.456295
-244.522848,492,62.949023
-2488.265188,505,63.456725
-1984.019141,912,64.27705
-2156.122866,782,65.239008
1351.352751,1507,66.573814
1950.396266,1099,67.574376
-3059.793384,717,68.289777
-1988.583786,422,68.735908
-2632.16794,484,69.244008
1780.499811,1191,70.313885
-2673.850978,957,71.213151
-1757.602971,882,72.030346
-1107.737342,993,72.968405
-3090.949551,886,73.811688
-2878.767791,664,74.458871
1496.457334,1046,75.412515
-1015.425137,416,75.845116
-1276.176282,603,76.445837
-1525.03606,495,76.960206
-1675.686346,417,77.402953
-2532.330577,634,78.015481
8970.409203,1815,79.656938
410.954993,802,80.444248
-1383.233792,610,81.360495
-1342.388291,310,81.722959
-1715.899811,418,82.163457
-3140.65073,1069,83.144306
-686.423653,904,83.982101
-1895.278527,696,84.653077
-2576.474154,617,85.254344
-2832.073881,835,86.014028
-883.326219,408,86.439881
-2200.898311,970,87.32684
-1821.633757,1126,88.331498
563.390713,1193,89.401898
-554.677781,1024,90.343499
-32.817083,455,90.809623
-1219.517057,408,91.239365
-976.011595,774,91.958582
-2437.878263,459,92.426776
2754.38348,1405,93.67789
-578.591667,1140,94.715281
-1190.292833,367,95.117688
-692.009048,1210,96.213078
6428.233145,1531,97.798328
-264.643283,466,98.274054
-1312.353854,854,99.074175
-1701.861816,469,99.561298
-3767.6439,706,100.236037
7319.325314,2404,102.302561
1139.11162,1190,103.368761
-381.910492,654,103.990924
-1232.515466,785,104.74469
-986.227466,540,105.27365
-1012.286528,436,105.720091
-544.858327,445,106.183289
-2958.637042,1407,107.458893
-1636.927821,932,108.308022
575.892227,1050,109.266374
-2556.955783,793,110.025523
-619.140045,610,110.611782
1191.181756,858,111.410174
-681.158255,748,112.332538
7633.51438,2639,114.567744
-1559.343059,627,115.186678
-703.692971,455,115.642611
-448.116178,397,116.063533
-1164.382114,834,116.835007
1374.095529,1658,118.249333
2172.035586,1101,119.238205
3938.14781,1526,120.567693
-2161.716856,1019,121.488219
-1578.938787,1132,122.489985
84.249325,769,123.197383
1805.023748,1335,124.369426
2534.925724,1044,125.300924
-1589.132038,837,126.075475
-24.727111,718,126.969325
-1933.833251,754,127.674747
-1526.746277,605,128.260855
-903.346271,327,128.623614
-2387.622507,889,129.42842
-1811.711531,1157,130.477935
-3664.016076,769,131.205492
-1447.653428,1140,132.236098
5484.155049,2150,134.093082
897.123062,1456,135.382363
-560.795219,592,135.942456
329.442068,789,136.674672
12801.475848,3121,139.315936
-532.898325,548,139.860523
5370.643944,2037,141.848005
-929.037369,1173,142.906927
7881.967923,3193,145.598482
14123.874843,3959,148.884659
-802.342003,466,149.358623
-159.768943,828,150.105015
-2329.456799,999,151.01667
-215.307574,572,151.580562
5098.252639,1546,152.917815
3080.711292,1063,153.870269
2758.719394,1551,155.237018
-1644.87709,875,156.034413
-1128.676308,892,157.093036
9299.205697,3299,159.860814
-1556.036858,372,160.262477
500.681032,823,161.006892
-3100.807539,1426,162.259397
-3011.732634,793,163.011397
1649.384799,1103,164.003596
1366.402886,995,164.904372
6704.073979,2518,167.037355
3109.736709,1352,168.23218
353.59527,739,168.924539
-287.668824,963,169.801319
4331.723755,3255,172.751269
13753.425368,2242,174.681278
6035.378772,1486,175.981733
18746.884021,4083,179.392461
267.118146,1276,180.505734
3158.978112,1475,181.792603
-903.430066,418,182.223448
-491.653465,585,182.78974
4738.067345,1519,184.108289
-2469.213111,1999,186.066617
1591.57869,1174,187.112058
-588.907514,1624,188.518487
-407.196626,403,188.94342
-2146.437157,722,189.648447
2770.935349,1033,190.57664
-1529.096592,843,191.354628
-38.953513,632,191.950539
-1612.736317,924,192.796381
693.017135,985,193.676723
28.102318,519,194.178011
5582.780127,1781,195.711113
-1511.752963,490,196.193162
-2470.120118,1595,197.587938
6744.372766,2477,199.679297
18055.497364,3966,203.206867
6954.707001,1980,204.906073
4551.346754,1817,206.458284
-1579.539203,878,207.272704
-1813.029721,1811,208.820951
173.018909,1703,210.268653
-1971.294197,810,211.014697
266.168868,457,211.485176
-2148.469767,495,211.992792
-3140.754525,596,212.587414
25773.693286,4702,216.743562
186.792253,590,217.318852
-2042.666955,929,218.143454
3700.169259,1287,219.266855
170.783671,458,219.732874
-42.981223,1176,220.77878
-2085.72708,733,221.470442
2108.911827,639,222.078955
-1372.029037,415,222.518798
-1026.029739,823,223.289143
2570.45193,1755,224.805203
10986.573036,2557,226.965294
2476.921345,936,227.816395
4069.176125,2151,229.902369
-3816.046578,1496,231.222046
1045.760243,714,231.89811
7885.60506,2440,233.970544
-434.791738,962,234.837284
-1522.954088,503,235.357285
-518.084531,645,235.980881
948.111508,654,236.592558
-681.883452,1165,237.63762
-1072.973142,312,237.989329
-2165.834109,897,238.812722
17691.656573,3388,241.623064
-803.863492,999,242.541016
-746.296027,575,243.103071
-610.503198,500,243.603316
-1418.046378,545,244.132224
774.326327,608,244.934813
-3279.233179,829,245.722812
-1951.01325,932,246.583207
-85.862609,880,247.366703
-1002.807876,447,247.829515
6710.158872,2275,249.746597
-3299.740693,718,250.43872
-1326.206663,713,251.109873
207.963765,690,251.769162
6752.109462,2132,253.567587
956.603531,733,254.24681
3028.201262,1205,255.315644
12076.671597,2639,257.515101
2030.523375,1402,258.756627
-1014.865154,1175,259.998725
-1817.381712,401,260.437521
-1913.368681,506,260.934929
75.8762,482,261.416275
15252.909833,3797,264.555186
5017.3798,1947,266.1899
-440.268556,675,266.799365
29956.906945,5001,270.910231
20057.262039,4657,274.955654
2960.187323,2851,277.32535
-626.991278,1422,278.587802
309.946612,1264,279.668118
-1967.42617,1058,280.60555
16652.808809,4243,284.127477
23597.535918,5001,288.444626
26930.684683,5001,292.559076
28676.572758,5001,296.662333
-540.331649,402,297.082044
9690.553942,2231,298.966023
26634.208659,5001,303.268404
23261.665564,5001,307.35727
26774.666664,5001,311.455081
12838.195917,2967,313.916368
-378.234862,1056,315.087429
23256.144564,5001,319.125131
24627.641881,5001,323.20335
32236.211666,5001,327.329101
-848.500818,978,328.22475
-1461.371828,630,329.060446
30189.121374,5001,333.193404
-2029.616482,976,334.057264
28728.095014,5001,338.164948
24291.963035,5001,342.49015
29998.22337,5001,346.677575
30494.496099,5001,350.889958
31653.090923,5001,355.061081
29487.235523,5001,359.433047
28530.666751,5001,363.586105
3876.643952,1231,364.66846
8583.124867,2296,366.580807
29951.049758,5001,370.942074
26528.806675,5001,375.077434
8603.75828,2369,377.047583
30072.632325,5001,381.193542
-1013.913231,671,381.840892
31755.307624,5001,386.228882
26843.577564,5001,390.355972
31018.036956,5001,394.497589
10583.907417,2431,396.560956
32210.688887,5001,400.952862
33628.504601,5001,405.079888
2179.553875,821,405.831652
31035.392106,5001,409.978383
29201.600373,5001,414.312432
7725.495677,1614,415.717101
33310.089051,5001,419.873531
30599.590031,5001,424.033071
6310.62254,2149,426.115906
-1524.611215,735,426.827547
35314.885149,5001,431.003902
18377.890069,4398,434.609716
33658.363184,5001,438.794019
35976.626943,5001,443.214848
13209.384433,3479,446.108238
33597.926189,5001,450.269573
24284.731458,3669,453.327139
32897.350416,5001,457.702835
-1698.495956,448,458.157717
22721.967881,3853,461.35889
26059.466155,3739,464.48642
16902.149165,3423,467.560068
36800.269074,5001,471.703705
20677.701802,3257,474.426669
8961.40646,2541,476.529219
4153.248238,1667,477.979473
35562.250983,5001,482.355907
36497.658277,5001,486.516157
37533.913115,5001,490.654203
12549.878474,2418,492.681689
17949.620172,3158,495.536691
33431.898983,5001,499.660154
40512.361781,5001,503.781662
28546.992136,4628,507.589773
36512.340338,5001,511.96892
37022.196937,5001,516.116891
37529.852964,5001,520.214848
36301.957468,5001,524.579075
39007.302974,5001,528.739187
39010.822761,5001,532.886971
36353.031562,5001,537.244051
30956.876355,5001,541.331819
19909.448544,3712,544.395566
22887.944215,3639,547.385379
40177.094144,5001,551.761153
39392.719408,5001,555.873171
39417.713753,5001,560.030586
19316.384039,3193,562.690039
26598.773217,3627,565.906151
39917.143805,5001,570.056194
39600.620412,5001,574.179291
9441.447495,1532,575.486906
33440.825558,4928,579.777426
41922.195718,5001,583.883268
3630.752757,1016,584.790675
40094.496543,5001,588.925185
31706.568335,5001,593.238977
30345.628901,5001,597.390628
39954.722379,5001,601.555586
40015.248053,5001,605.948482
31090.049554,5001,610.033775
38195.210293,5001,614.130638
37168.729248,5001,618.253052
4195.545562,1493,619.756542
20130.592597,3478,622.621894
9550.160843,1955,624.26514
38783.595531,5001,628.377089
14888.384759,2840,630.72468
39681.298661,5001,635.042934
40221.943184,5001,639.142854
37415.647823,5001,643.23851
38520.064126,5001,647.556116
40520.025626,5001,651.673094
36470.214461,5001,655.774735
40107.75537,5001,659.889895
4112.725836,1515,661.426092
38690.994523,5001,665.512716
39867.45577,5001,669.606605
35498.825183,5001,673.674382
38456.694319,5001,677.989102
34557.398612,5001,682.060878
42562.907383,5001,686.18754
26327.508102,3820,689.607194
40039.758545,5001,693.730957
41804.160121,5001,697.866296
35012.561942,5001,702.20959
34590.591393,5001,706.336649
12046.07968,2823,708.687551
42216.943865,5001,712.823885
1057.85272,634,713.426759
39465.925924,5001,717.747407
-191.406186,444,718.198204
34895.855336,5001,722.287731
-567.766071,658,722.916754
37614.515549,5001,727.033831
30663.648275,5001,731.326603
36375.747939,5001,735.423244
22333.340375,3558,738.350597
41137.890862,5001,742.461851
223.024383,665,743.32344
38180.883151,5001,747.4483
37495.843387,5001,751.548858
38904.358722,5001,755.664715
37317.477641,5001,760.021911
40392.48545,5001,764.13344
39869.423694,5001,768.248398
38387.435537,5001,772.566617
39477.351981,5001,776.686852
971.706756,771,777.395618
38050.11834,5001,781.500011
40977.987056,5001,785.865629
42578.678412,5001,789.939305
42055.952973,5001,794.007753
-418.648776,428,794.442389
41519.176784,5001,798.741104
40678.661926,5001,802.848748
28415.040142,3685,805.89088
40133.141825,5001,809.943127
36710.608652,5001,814.228423
41188.602901,5001,818.345206
10425.900513,2386,820.356405
37669.807982,5001,824.469626
575.713096,734,825.390305
35297.654345,5001,829.491692
42545.806094,5001,833.624871
33033.871326,5001,837.717144
42905.835671,5001,842.104761
34387.433498,5001,846.234395
35450.017801,5001,850.33822
34301.823592,5001,854.638996
39026.487411,5001,858.70717
39061.359127,5001,862.765713
41372.498084,5001,867.073051
39954.184002,5001,871.181699
36664.923827,5001,875.304002
581.168203,441,875.761419
40369.36128,5001,880.107828
39537.497758,5001,884.255432
38812.740246,5001,888.372339
35582.121042,5001,892.494513
32978.309638,5001,896.775676
38563.062507,5001,900.859432
-120.665983,361,901.238201
39109.161021,5001,905.315196
42252.044763,5001,909.619728
37372.793017,5001,913.669832
39801.398543,5001,917.72325
111.507734,823,918.480219
36444.300428,5001,922.74068
38866.672632,5001,926.813624
43467.600416,5001,930.883393
10468.74256,1953,932.517114
39476.70802,5001,936.818196
41459.253964,5001,940.919916
-485.973334,1388,942.149723
40524.785496,5001,946.235499
38758.269429,5001,950.525826
37937.423606,5001,954.614165
40635.285764,5001,958.702108
3261.709991,986,959.573381
38402.435164,5001,963.884789
40606.481894,5001,967.99152
-160.872228,595,968.575015
35673.253028,5001,972.674218
38077.574995,5001,977.035352
37797.932501,5001,981.132051
39504.589647,5001,985.253023
33788.024722,5001,989.575665
35878.087137,5001,993.68749
1079.460306,875,994.488193
40625.334667,5001,998.621753
35815.305163,5001,1002.717262
38788.762267,5001,1007.073056
37377.278719,5001,1011.166087
39034.068481,5001,1015.270875
39424.08943,5001,1019.607926
38535.740334,5001,1023.724049
39829.369737,5001,1027.839341
40172.782853,5001,1032.206091
38246.257986,5001,1036.353329
38711.241809,5001,1040.474468
7442.939368,1898,1042.111267
35508.13099,5001,1046.430204
38442.854613,5001,1050.530203
39310.889081,5001,1054.630209
40720.86191,5001,1058.940723
40806.522669,5001,1063.047831
2820.67075,1039,1063.976161
40679.351247,5001,1068.094552
38862.649387,5001,1072.414238
-1086.903102,587,1072.998788
38778.564112,5001,1077.082988
38740.718818,5001,1081.17712
36648.995261,5001,1085.442782
40773.219431,5001,1089.49717
39308.979863,5001,1093.548944
39548.586577,5001,1097.601962
40801.839369,5001,1101.900367
40140.651564,5001,1105.970665
38213.509027,5001,1110.049948
36405.629779,5001,1114.30875
38192.878844,5001,1118.39786
37662.755099,5001,1122.468574
38530.283735,5001,1126.738231
41662.690195,5001,1130.780854
40149.320637,5001,1134.834935
41351.163281,5001,1138.879491
27472.223495,5001,1143.11622
39276.077178,5001,1147.146327
27340.344437,4147,1150.492841
38313.000291,5001,1154.776574
39212.109109,5001,1158.877178
39839.633437,5001,1162.937826
39745.817263,5001,1167.199741
38044.558552,5001,1171.292155
36578.323186,5001,1175.346647
29796.395682,5001,1179.376283
38861.228199,5001,1183.657703
40002.651996,5001,1187.711776
40403.491464,5001,1191.757048
43132.594106,5001,1196.029611
38166.888256,5001,1200.078522
11953.611319,2405,1202.04058
39468.786422,5001,1206.035448
33726.075335,5001,1210.306255
40185.434611,5001,1214.39406
-56.928568,675,1215.017812
29121.783816,4401,1218.592003
39463.880493,5001,1222.854548
39665.671748,5001,1226.90393
38238.188678,5001,1230.957954
36894.702021,5001,1235.227464
24669.044225,3463,1238.089606
39200.975492,5001,1242.176029
40529.801016,5001,1246.273597
5800.115898,1346,1247.441644
34599.62076,5001,1251.69878
39727.672393,5001,1255.758905
31344.504504,5001,1259.790088
36541.22516,5001,1264.079758
40709.579501,5001,1268.139887
38722.698524,5001,1272.18909
33932.132818,5001,1276.457842
38009.100937,5001,1280.510325
38388.983377,5001,1284.550862
39545.147621,5001,1288.835045
31465.076163,5001,1292.866452
6930.336647,1294,1293.976456
34113.91079,5001,1297.993502
37901.708613,5001,1302.25418
37754.609859,5001,1306.296252
36729.287954,5001,1310.340233
29742.217747,5001,1314.362623
35352.2356,5001,1318.629763
38162.74509,5001,1322.668391
12548.21615,2265,1324.552756
33815.764055,5001,1328.803988
36228.810313,5001,1332.879035
14067.356554,2503,1334.961518
38844.158376,5001,1339.015328
28214.399273,5001,1343.2563
34653.469043,5001,1347.302488
37490.198707,5001,1351.39096
35793.932184,5001,1355.434247
36430.174434,5001,1359.71062
35667.580595,5001,1363.78735
6014.200231,1292,1364.905721
35248.36268,5001,1368.972686
35595.269055,5001,1373.229909
37062.659359,5001,1377.269576
34648.617002,5001,1381.316585
39423.698597,5001,1385.597274
21539.571117,3445,1388.432517
39029.519159,5001,1392.508326
39769.450873,5001,1396.795015
32834.764184,5001,1400.837537
35595.87889,5001,1404.898977
36728.935232,5001,1408.934111
35454.227475,5001,1413.194017
37029.219218,5001,1417.236057
21749.79507,3156,1419.822569
36743.910652,5001,1424.10817
31444.006772,5001,1428.144825
37834.752892,5001,1432.195905
37628.313717,5001,1436.273492
37122.421252,5001,1440.571759
29031.583596,5001,1444.644586
16922.525377,2632,1446.8208
34918.233976,5001,1451.084139
37316.413718,5001,1455.131362
34382.204619,5001,1459.185423
35246.204066,5001,1463.225384
30452.038824,5001,1467.454908
35532.669225,5001,1471.499606
-495.163382,439,1471.945139
37176.064017,5001,1476.000067
32763.752617,4944,1480.231959
37682.067772,5001,1484.288425
38748.979914,5001,1488.346018
37942.335034,5001,1492.625407
28863.001958,5001,1496.663924
36176.358318,5001,1500.727958
34626.402382,5001,1505.014086
8387.240623,2101,1506.791963
34163.633201,5001,1510.847625
38093.982038,5001,1514.928113
38090.535865,5001,1519.213524
36208.990244,5001,1523.259542
35193.431764,5001,1527.316223
36989.388762,5001,1531.385041
38975.298708,5001,1535.692103
23685.11234,3880,1538.830258
34389.235326,5001,1542.879889
34066.493633,5001,1547.15674
39493.3644,5001,1551.206907
32580.778149,5001,1555.241974
38445.198169,5001,1559.520992
39030.147249,5001,1563.594768
36092.761286,5001,1567.650474
-711.604203,499,1568.15183
38811.971882,5001,1572.438697
35042.538416,5001,1576.482031
39627.221466,5001,1580.552778
37391.061954,5001,1584.590355
38327.817817,5001,1588.862898
37275.100288,5001,1592.908289
37331.667421,5001,1596.971772
35258.342894,5001,1601.230856
39376.670502,5001,1605.295297
35555.146952,5001,1609.335208
39992.623698,5001,1613.612222
39567.686426,5001,1617.681091
41217.189683,5001,1621.75304
25864.027279,3284,1624.468776
38871.394732,5001,1628.765979
-539.296322,809,1629.508741
40809.018621,5001,1633.581485
39591.311115,5001,1637.646951
36307.131759,5001,1641.94969
37630.165257,5001,1646.05148
38930.656207,5001,1650.12726
37543.502978,5001,1654.402748
39471.507016,5001,1658.477931
38760.277313,5001,1662.553129
41975.724952,5001,1666.630617
41380.986671,5001,1670.931798
37597.422444,5001,1674.993025
41345.642231,5001,1679.090374
39225.916189,5001,1683.347573
4708.940832,1015,1684.245345
40779.015834,5001,1688.333763
41056.192699,5001,1692.428378
39717.173883,5001,1696.747922
40515.794377,5001,1700.842286
39376.46972,5001,1704.948961
36045.1305,5001,1709.244277
39577.574244,5001,1713.312107
41181.5511,5001,1717.405009
40942.954192,5001,1721.727783
37661.423913,5001,1725.82889
34674.378423,5001,1729.885753
34717.33189,5001,1733.942142
41115.108417,5001,1738.269735
41487.159742,5001,1742.359119
42572.308434,5001,1746.463398
42095.827569,5001,1750.777383
36791.180545,5001,1754.83647
39051.87212,5001,1758.926732
39467.197719,5001,1763.226205
36883.92347,5001,1767.303284
31549.753397,5001,1771.384751
38711.950919,5001,1775.477647
37665.604621,5001,1779.790839
23459.865438,3575,1782.725047
-985.408463,691,1783.366318
37843.106069,5001,1787.458337
31063.215977,5001,1791.755782
41084.154412,5001,1795.867925
29936.081565,5001,1799.938991
38472.026593,5001,1804.268199
35652.532093,5001,1808.339145
39545.322519,5001,1812.423351
1125.995125,1039,1813.345926
40690.029978,5001,1817.632728
40933.117214,5001,1821.717158
38009.218044,5001,1825.806086
34552.59289,5001,1829.898423
39194.981631,5001,1834.232193
36399.84604,5001,1838.290926
38599.229654,5001,1842.344861
37041.959466,5001,1846.639947
41034.647136,5001,1850.73753
40105.708159,5001,1854.862651
36602.04392,5001,1859.186837
40062.855532,5001,1863.298538
35781.598945,5001,1867.407831
35586.014111,5001,1871.716772
35875.069673,5001,1875.829634
35739.79438,5001,1879.95528
35085.484768,5001,1884.102717
40102.819896,5001,1888.453429
42209.989396,5001,1892.591906
38678.504426,5001,1896.694198
38850.458013,5001,1901.013954
40094.660071,5001,1905.072229
36903.563808,5001,1909.153242
35490.917119,5001,1913.448219
40196.126673,5001,1917.535091
40553.778441,5001,1921.629193
40435.288109,5001,1925.722887
40657.282611,5001,1930.04689
33183.084685,5001,1934.122086
35826.111028,5001,1938.198889
41174.811845,5001,1942.492996
38435.647609,5001,1946.568666
39550.099557,5001,1950.635699
40140.825986,5001,1954.947829
40815.291335,5001,1959.078011
36172.060103,4826,1963.029742
39239.161894,5001,1967.358083
41914.651236,5001,1971.441186
42849.100788,5001,1975.550045
42096.798599,5001,1979.6373
30166.054236,3807,1983.031265
44492.776661,5001,1987.132007
40923.028114,5001,1991.232324
32244.189627,5001,1995.515036
37201.83273,5001,1999.60834
41814.229514,5001,2003.693526
35676.502465,5001,2007.985987
35465.445914,5001,2012.088036
30875.031821,5001,2016.168154
40224.546477,5001,2020.263608
40586.098375,5001,2024.595229
41017.297229,5001,2028.679498
40343.264997,5001,2032.767008
29256.064773,3725,2036.050242
40712.582844,5001,2040.137995
41935.986997,5001,2044.203529
42101.705046,5001,2048.283096
39250.676562,5001,2052.579709
41929.886615,5001,2056.678896
41131.122046,5001,2060.774938
39949.883132,5001,2065.092595
10268.91943,2261,2066.963432
42190.470275,5001,2071.048175
39582.416838,5001,2075.129186
39894.878442,5001,2079.446971
40706.269457,5001,2083.508226
35659.361194,5001,2087.556662
34701.013872,5001,2091.839041
36579.982629,5001,2095.931951
37363.861527,5001,2100.01684
39785.589821,5001,2104.330086
36833.843788,5001,2108.420795
36677.54608,5001,2112.527317
32250.148182,5001,2116.827133
42152.399911,5001,2120.899729
28710.557136,5001,2124.9514
41481.815856,5001,2129.050608
25028.666011,3704,2132.330522
34702.59305,5001,2136.440122
35874.083306,5001,2140.540052
36509.443973,5001,2144.826589
37674.291375,5001,2148.909199
41387.816158,5001,2152.976923
34628.94174,5001,2157.046758
41531.259794,5001,2161.379782
38877.5559,5001,2165.457272
37601.256052,5001,2169.5418
41353.281193,5001,2173.84888
23614.378732,3248,2176.536984
40621.293141,5001,2180.640912
40168.417834,5001,2184.973499
34472.317653,5001,2189.048499
29007.327903,5001,2193.113604
44305.001089,5001,2197.220437
42138.626767,5001,2201.545504
38630.209125,5001,2205.631048
42533.981234,5001,2209.741181
37963.008988,4658,2213.770077
41051.945983,5001,2217.89044
42516.566399,5001,2222.033493
38647.21564,5001,2226.404158
16844.861859,2395,2228.438185
39994.989246,5001,2232.584215
40493.850101,5001,2236.687938
40200.215312,5001,2241.002104
41527.038033,5001,2245.096226
35014.010537,5001,2249.170208
16394.692151,2821,2251.498718
31802.407947,5001,2255.77965
36972.016937,5001,2259.846377
22513.292835,3063,2262.390944
39205.522348,5001,2266.477878
34550.898443,5001,2270.798642
26638.415994,3698,2273.83556
35959.407939,5001,2277.92662
39982.740397,5001,2282.255584
34633.890412,5001,2286.321368
37258.277122,5001,2290.393518
34218.03936,5001,2294.681785
40241.883406,5001,2298.763548
38785.094193,5001,2302.846353
39729.600107,5001,2306.946126
39627.398183,5001,2311.250238
40551.010414,5001,2315.331682
41617.846344,5001,2319.411193
41205.098346,5001,2323.739798
33739.987906,5001,2327.816847
36401.768879,5001,2331.898558
4369.593289,1781,2333.383884
37104.322834,5001,2337.671983
39840.094134,5001,2341.791623
42581.930878,5001,2345.910813
39830.411983,5001,2350.253705
42090.58829,5001,2354.29778
37791.761137,5001,2358.369897
35733.285602,5001,2362.680589
42535.159787,5001,2366.795653
24449.443781,3789,2369.930712
34416.481433,5001,2374.053705
33525.895453,5001,2378.341813
37547.080144,5001,2382.42571
35184.743941,5001,2386.505116
38171.730954,5001,2390.820679
37970.956539,5001,2394.883787
-1130.590662,969,2395.779698
40126.010124,5001,2399.888429
41219.59264,5001,2404.205645
41799.630903,5001,2408.312907
35643.865143,5001,2412.407734
39368.60886,5001,2416.509136
26079.107194,4355,2420.276415
40589.634157,5001,2424.36725
36153.7494,5001,2428.43101
37578.078562,5001,2432.743904
37885.577333,5001,2436.836503
40400.646804,5001,2440.925613
36619.632327,5001,2445.227948
40641.00983,5001,2449.318892
31965.23233,5001,2453.408734
35900.596959,5001,2457.492599
37073.813754,5001,2461.840796
37743.262465,5001,2465.925788
38341.982478,5001,2470.022991
3853.455349,984,2470.888016
37975.54055,5001,2475.183459
35553.016239,5001,2479.243742
29326.54957,5001,2483.314938
39073.094146,5001,2487.619443
34505.832434,5001,2491.699682
29596.008623,5001,2495.75271
23747.736473,4257,2499.447641
37253.599602,5001,2503.497792
35934.040601,5001,2507.532978
38316.487843,5001,2511.577438
38141.476483,5001,2515.902486
37625.559062,5001,2520.00181
34198.45413,5001,2524.092841
37320.728362,5001,2528.424371
37068.517966,5001,2532.536829
37966.91761,5001,2536.652393
33844.242895,5001,2540.984114
30741.925126,5001,2545.076561
7759.693033,2436,2547.095879
38139.283441,5001,2551.19339
30946.668092,5001,2555.482347
40130.394965,5001,2559.588969
37679.177826,5001,2563.720002
33932.094269,5001,2568.040808
37172.356268,5001,2572.167444
34323.817549,5001,2576.286777
36108.238935,5001,2580.618741
37238.767527,5001,2584.745064
28177.364953,5001,2588.831488
34619.257437,5001,2592.921879
35327.001157,5001,2597.251084
38819.376385,5001,2601.369885
13366.271828,2820,2603.6977
34137.306312,5001,2608.019922
38460.667991,5001,2612.137076
34031.400629,5001,2616.227099
34828.861024,5001,2620.315732
30596.610717,5001,2624.613002
4072.643515,1142,2625.617743
37900.057854,5001,2629.701574
4217.763895,1514,2630.991449
34274.267462,5001,2635.289429
37479.450231,5001,2639.392139
9408.638105,1951,2641.020402
36678.751222,5001,2645.117304
36423.287356,5001,2649.455709
35379.250984,5001,2653.530927
35680.156653,5001,2657.61684
16171.610324,2795,2659.937829
33735.757721,5001,2664.255105
34189.47948,5001,2668.341279
33649.970797,5001,2672.422281
37375.962799,5001,2676.743813
34417.4251,5001,2680.835286
36340.303015,5001,2684.935729
32387.333829,5001,2689.028701
34720.188652,5001,2693.338569
35834.698393,5001,2697.431963
32577.507826,5001,2701.517684
29477.234483,5001,2705.79899
31403.2111,5001,2709.905809
33663.648586,5001,2714.007874
30824.405906,5001,2718.316542
35637.436475,5001,2722.446667
31647.779729,5001,2726.555425
33986.832632,5001,2730.892145
34282.047128,5001,2735.004522
34339.56876,5001,2739.113809
29818.07538,5001,2743.215447
34323.201369,5001,2747.581985
28894.733207,4573,2751.341277
30819.974842,5001,2755.404993
32410.203713,5001,2759.745538
8957.485717,2689,2761.981328
30863.323556,5001,2766.028732
32870.943693,5001,2770.080447
33231.433753,5001,2774.396812
31746.356258,5001,2778.513024
32195.029822,5001,2782.621316
33802.694744,5001,2786.969556
32144.595083,5001,2791.079114
32329.151021,5001,2795.195687
30989.321316,5001,2799.53171
32517.805848,5001,2803.695395
32611.110088,5001,2807.84534
32154.556861,5001,2811.993505
32873.412361,5001,2816.359183
31070.766851,5001,2820.521903
33252.047447,5001,2824.677394
32239.087863,5001,2829.041132
30810.749526,5001,2833.188173
27963.273594,5001,2837.285507
35608.790212,5001,2841.675659
30025.888622,5001,2845.818995
31985.181879,5001,2849.961113
31570.57151,5001,2854.31375
29470.445398,5001,2858.457336
32458.707326,5001,2862.597202
28341.12058,5001,2866.704218
33043.047962,5001,2871.043395
31094.781624,5001,2875.222395
32469.902736,5001,2879.365094
31082.848928,5001,2883.711899
32920.294174,5001,2887.843381
31976.54674,5001,2891.978356
30442.699896,5001,2896.336989
32085.07577,5001,2900.473063
29665.669791,5001,2904.598372
18864.909003,3811,2907.742572
31882.208393,5001,2912.096354
31779.17056,5001,2916.259339
30886.756026,5001,2920.386127
30787.969877,5001,2924.71007
29770.791305,5001,2928.75415
9729.054068,2005,2930.421148
29823.161187,5001,2934.491538
29102.742934,5001,2938.818241
31298.008009,5001,2942.948599
25280.692133,5001,2947.031706
30073.936463,5001,2951.358666
29313.26709,5001,2955.512542
24957.14281,5001,2959.632989
29622.918518,5001,2963.761835
27422.535635,5001,2968.092592
30073.101913,5001,2972.235714
11841.650462,2915,2974.673157
29538.582383,5001,2979.038534
29540.978784,5001,2983.178303
28092.935742,5001,2987.300802
29538.307562,5001,2991.702011
6248.614355,2351,2993.641926
30373.433409,5001,2997.791867
26444.242073,5001,3001.892961
27330.432556,5001,3006.228591
29182.832951,5001,3010.357845
27029.802214,5001,3014.488286
30331.81537,5001,3018.629614
28332.050149,5001,3022.946008
22511.788789,4184,3026.404926
26898.198439,5001,3030.531677
29480.696785,5001,3034.905291
26654.179586,5001,3039.041083
28890.428919,5001,3043.16793
26963.637709,5001,3047.518972
28081.392607,5001,3051.67219
27432.325574,5001,3055.826972
27712.244372,5001,3059.964054
22407.614902,4181,3063.633075
25777.72258,5001,3067.776441
25845.496299,5001,3071.898595
25307.795291,5001,3076.247323
27139.045254,5001,3080.372718
24516.832421,5001,3084.483397
25793.101575,5001,3088.845337
26632.851231,5001,3092.958045
25276.605212,5001,3097.066387
24782.312682,5001,3101.163444
24873.827765,5001,3105.521558
24877.917378,5001,3109.651366
25904.061216,5001,3113.811941
25388.339803,5001,3118.173827
21970.763169,5001,3122.254645
25155.36427,5001,3126.426479
25169.67674,5001,3130.831735
2164.937834,1003,3131.726138
23175.316615,5001,3135.838278
25214.461691,5001,3139.961702
25530.375244,5001,3144.305267
20672.885107,5001,3148.414438
26490.600827,5001,3152.550709
5121.407108,1202,3153.600385
22513.799261,5001,3157.942967
24594.783548,5001,3162.049852
25144.686835,5001,3166.188535
21714.50112,5001,3170.302011
24268.871333,5001,3174.671056
21465.768329,5001,3178.802978
24959.565821,5001,3182.947038
23489.88608,5001,3187.284091
23845.793989,5001,3191.415981
5571.077981,1383,3192.599566
25127.677062,5001,3196.721526
21261.502958,5001,3201.070679
21786.097874,5001,3205.208256
23855.090047,5001,3209.361745
23194.406365,5001,3213.733696
24912.072821,5001,3217.896638
24209.094333,5001,3222.037452
8025.253368,2448,3224.069791
22827.116495,5001,3228.454925
21908.439805,5001,3232.565551
21466.469571,5001,3236.6739
22179.627048,5001,3241.035922
22645.784952,5001,3245.178116
19010.230478,4534,3248.933957
2133.952219,1458,3250.193445
23234.088264,5001,3254.562727
23220.008311,5001,3258.692615
19478.187036,4014,3262.020468
23423.069914,5001,3266.142348
23441.013626,5001,3270.479521
22321.096825,5001,3274.592787
24483.959962,5001,3278.715707
21549.026564,5001,3283.036819
-358.823643,795,3283.768269
18248.658356,5001,3287.86824
23393.321624,5001,3291.993137
18066.493226,5001,3296.344231
16450.612987,3854,3299.548263
21642.840793,5001,3303.656215
21170.129347,5001,3307.725528
21221.003475,5001,3312.062009
5470.276421,1265,3313.169271
19085.953968,5001,3317.275394
19788.681819,5001,3321.397644
20908.743627,5001,3325.702331
20279.729493,5001,3329.818563
20243.0149,5001,3333.908168
20474.742569,5001,3338.232591
19262.174704,5001,3342.354724
3038.758146,1012,3343.248999
20719.985889,5001,3347.356711
21277.60642,5001,3351.664622
18741.28738,5001,3355.769859
18193.54493,5001,3359.879182
22318.114732,5001,3364.218159
20323.911255,5001,3368.319038
16480.430633,5001,3372.415939
3501.963145,1060,3373.358059
21849.014026,5001,3377.659716
21282.887281,5001,3381.768128
22202.582734,5001,3385.863998
21586.658352,5001,3389.947225
3904.453338,987,3391.036903
22022.767628,5001,3395.117877
2548.429706,1025,3396.01637
20035.770953,5001,3400.122164
21317.365808,5001,3404.44213
20698.565631,5001,3408.55597
21623.067366,5001,3412.673798
15572.346912,5001,3416.765762
19745.95523,5001,3421.11031
20589.161465,5001,3425.218387
19573.851327,5001,3429.340409
22260.911009,5001,3433.670293
20551.756562,5001,3437.752669
21038.570404,5001,3441.816764
21740.922948,5001,3446.150539
18736.697649,5001,3450.245796
20744.160785,5001,3454.355903
21266.756934,5001,3458.462272
18797.224657,5001,3462.803903
21711.270931,5001,3466.922567
20795.61439,5001,3471.065856
22200.381792,5001,3475.413187
21901.671906,5001,3479.540344
18518.624315,5001,3483.679895
21482.207704,5001,3488.038484
21476.78109,5001,3492.185404
20914.847233,5001,3496.312926
21524.566545,5001,3500.670299
20248.832778,5001,3504.825603
19429.936539,5001,3508.960934
20422.821891,5001,3513.061201
19007.517215,5001,3517.366692
20938.546366,5001,3521.447917
19391.058737,5001,3525.536474
20363.374564,5001,3529.827205
21085.054914,5001,3533.930594
18566.06273,5001,3538.041322
19874.409043,5001,3542.355472
19227.518605,5001,3546.436822
20464.75589,5001,3550.529815
19616.086867,5001,3554.836642
18950.17183,5001,3558.929716
1813.545444,869,3559.710161
21763.723032,5001,3563.778252
21040.759066,5001,3567.869216
20334.810981,5001,3572.165314
18640.807936,5001,3576.27258
17697.944706,5001,3580.356966
22173.869741,5001,3584.695066
2538.10966,841,3585.46283
21200.896,5001,3589.5617
18703.161851,5001,3593.633736
20992.695207,5001,3597.964128
21239.813063,5001,3602.099388
20875.887977,5001,3606.226003
20930.233066,5001,3610.549837
19986.696006,5001,3614.65668
-702.261006,801,3615.401269
22388.067348,5001,3619.516026
22112.126805,5001,3623.862465
20944.189937,5001,3627.98844
19699.42844,5001,3632.108877
17623.539823,5001,3636.196386
22835.972195,5001,3640.516954
20611.504753,5001,3644.618427
21229.144708,5001,3648.724885
20158.547438,5001,3653.04719
18917.979734,5001,3657.153983
20275.648537,5001,3661.272504
20806.899631,5001,3665.61462
21151.037979,5001,3669.703245
18679.824336,5001,3673.814219
2055.376548,693,3674.464556
20793.263031,5001,3678.816286
19677.165188,5001,3682.906358
20571.135106,5001,3687.0133
20547.316219,5001,3691.12731
16054.252655,4436,3695.000732
21274.113046,5001,3699.119354
19826.576395,5001,3703.232339
18345.188972,5001,3707.562099
19711.010658,5001,3711.68624
21998.842035,5001,3715.783814
19857.394836,5001,3720.110942
21654.401518,5001,3724.245547
21492.001179,5001,3728.371176
20006.946313,5001,3732.500404
20746.37854,5001,3736.816267
21717.398841,5001,3740.912496
21016.262827,5001,3745.021791
21113.451115,5001,3749.381657
22324.404228,5001,3753.514761
19899.952116,5001,3757.639705
21155.775663,5001,3761.999953
19720.260859,5001,3766.101236
21243.856042,5001,3770.21654
22955.283885,5001,3774.537202
21877.735303,5001,3778.6819
23340.919269,5001,3782.800251
22466.702993,5001,3786.904563
5101.328143,1082,3788.071964
21544.257423,5001,3792.20398
20551.604107,5001,3796.32999
21386.885091,5001,3800.44405
21271.098269,5001,3804.792439
20639.464659,5001,3808.93687
20521.503434,5001,3813.053908
21672.725555,5001,3817.375669
19708.540595,5001,3821.487895
19884.911558,5001,3825.616997
22489.418831,5001,3829.953583
21169.990397,5001,3834.088453
20864.730257,5001,3838.254523
15885.355132,4172,3841.676215
22934.472863,5001,3846.006161
20676.226357,5001,3850.154618
23702.171575,5001,3854.269133
20240.150407,5001,3858.626473
22316.157378,5001,3862.750746
22424.853593,5001,3866.897439
21189.698281,5001,3871.227898
21246.17264,5001,3875.349351
4468.225688,1033,3876.268162
22380.790226,5001,3880.402292
23690.380841,5001,3884.730876
2430.497063,964,3885.60008
19414.663698,5001,3889.705055
23832.275679,5001,3893.83759
19356.201313,5001,3898.16886
22556.877006,5001,3902.291367
22855.924727,5001,3906.393301
22857.589813,5001,3910.49601
21076.343367,5001,3914.842975
20158.4179,5001,3918.945726
23229.883151,5001,3923.08268
22528.510811,5001,3927.403413
21392.925498,5001,3931.511699
2746.342966,758,3932.213516
18717.324554,5001,3936.317979
22503.692219,5001,3940.644904
21549.853421,5001,3944.770541
23542.4382,5001,3948.880741
23412.717778,5001,3953.229412
21730.567107,5001,3957.336608
22001.254757,5001,3961.47198
22578.05502,5001,3965.615268
19451.099194,5001,3969.952284
2801.793425,931,3970.787475
21929.079492,5001,3974.9018
22201.441349,5001,3979.045301
21774.914921,5001,3983.363855
20078.769061,5001,3987.456567
21599.764915,5001,3991.589429
22921.433165,5001,3995.927649
21640.899359,5001,4000.043951
2240.339589,838,4000.813245
2232.927848,802,4001.536585
7783.494097,1981,4003.194269
21236.478006,5001,4007.341798
21772.068535,5001,4011.663125
22319.793687,5001,4015.751955
21229.231047,5001,4019.895194
22447.548698,5001,4024.239988
22064.536592,5001,4028.370293
21265.934262,5001,4032.493378
23278.319234,5001,4036.840083
22940.345279,5001,4040.935048
4735.639485,1193,4041.987372
23372.654923,5001,4046.117268
21323.906507,5001,4050.461644
20911.934177,5001,4054.594292
22188.425205,5001,4058.706693
21953.830039,5001,4063.048258
22319.482162,5001,4067.186116
4366.62161,966,4068.066382
19738.751221,5001,4072.185645
22120.168488,5001,4076.519353
22137.852499,5001,4080.639767
22203.477878,5001,4084.748458
22374.325316,5001,4088.880453
21343.680976,5001,4093.214048
21987.778941,5001,4097.305019
22898.550456,5001,4101.39291
23318.041583,5001,4105.700178
22862.705267,5001,4109.816056
21812.169599,5001,4113.951068
22106.082546,5001,4118.322088
23465.730246,5001,4122.440138
22267.218478,5001,4126.559266
23572.346609,5001,4130.697582
22761.812704,5001,4135.002657
22021.243146,5001,4139.115808
21930.850901,5001,4143.229224
20501.78472,5001,4147.527842
22327.236694,5001,4151.6602
22723.652945,5001,4155.752911
3779.548202,1480,4157.042937
20180.877626,5001,4161.407156
22122.963894,5001,4165.535523
22495.026477,5001,4169.680912
21324.292644,5001,4174.045937
22324.783803,5001,4178.175288
20722.778304,5001,4182.27115
23620.775454,5001,4186.621291
22494.471581,5001,4190.691849
22678.108963,5001,4194.814495
23934.003583,5001,4198.932885
21598.879926,5001,4203.267093
21950.571021,5001,4207.352038
22357.4612,5001,4211.479663
23763.408854,5001,4215.783755
24267.899036,5001,4219.909737
22723.842764,5001,4224.021249
21663.105737,5001,4228.368211
21375.740601,5001,4232.472627
2573.36122,868,4233.253105
1050.570055,918,4234.097136
21796.780012,5001,4238.223609
21962.585312,5001,4242.577047
21240.439302,5001,4246.71258
22955.380915,5001,4250.798348
23321.825127,5001,4255.129618
22420.836806,5001,4259.280743
22916.176101,5001,4263.388835
22257.102395,5001,4267.485489
20619.520166,5001,4271.762251
22788.185263,5001,4275.881319
6152.820884,2538,4277.974407
19997.757504,4648,4281.771492
2170.47526,1484,4283.309674
22715.505107,5001,4287.406049
21408.593064,5001,4291.481328
23385.33743,5001,4295.589401
24041.75256,5001,4299.889372
22134.635215,5001,4303.977443
23756.936441,5001,4308.071926
23832.096194,5001,4312.44994
21376.020945,5001,4316.60113
23894.452883,5001,4320.6902
3860.571948,954,4321.544587
23662.874473,5001,4325.861247
2887.283632,786,4326.584416
23282.52634,5001,4330.669468
2266.102244,821,4331.420105
3570.903604,1460,4332.685529
19676.794005,5001,4336.764292
22765.256014,5001,4341.093095
21657.28218,5001,4345.199178
22887.270088,5001,4349.304357
2957.959909,894,4350.115956
2866.720932,886,4351.139894
23601.950536,5001,4355.235419
22990.238779,5001,4359.363662
-772.180227,911,4360.214314
23033.662615,5001,4364.338337
23007.429632,5001,4368.670187
22025.550999,5001,4372.762838
21825.145782,5001,4376.862842
22969.205598,5001,4381.22742
2985.664084,1627,4382.631441
22710.318459,5001,4386.757633
23232.113687,5001,4390.863142
24112.284598,5001,4395.204604
6205.379997,1830,4396.738533
21111.937234,5001,4400.822133
23725.565489,5001,4404.919439
22181.094794,5001,4409.269308
22169.940905,5001,4413.375596
22089.422987,5001,4417.461452
23420.084462,5001,4421.80722
23253.057003,5001,4425.930917
24257.699382,5001,4430.041769
22151.869968,5001,4434.413826
21995.401802,5001,4438.529996
23599.819824,5001,4442.617052
23868.834311,5001,4446.733922
23372.207947,5001,4451.057613
23915.967719,5001,4455.174132
23761.15888,5001,4459.259124
23536.726579,5001,4463.581941
21110.915031,5001,4467.713695
23477.652898,5001,4471.830137
21291.937487,5001,4476.184267
20391.519707,5001,4480.278098
21847.14011,5001,4484.407622
22899.834045,5001,4488.736399
23048.876624,5001,4492.859075
24598.860439,5001,4496.960805
23293.987788,5001,4501.078545
22709.990784,5001,4505.431909
24142.845517,5001,4509.54344
22296.345591,5001,4513.636276
22391.019804,5001,4517.95161
3628.902348,953,4518.816699
23303.733456,5001,4522.939294
4578.294694,1191,4523.973984
22351.750214,5001,4528.121592
21350.949533,5001,4532.471653
19926.961963,5001,4536.587202
21817.702259,5001,4540.723851
23156.540941,5001,4545.059153
2588.411164,822,4545.812805
24491.315075,5001,4549.906498
2682.293957,1039,4550.831967
23257.954063,5001,4554.943723
22747.83992,5001,4559.296259
23062.26837,5001,4563.40211
22301.004362,5001,4567.520782
22195.911684,5001,4571.864647
23242.929623,5001,4575.950769
23422.723606,5001,4580.044886
24244.62596,5001,4584.401279
22134.817139,5001,4588.540581
23414.128794,5001,4592.704516
22294.525934,5001,4596.872837
22291.400227,5001,4601.243902
19873.213496,5001,4605.355761
21652.614094,5001,4609.453494
22625.674589,5001,4613.790489
22414.909831,5001,4617.932349
21680.10799,5001,4622.060338
22261.087113,5001,4626.419446
5479.664842,1455,4627.690707
8458.022488,2515,4629.804416
15149.883298,4226,4633.30252
23648.890121,5001,4637.416496
22395.66984,5001,4641.735214
24003.716912,5001,4645.854653
20074.522166,5001,4649.974051
2525.451976,1277,4651.102221
23572.81023,5001,4655.461738
22840.67044,5001,4659.55272
23674.314264,5001,4663.623266
19752.725421,5001,4667.941701
21747.999403,5001,4672.086744
21465.158238,5001,4676.195572
22052.138793,5001,4680.303161
23537.010011,5001,4684.631971
23082.607347,5001,4688.745217
24351.912208,5001,4692.869436
2812.420141,889,4693.678484
-156.55741,988,4694.803917
21543.042777,5001,4698.913758
6562.064746,2321,4700.886807
7432.583615,2129,4702.684896
22978.705482,5001,4706.792546
23435.48247,5001,4711.116632
2714.206723,874,4711.921595
24818.815514,5001,4716.019086
23059.738808,5001,4720.119059
21026.858461,5001,4724.440867
22538.988424,5001,4728.59432
11450.633513,3017,4731.103171
18750.091503,4469,4734.783688
23340.304888,5001,4739.105481
10568.624993,2892,4741.507005
22056.179435,5001,4745.605775
24465.326157,5001,4749.933192
22360.937862,5001,4754.044833
22922.224719,5001,4758.132376
22584.626207,5001,4762.233588
3360.6406,1360,4763.642846
23278.284334,5001,4767.768789
23922.160874,5001,4771.907478
1844.104653,883,4772.701408
23185.781308,5001,4777.061164
24427.104394,5001,4781.189281
23557.547952,5001,4785.295752
23932.892796,5001,4789.395414
12647.513667,2940,4792.044872
23327.094402,5001,4796.169712
21736.165891,5001,4800.295337
21883.085111,5001,4804.612729
2613.353117,857,4805.397649
22127.194881,5001,4809.506011
23122.164297,5001,4813.620691
23521.085758,5001,4817.751159
23983.782358,5001,4822.087816
3023.942198,991,4822.980886
23857.790775,5001,4827.092883
23385.407465,5001,4831.210127
24143.259921,5001,4835.541176
2454.353823,866,4836.330965
24058.257603,5001,4840.448051
2408.990895,969,4841.327008
23162.118406,5001,4845.449486
2956.63738,923,4846.501446
22098.970983,5001,4850.63299
23127.527078,5001,4854.762847
2698.21536,905,4855.578261
22643.588204,5001,4859.946469
6517.691948,1883,4861.533916
24277.997071,5001,4865.638288
23114.513055,5001,4869.765275
22969.117646,5001,4874.067518
22570.538236,5001,4878.1752
24130.225156,5001,4882.283783
3611.879527,1086,4883.243737
8745.063997,2640,4885.437541
23553.72134,5001,4889.749807
22496.138597,5001,4893.864731
2660.397374,938,4894.705582
22917.877671,5001,4898.82105
3667.087,1039,4899.75176
24043.745163,5001,4904.071608
20089.003784,5001,4908.182729
1147.916796,1656,4909.631007
17698.24877,3824,4912.800356
22447.527532,5001,4917.118487
20790.465649,5001,4921.228252
23940.560865,5001,4925.347138
22931.195108,5001,4929.65382
3824.883419,1062,4930.598812
24075.797656,5001,4934.701242
3015.222633,1243,4935.791981
23410.40573,5001,4939.913897
23844.469166,5001,4944.233474
3307.979699,936,4945.077184
23672.104311,5001,4949.187216
22760.168937,5001,4953.315581
23642.196068,5001,4957.649248
2744.060548,940,4958.493964
22857.389945,5001,4962.598722
24260.14541,5001,4966.701071
4977.060058,1414,4967.914402
2575.155901,1341,4969.09105
2670.265708,900,4970.132812
22648.211179,5001,4974.249871
23982.858637,5001,4978.351735
23448.151586,5001,4982.45994
21997.117037,5001,4986.790922
1710.605501,1073,4987.743601
23305.408023,5001,4991.872528
22904.953304,5001,4996.015811
22952.738964,5001,5000.35529
22897.390427,5001,5004.476471
23106.417014,5001,5008.571719
23592.102952,5001,5012.922347
23014.229021,5001,5017.088641
23255.962873,5001,5021.243266
23051.686646,5001,5025.606929
21992.147388,5001,5029.775147
23569.997264,5001,5033.936244
22930.104677,5001,5038.072223
22210.720357,5001,5042.426608
23092.333727,5001,5046.576852
21931.284907,5001,5050.685035
22770.384711,5001,5055.053782
21126.969619,5001,5059.223376
22399.62011,5001,5063.324165
2076.875217,848,5064.112709
22740.337891,5001,5068.485335
22749.239186,5001,5072.671069
23444.11068,5001,5076.833488
22284.223895,5001,5081.168556
23337.469192,5001,5085.262472
22308.527358,5001,5089.382894
22594.215322,5001,5093.518847
22355.873407,5001,5097.854236
21725.05999,5001,5101.969351
23857.560383,5001,5106.085826
24189.827066,5001,5110.439158
5820.776174,1654,5111.860728
22826.38302,5001,5115.977746
22010.495159,5001,5120.106071
23505.292661,5001,5124.519633
22981.936488,5001,5128.664156
6569.245952,1990,5130.361475
23221.193987,5001,5134.499148
4269.191466,1193,5135.78818
22925.347383,5001,5139.938385
23099.988765,5001,5144.079608
1616.379175,719,5144.748039
23200.668765,5001,5148.880815
21901.120186,5001,5153.247297
22735.901102,5001,5157.376923
22666.595711,5001,5161.511064
22856.590697,5001,5165.913689
23210.783777,5001,5170.091145
23221.119503,5001,5174.225926
21919.309654,5001,5178.592041
23653.265473,5001,5182.727107
24064.856424,5001,5186.848312
23340.547352,5001,5191.17095
23233.263591,5001,5195.25372
22670.12208,5001,5199.340909
8804.029993,2080,5201.077007
22204.465057,5001,5205.388516
23321.143133,5001,5209.471786
21833.903324,5001,5213.51938
23621.169742,5001,5217.5891
23063.959618,5001,5221.906002
3225.590092,1176,5222.925345
21870.487255,5001,5227.022743
24066.748336,5001,5231.103912
23266.208301,5001,5235.430465
23816.828235,5001,5239.508746
21509.865336,5001,5243.607849
22720.691384,5001,5247.925762
4590.682146,1215,5248.984858
20943.589755,5001,5253.072097
23966.01564,5001,5257.154807
24001.244757,5001,5261.481354
20843.389376,5001,5265.564496
24555.704466,5001,5269.644751
24254.190467,5001,5273.977655
22397.641766,5001,5278.075146
23097.802313,5001,5282.171607
24667.198305,5001,5286.494634
22219.771416,5001,5290.56748
22654.047721,5001,5294.657312
22361.152471,5001,5298.780483
23513.883262,5001,5303.106525
23323.891233,5001,5307.208217
22585.107492,5001,5311.317173
21187.617213,5001,5315.591303
22124.100133,5001,5319.673306
22157.277484,5001,5323.757261
22538.914767,5001,5328.058213
23896.416049,5001,5332.144902
3733.962273,995,5333.021766
23002.588266,5001,5337.106899
4158.886502,1134,5338.110445
22241.638918,5001,5342.433451
23298.859318,5001,5346.506239
22686.674021,5001,5350.566784
23086.489112,5001,5354.863244
4455.008584,1288,5355.978679
22346.786182,5001,5360.07758
21007.67785,5001,5364.134825
23297.510964,5001,5368.412004
23596.573223,5001,5372.514208
23137.544568,5001,5376.619877
23717.024009,5001,5380.686849
23392.37435,5001,5384.977169
23976.264753,5001,5389.070928
23246.597343,5001,5393.124761
22993.192058,5001,5397.43925
23599.382646,5001,5401.547482
22455.306197,5001,5405.634791
3311.336698,954,5406.512332
24083.695162,5001,5410.815663
22882.138357,5001,5414.857809
21999.842143,5001,5418.944631
21190.730027,5001,5423.244764
22290.395397,5001,5427.324397
24263.735245,5001,5431.429819
4412.097817,1208,5432.500685
24977.811848,5001,5436.80772
23791.483306,5001,5440.898015
22987.95,5001,5445.002426
22908.697961,5001,5449.1036
3836.792845,1314,5450.472064
23355.99015,5001,5454.574238
24245.846014,5001,5458.652573
23342.036417,5001,5462.730905
3396.2494,1057,5463.87953
10425.066388,2133,5465.640037
23235.630516,5001,5469.707935
24421.444686,5001,5473.803257
24527.292748,5001,5478.113998
24789.907231,5001,5482.206777
10224.089572,2316,5484.130656
22392.597312,5001,5488.203108
22024.585208,5001,5492.489382
23946.878484,5001,5496.586151
23392.545219,5001,5500.661608
22387.306064,5001,5504.961659
14555.886687,2977,5507.403774
21959.274725,5001,5511.497738
21776.79314,5001,5515.59304
24436.455267,5001,5519.907047
23856.046225,5001,5523.982652
21937.595418,5001,5528.057921
22993.74613,5001,5532.358921
23319.037932,5001,5536.464862
23684.940836,5001,5540.534773
4772.654662,1254,5541.639467
24390.23685,5001,5545.956561
22908.7272,5001,5550.055957
21618.763072,5001,5554.133281
23529.372625,5001,5558.233809
22135.746702,5001,5562.543259
23723.276447,5001,5566.644328
23351.846106,5001,5570.73185
21889.824618,5001,5575.057254
14356.325844,3060,5577.565656
23670.696029,5001,5581.64969
24681.716819,5001,5585.729336
22532.250426,5001,5590.008992
22535.350405,5001,5594.097309
22431.831011,5001,5598.174837
4141.517985,1142,5599.184487
22359.73224,5001,5603.488258
22239.067116,5001,5607.592417
21534.297643,5001,5611.682673
24058.894601,5001,5615.98351
23111.621552,5001,5620.08062
14723.458592,3226,5622.729708
22922.427898,5001,5626.857421
23097.449856,5001,5631.175968
23464.219896,5001,5635.259092
21555.837514,5001,5639.32052
23312.851731,5001,5643.661526
22530.06924,5001,5647.7572
24318.331806,5001,5651.858225
21593.143819,5001,5656.159132
22821.320822,5001,5660.261006
21260.850598,5001,5664.368016
21293.797652,5001,5668.683316
23542.293775,5001,5672.774747
22534.435909,5001,5676.868805
22863.392056,5001,5680.970448
22178.690879,5001,5685.282846
22445.882866,5001,5689.364137
23695.029215,5001,5693.436356
23125.586621,5001,5697.740146
23045.738845,5001,5701.844711
13640.820154,3029,5704.363685
21702.222168,5001,5708.456571
22627.535563,5001,5712.758869
20868.300169,5001,5716.830844
13899.053963,3499,5719.704247
23782.457417,5001,5724.021177
22723.170965,5001,5728.091992
3693.241701,1451,5729.337608
21308.382964,5001,5733.432259
9049.468789,1959,5735.072628
21324.484561,5001,5739.389775
23142.665693,5001,5743.474216
4226.265601,1340,5744.637612
1612.946014,641,5745.248853
24282.89656,5001,5749.334007
21796.818925,5001,5753.648795
23037.1135,5001,5757.704585
21929.847522,5001,5761.742969
22640.676338,5001,5766.026006
21955.955728,5001,5770.110106
21546.128949,5001,5774.190951
22573.124775,5001,5778.461928
20696.830393,5001,5782.514782
22531.083765,5001,5786.580096
22816.382252,5001,5790.861533
4644.811846,1190,5791.913937
13406.76044,3341,5794.651117
22800.890431,5001,5798.738603
21732.484134,5001,5802.821515
21346.719952,5001,5807.121288
21987.857517,5001,5811.181258
2394.917501,894,5812.00526
18748.682465,4406,5815.556777
24151.29299,5001,5819.840929
21764.185292,5001,5823.864629
22757.178684,5001,5827.928154
22632.449703,5001,5832.219599
20550.718724,5001,5836.313059
5492.234121,1390,5837.495464
16023.517705,3461,5840.293147
21478.68699,5001,5844.345321
4551.900327,1205,5845.602666
3826.976454,1005,5846.502487
19809.409135,5001,5850.550387
3998.224099,961,5851.398783
10726.988066,2273,5853.281777
23176.277875,5001,5857.351087
8642.587841,1832,5859.114321
22629.095092,5001,5863.197407
3393.210576,900,5863.998612
4308.666676,1064,5864.940356
3272.906108,895,5865.743048
7470.86606,1612,5867.123886
21679.52624,5001,5871.211501
15486.613463,3432,5874.243174
21496.804152,5001,5878.308839
20235.395269,5001,5882.379931
21889.63004,5001,5886.699351
4352.192091,1106,5887.684998
21550.761325,5001,5891.760095
21279.118103,5001,5895.819548
16640.59687,3391,5898.615582
9157.515896,2360,5900.792417
20826.631733,5001,5904.857375
21775.953138,5001,5908.937987
23687.839855,5001,5912.98091
21194.702276,5001,5917.252562
23149.660021,5001,5921.320775
22071.782275,5001,5925.386634
1290.037309,827,5926.156204
20599.670866,5001,5930.442024
1316.439394,668,5931.073741
3582.606536,958,5931.946036
22439.359459,5001,5936.038504
12275.965139,3859,5939.218935
7542.457929,1830,5940.783983
20719.254909,5001,5945.079325
22830.911529,5001,5949.139102
16414.701334,3594,5952.091216
19989.74539,4420,5955.926079
24695.486135,5001,5960.008017
18294.223221,3936,5963.241289
21637.599416,5001,5967.313358
10074.682899,2075,5969.252348
22534.267816,5001,5973.311718
19489.813869,5001,5977.382221
4929.264784,1217,5978.451228
15817.304201,3388,5981.215717
11406.574679,2567,5983.569731
8046.163792,1936,5985.217648
13786.801004,3162,5987.80591
19844.762834,4672,5991.594044
15896.855606,3558,5994.524989
3852.947091,1033,5995.440562
21555.284791,5001,5999.730887
6061.9878,1404,6000.959043
23324.382453,5001,6005.036295
23015.953913,5001,6009.091534
12574.404561,3598,6012.278381
20215.78783,5001,6016.31261
3963.548419,1140,6017.302914
22812.485979,5001,6021.351525
21760.802983,5001,6025.601434
9013.114413,2478,6027.649959
3268.661523,995,6028.539305
3546.647081,969,6029.403801
6769.589781,1776,6030.902354
21091.064034,5001,6034.949792
12489.54829,3022,6037.652578
3495.849126,1061,6038.593608
8317.937688,1932,6040.214727
7873.602568,1981,6041.899901
22426.121685,5001,6045.984554
21021.94065,5001,6050.050919
4838.343244,1322,6051.417883
21705.336729,5001,6055.479843
20119.31546,5001,6059.532688
21933.07288,5001,6063.575092
22655.95596,5001,6067.836088
16812.436094,4631,6071.554569
23675.643516,5001,6075.613792
5181.270641,1200,6076.650159
23075.268881,5001,6080.93316
23872.900347,5001,6084.95787
6712.2012,1648,6086.355292
19314.86902,5001,6090.414954
11324.775596,2474,6092.68701
5507.319971,1265,6093.796187
20912.174686,5001,6097.864623
8873.770447,2217,6099.71972
22615.017145,5001,6103.806934
20712.159959,4540,6107.720782
10247.509772,2443,6109.749737
22387.07817,5001,6113.808338
5321.744214,1214,6114.857351
6028.023418,1387,6116.073252
5294.498539,1286,6117.217518
22740.685749,5001,6121.485024
21974.681813,5001,6125.499522
13464.282866,3261,6128.156847
24364.044302,5001,6132.427366
16850.774488,3746,6135.493393
23556.494095,5001,6139.574591
22159.957676,5001,6143.623914
23156.818555,5001,6147.881071
20484.203671,5001,6151.917413
5529.143329,1236,6152.990326
21241.248271,5001,6157.068501
22675.848997,5001,6161.337713
1803.96957,793,6162.072522
12857.644641,2611,6164.230271
4937.524688,1155,6165.230984
12627.464324,3048,6167.715164
22524.670455,5001,6171.766958
4566.23483,1168,6172.798742
14564.623441,3520,6175.882499
21802.423348,5001,6179.952392
8695.624604,1863,6181.517904
4861.532043,1435,6182.768806
13286.189491,2991,6185.219666
5511.146428,1325,6186.371326
23039.532803,5001,6190.673164
24957.330639,5001,6194.746681
21676.258105,5001,6198.812875
23576.94223,5001,6203.122948
3396.890359,961,6203.984882
4157.504132,1146,6205.002803
710.50877,515,6205.518966
22880.758091,5001,6209.614263
22636.069558,5001,6213.679676
1977.53892,806,6214.641687
21023.652558,5001,6218.712743
132.713185,524,6219.230305
19342.809643,5001,6223.301285
23234.756511,5001,6227.392922
1120.356564,738,6228.306128
13532.202112,3160,6230.913592
3066.207406,880,6231.711932
21069.843592,5001,6235.802892
986.188255,635,6236.397863
10162.551633,2812,6238.729496
21293.002751,5001,6243.031396
8322.931697,2032,6244.746172
6202.925965,1959,6246.404286
17461.763828,4096,6249.743718
1401.807508,650,6250.365536
20322.731501,5001,6254.426369
7002.635946,1680,6256.068874
9704.081611,2032,6257.781346
18996.891735,5001,6261.839129
4482.906457,1058,6262.771791
19402.344909,5001,6266.835934
19631.28192,5001,6271.124945
2364.729614,742,6271.814636
6890.907061,1680,6273.253695
11697.460593,2665,6275.46401
942.897983,637,6276.068513
21885.36202,5001,6280.154077
4778.56313,1227,6281.232509
3888.82884,1095,6282.219042
20898.478837,5001,6286.510474
4258.537494,1010,6287.403307
21633.178223,5001,6291.47888
3715.032687,977,6292.346951
7453.058382,1829,6293.894342
19446.969967,5001,6298.232704
8238.295975,1985,6299.909177
11496.568764,2605,6302.087047
22495.316355,5001,6306.170271
4281.066919,1101,6307.148527
5094.352934,1288,6308.270621
4254.003947,1043,6309.194868
7593.953173,1990,6310.865506
20779.714972,5001,6315.147627
1247.766065,726,6315.837795
20988.318785,4991,6319.866994
10249.222141,2504,6321.94094
9518.629985,2457,6323.979087
20334.702992,5001,6328.26895
2011.355803,1109,6329.252143
327.482399,514,6329.756492
20119.651913,4356,6333.31138
1117.495024,624,6333.899658
4001.897271,1238,6334.988601
549.315527,507,6335.494494
6162.317126,1421,6336.729133
21732.692856,5001,6341.026191
4518.109539,1195,6342.069066
1036.866436,1054,6343.008874
21190.336036,5001,6347.084297
12503.782991,2754,6349.320797
5433.224791,1346,6350.468448
21837.383969,5001,6354.742312
1411.903907,612,6355.325273
21405.189438,5001,6359.362967
21380.600732,5001,6363.381454
22162.415067,5001,6367.647967
21607.601823,5001,6371.727316
20297.05361,5001,6375.806881
18998.111404,4476,6379.469411
22209.97016,5001,6383.772069
11880.60626,2644,6385.979766
15897.2155,3582,6388.939184
20916.063019,5001,6393.024481
5480.120578,1316,6394.387326
20642.72922,5001,6398.460963
3987.991066,1029,6399.403307
21557.642574,5001,6403.482886
21919.486737,5001,6407.770556
19612.18661,5001,6411.870683
2589.457458,887,6412.6911
1150.971389,752,6413.393467
22468.302123,5001,6417.492904
9908.992646,2455,6419.538994
1413.502305,666,6420.167212
20427.385916,5001,6424.486998
3378.028753,1128,6425.489738
4323.13623,1057,6426.43221
8710.940412,1905,6428.04822
20664.504914,5001,6432.156241
5478.908699,1445,6433.40552
12503.014263,3390,6436.416029
20868.005752,5001,6440.521033
4306.517956,1199,6441.602474
7538.250306,1660,6443.025313
9995.824075,2378,6445.008621
9889.383897,2838,6447.356824
22579.748829,5001,6451.647566
19102.493077,5001,6455.755759
20827.093624,5001,6459.863506
21204.423564,5001,6464.150871
3936.554804,1018,6465.057135
19384.222921,5001,6469.143328
21116.743706,5001,6473.2869
7715.990298,1846,6474.859979
8173.050428,1847,6476.665555
21108.666368,5001,6480.754914
10851.00773,2720,6483.005899
5187.115429,1309,6484.147575
14179.826649,3068,6486.702888
14506.585885,4446,6490.567019
21805.412711,5001,6494.646001
3813.762277,1089,6495.625483
20101.013149,5001,6499.72513
3317.174082,1054,6500.653912
1340.106309,686,6501.291781
20979.200746,5001,6505.580699
21829.537571,5001,6509.650056
20465.14272,5001,6513.732641
7092.520975,1821,6515.281929
1251.974077,689,6515.929432
13903.911592,3570,6519.101758
3682.021062,1040,6520.041105
12830.876149,3217,6522.711638
17120.261973,4354,6526.251633
18613.86349,5001,6530.309449
12494.572351,3016,6533.031022
3283.340348,1003,6533.937289
10007.228704,2523,6536.032872
18973.983668,5001,6540.11515
22521.574357,5001,6544.183378
5390.961817,1354,6545.569229
1228.110134,627,6546.161294
19629.182503,5001,6550.224798
20791.358604,5001,6554.316816
19290.435818,5001,6558.372251
2222.127249,834,6559.353725
8861.689301,2038,6561.058231
8375.054226,1970,6562.743969
2937.341191,959,6563.594213
7474.382689,2075,6565.355926
3320.393551,914,6566.185059
11961.097343,2746,6568.458638
19992.111697,5001,6572.540815
15110.113295,3520,6575.644454
6067.671268,1418,6576.860497
6841.305265,1616,6578.227358
10368.785888,2670,6580.454469
2955.184896,980,6581.342177
22540.479583,5001,6585.418557
18519.998165,5001,6589.703905
19319.83914,5001,6593.769892
22711.380872,5001,6597.839965
8561.041828,1873,6599.418895
4375.208048,1204,6600.692439
4170.130524,1098,6601.655695
3565.307595,1059,6602.610801
22419.65578,5001,6606.679585
1186.857646,899,6607.499067
3757.805788,1064,6608.442071
20146.502137,5001,6612.518846
21068.780209,5001,6616.813589
21742.16587,5001,6620.901613
6737.953136,1723,6622.366241
11034.134011,2673,6624.593076
21201.039528,5001,6628.899862
19351.717375,5001,6632.959795
1331.079643,999,6633.854474
20473.947701,5001,6637.927441
21140.221271,5001,6642.247101
1912.357751,961,6643.119374
16252.55987,3832,6646.266004
6843.627531,1630,6647.674939
21090.659078,5001,6651.796741
22957.677821,5001,6656.148283
23581.21379,5001,6660.239086
17242.096909,4253,6663.744515
8794.240964,2646,6665.966938
13049.612621,2896,6668.402099
21639.13217,5001,6672.697848
9734.518575,2059,6674.444389
20884.450369,5001,6678.521596
16128.731736,3601,6681.477845
1916.060682,673,6682.109788
20172.50073,5001,6686.424132
12346.680341,2798,6688.769906
2322.976094,816,6689.525021
21679.318505,5001,6693.634892
9455.519291,2474,6695.688605
12508.674635,3427,6698.741454
2365.93297,786,6699.458788
10685.178203,2359,6701.421285
2190.108497,741,6702.108507
20786.850891,5001,6706.197198
6340.866874,1517,6707.502865
5428.973819,1464,6708.767151
17775.914796,5001,6713.077658
20262.270732,5001,6717.178372
3160.359311,1204,6718.236254
17520.562456,5001,6722.30828
18575.561034,4487,6726.20919
5000.226305,1345,6727.391592
10989.809428,2694,6729.644012
22469.642279,5001,6733.734396
4533.101329,1124,6734.746262
12062.898043,2704,6737.015583
20603.303111,5001,6741.373823
23018.036107,5001,6745.51378
4025.041418,1084,6746.475909
5405.047018,1547,6747.833272
7004.167575,1999,6749.538872
19623.840625,4590,6753.525877
3179.581642,863,6754.311303
12964.130828,3192,6756.941509
21492.396765,5001,6761.021048
2126.124894,724,6761.705427
16401.253543,4536,6765.417658
2435.033981,1263,6766.742163
21467.405502,5001,6770.832098
11462.649115,2714,6773.086909
967.286016,614,6773.678036
11823.492834,3013,6776.181794
3430.482505,886,6776.987978
20676.414232,5001,6781.290845
257.293403,521,6781.800483
12167.627779,2820,6784.151455
4050.114049,1099,6785.117349
16873.144974,4106,6788.484722
7225.958846,1649,6789.883795
8743.254445,2436,6791.913086
2973.807141,928,6792.755263
21081.691941,5001,6797.077644
19288.540516,5001,6801.16327
7000.364947,1633,6802.573538
6872.826485,1647,6803.975003
19421.571164,5001,6808.263232
10584.912109,2386,6810.26631
20706.331316,5001,6814.355671
3552.151181,906,6815.180448
18859.227592,5001,6819.248731
8368.144099,2001,6820.922417
365.807877,532,6821.439528
846.961232,595,6822.226207
20630.068482,5001,6826.32186
1717.883769,1001,6827.221291
2280.693185,777,6827.948144
7631.078564,2323,6829.896682
6601.959185,2194,6831.744359
21253.78175,5001,6836.095232
2411.840465,800,6836.845044
5901.923704,1339,6838.007264
4406.830215,1043,6838.936244
3540.944175,902,6839.75055
596.40587,565,6840.300055
20846.689733,5001,6844.364004
17785.74932,5001,6848.427938
4585.634989,1216,6849.489417
5710.451691,1883,6851.309931
5840.266515,1749,6852.818871
10161.18902,2412,6854.863411
3716.870526,968,6855.734036
792.774209,535,6856.268635
6176.432674,1826,6857.850155
10528.809777,2459,6859.927252
11348.943223,2748,6862.255167
3495.18537,937,6863.092809
17868.523646,5001,6867.416499
4612.374713,1203,6868.45971
6979.524972,2042,6870.184057
19852.850307,5001,6874.276629
10416.073532,2831,6876.633425
8734.585941,2615,6879.069921
20523.360831,5001,6883.200849
19621.17113,5001,6887.325941
1944.838327,709,6887.992714
19051.022,4322,6891.550835
8180.101219,2030,6893.500774
3481.825781,990,6894.40768
4017.981336,1131,6895.409063
18081.63057,4366,6898.985861
18334.698817,5001,6903.089656
13109.934435,3042,6905.636036
2116.141192,862,6906.649818
3783.71546,1135,6907.654314
19411.384201,4930,6911.73362
16777.571393,4622,6915.530152
3484.057667,938,6916.379552
11077.409541,2761,6918.697806
21598.947384,5001,6923.054323
7602.25016,2389,6925.060616
3115.13115,1004,6925.960482
756.403243,720,6926.629841
7039.938658,1957,6928.294203
12724.434127,3252,6931.011415
5426.146769,1412,6932.245071
6383.266493,1626,6933.650068
9376.229448,2660,6936.10599
3200.416566,1025,6937.041899
3677.262313,1529,6938.370397
19031.922611,5001,6942.450694
20929.393436,5001,6946.560479
2093.839676,754,6947.27098
19997.331462,5001,6951.589441
3370.635336,990,6952.485341
6503.991231,1665,6953.918487
6839.265252,2217,6955.784869
6757.403578,1718,6957.247762
4020.807626,2176,6959.089077
11249.801415,2571,6961.241019
9657.731612,2628,6963.68261
21621.019932,5001,6967.779017
17514.261351,5001,6971.858756
5708.527765,1752,6973.358944
5397.88499,1312,6974.51177
9640.937502,2522,6976.863662
12637.962203,2906,6979.282508
5295.405772,1385,6980.501066
4097.924425,1192,6981.556992
21818.912753,5001,6985.655812
19367.395241,5001,6990.0029
6885.83161,2020,6991.711345
4626.522269,1249,6992.824769
10515.397026,2304,6994.775601
19774.879033,5001,6998.869734
12822.140846,3765,7001.987579
7366.796609,1937,7003.839777
3470.837255,1145,7004.861739
617.797846,642,7005.475336
750.510395,564,7006.022206
20278.855702,5001,7010.135672
17904.226852,5001,7014.255636
13278.540628,3426,7017.118229
777.532949,730,7018.032596
1001.314649,609,7018.624036
5906.242769,1952,7020.286371
13328.932967,3054,7022.837693
11602.297224,3437,7025.702949
16072.770041,3736,7028.767149
1666.001823,721,7029.448598
4829.936165,1288,7030.587808
-26.484131,781,7031.309271
4517.350497,1266,7032.63423
10196.526505,2792,7034.960509
13017.14573,3273,7037.678245
5935.426371,1806,7039.21443
9316.895155,2498,7041.308648
2875.563597,893,7042.127246
22067.45235,5001,7046.460181
7756.589755,1787,7047.993029
2891.692522,896,7048.825038
2910.958803,944,7049.682703
21269.792946,5001,7053.800391
20803.765466,5001,7057.904705
16762.630638,4322,7061.690087
21154.481857,5001,7065.769548
23048.808522,5001,7069.875661
9537.917037,2730,7072.164402
653.993752,861,7072.960397
21926.616074,5001,7077.297429
7273.377688,1774,7078.812179
2064.648797,905,7079.651843
21771.477407,5001,7083.755587
2317.992217,853,7084.544913
5916.069542,1922,7086.177784
741.588618,601,7086.761266
21992.173948,5001,7091.066169
15293.556475,4295,7094.574757
3386.002619,1018,7095.498062
12711.25498,2977,7097.989839
21744.604318,5001,7102.350347
9507.65208,2336,7104.354094
20188.638357,5001,7108.497653
3688.860608,1133,7109.515261
20936.315407,5001,7113.607038
10176.224227,2314,7115.77376
22422.286815,5001,7119.896234
2719.846151,1001,7120.809398
21018.080006,5001,7124.920645
9858.298042,2859,7127.32092
6637.011768,2022,7129.020306
5762.329067,1551,7130.592248
22091.829147,5001,7134.672279
4026.806109,1177,7135.720567
448.478855,546,7136.251148
3622.061757,1037,7137.183186
2159.654095,767,7137.899519
1205.017479,678,7138.541521
3644.144809,967,7139.420145
18619.080382,4833,7143.384117
1935.279359,706,7144.282174
20046.298021,5001,7148.390822
3383.552492,1029,7149.302861
3358.355216,1196,7150.358339
21504.515911,5001,7154.458037
622.662973,584,7155.029387
2866.262493,884,7155.841041
6564.558545,1832,7157.398853
10358.593459,2910,7160.070036
3484.243349,896,7160.890702
20581.699779,5001,7164.990257
1133.570761,579,7165.548662
19988.396829,5001,7169.627072
21164.465522,5001,7174.01713
7269.497863,2513,7176.126662
10645.758818,2546,7178.261198
408.272291,482,7178.750817
4480.731452,1344,7179.931047
6452.185316,1678,7181.364796
11437.560099,2810,7183.707098
657.38329,688,7184.364591
20703.50027,5001,7188.693063
22252.215635,5001,7192.792271
20618.568139,5001,7196.892934
21054.794994,5001,7201.216092
776.00405,703,7201.882138
7421.156642,2047,7203.616877
20872.052692,5001,7207.699452
5553.681178,1801,7209.226205
757.526578,727,7209.914082
15425.798093,4445,7213.794659
10868.583987,2694,7216.05076
10569.90131,2638,7218.273879
3921.563443,1030,7219.198472
20528.884827,5001,7223.306027
20831.879299,5001,7227.592948
21109.198294,5001,7231.661974
22747.181084,5001,7235.777403
21581.117779,5001,7239.865057
21571.291734,5001,7244.176023
21386.138677,5001,7248.290383
9769.691335,2791,7250.614992
11179.406965,3007,7253.110237
1638.400272,858,7253.898095
4780.454613,1267,7255.233018
3332.504821,890,7256.041329
9719.748904,2523,7258.151644
4796.519533,1411,7259.37278
4206.777239,1112,7260.372061
3357.660262,901,7261.184782
20324.076643,5001,7265.270396
1665.839736,722,7265.947322
5220.906137,1316,7267.088383
10819.323162,2739,7269.585315
23044.246401,5001,7273.652072
22019.356328,5001,7277.722104
14426.517696,3363,7280.487012
10732.641419,2649,7282.914026
19925.927446,5001,7286.991157
5717.765491,1686,7288.432116
9924.742587,2548,7290.57639
20019.346209,5001,7294.681785
20361.329448,5001,7298.928964
21934.727075,5001,7302.994584
969.654645,723,7303.669768
1843.475639,777,7304.396054
3693.046039,1118,7305.388404
2949.400752,902,7306.199878
21859.435606,5001,7310.509619
5632.171517,1615,7311.908264
2018.635991,739,7312.606904
1944.558893,763,7313.316241
20427.645594,5001,7317.411745
20421.204388,5001,7321.504438
19994.848541,5001,7325.806679
3158.61116,1205,7326.874784
510.826078,1046,7327.814731
20600.158796,5001,7331.920202
7424.656725,2219,7333.77471
6871.354963,1685,7335.233488
20978.017361,5001,7339.564889
8754.228079,2670,7341.814341
3900.992432,1052,7342.760275
1371.710189,619,7343.362155
3448.576006,1022,7344.299229
19674.756198,5001,7348.392825
3074.032159,908,7349.209457
7575.014346,2060,7350.95132
14780.342728,3353,7353.941123
22167.379086,5001,7358.027925
2671.320636,1386,7359.226104
22285.829118,5001,7363.302194
7949.230198,1993,7364.978234
3353.957377,979,7366.115006
12132.023065,2878,7368.504883
2224.447899,787,7369.246341
4342.616595,1069,7370.206895
4001.339313,1080,7371.169746
20967.770299,5001,7375.252722
21756.813543,5001,7379.321352
20603.677426,5001,7383.660892
23069.821109,5001,7387.789919
19275.079298,4782,7391.741311
20516.334424,5001,7396.017647
20932.734802,5001,7400.112245
10277.246949,2680,7402.326504
21439.202558,5001,7406.385884
20559.266723,5001,7410.670784
4682.317512,1295,7411.815329
20883.258618,5001,7415.881735
19695.064703,5001,7419.934294
22162.705316,5001,7424.238444
20577.317726,5001,7428.326154
3711.663687,1158,7429.374613
20483.262167,5001,7433.464465
20834.851301,5001,7437.787023
3951.957346,1134,7438.775383
4383.889462,1292,7439.901506
4221.739932,1026,7440.819394
10861.917147,2540,7442.95824
4167.286147,1280,7444.094751
20086.066937,5001,7448.177276
7392.566589,2255,7450.315089
804.339292,616,7450.906157
20760.941315,5001,7454.985351
2358.965162,833,7455.756324
238.569679,516,7456.262681
21328.286629,5001,7460.335525
20893.563664,5001,7464.651485
22636.830953,5001,7468.749693
9227.14237,2124,7470.534679
21531.96888,5001,7474.662853
3849.188781,1114,7475.675419
20739.566177,5001,7479.960872
3762.880096,1031,7480.882826
5055.881826,1494,7482.186209
20839.781093,5001,7486.239604
20526.80874,5001,7490.530368
7949.816788,1972,7492.201509
15784.876558,3581,7495.173572
21953.141095,5001,7499.235925
2236.931329,928,7500.092531
21561.934475,5001,7504.405821
21367.519124,5001,7508.528964
15757.619743,3696,7511.621977
22726.745289,5001,7515.723971
22378.474752,5001,7519.976065
19216.726436,5001,7524.026607
8084.412672,2275,7525.924459
21547.54418,5001,7529.975181
22233.574791,5001,7534.234999
7238.984873,1803,7535.78045
21068.913275,5001,7539.884892
13081.443173,2995,7542.365974
908.118504,659,7542.985142
12242.465264,3150,7545.810846
1938.22078,859,7546.616937
802.412222,584,7547.183097
22091.003351,5001,7551.268229
4600.432818,1412,7552.489369
20994.244978,5001,7556.572514
2078.016009,785,7557.30529
13796.840679,3084,7560.097465
8043.301165,1972,7561.776841
5433.10819,1310,7562.933728
20792.236189,5001,7567.029835
20575.649495,5001,7571.124287
9879.549976,2673,7573.585869
21049.901189,5001,7577.672447
21629.591652,5001,7581.765692
6201.858156,1892,7583.351759
22222.928991,5001,7587.656253
21040.566289,5001,7591.737058
5653.440972,1681,7593.174922
20855.27488,5001,7597.277492
17018.128184,4791,7601.424317
4958.316671,1835,7603.009132
21054.600564,5001,7607.122272
19836.425783,5001,7611.196573
22090.302143,5001,7615.525945
18646.985736,4497,7619.225048
2386.680557,849,7620.027943
20473.907597,5001,7624.136981
21909.360281,5001,7628.449788
20090.920475,5001,7632.518756
10448.478798,2796,7634.824662
2706.262565,873,7635.628752
2625.097403,795,7636.358777
19990.835694,5001,7640.431524
20914.88634,5001,7644.709669
17766.279883,4504,7648.382329
22094.14581,5001,7652.460099
20988.605655,5001,7656.777754
2886.198047,875,7657.579431
16344.43895,3877,7660.778875
16037.15281,3689,7663.830004
21406.12387,5001,7667.939872
2419.284714,766,7668.876595
17468.216525,4084,7672.236846
21050.050671,5001,7676.289633
1816.848709,863,7677.071366
21621.470195,5001,7681.143987
19130.382524,4525,7685.0854
2954.392506,941,7685.938585
18643.403268,5001,7690.031654
20597.619327,5001,7694.115791
886.901295,1416,7695.366001
12568.69777,3197,7698.233243
21855.962949,5001,7702.344357
21838.929849,5001,7706.406537
22272.882029,5001,7710.708721
18049.6858,5001,7714.781731
3512.553806,1071,7715.738007
21892.739899,5001,7719.806499
21440.656429,5001,7724.115072
3307.259988,956,7724.967431
14550.351553,3357,7727.75084
19624.736443,4926,7731.773729
21566.526128,5001,7735.848569
11665.621311,2706,7738.320942
21972.830816,5001,7742.406451
22333.199651,5001,7746.51728
6730.291498,2323,7748.477214
12334.821232,2842,7751.093591
21962.491165,5001,7755.194112
2139.093915,822,7755.966817
21843.611082,5001,7760.060639
22309.961341,5001,7764.158676
19478.345673,4572,7768.153603
485.510973,635,7768.755637
13325.355488,3108,7771.339644
6249.143091,1887,7772.959623
21328.383291,5001,7777.079017
21834.256027,5001,7781.413013
21717.207878,5001,7785.511241
10335.640115,2355,7787.495131
23177.363757,5001,7791.587701
4096.838934,1184,7792.87733
699.594299,635,7793.488453
17578.192421,4610,7797.291498
19908.558642,5001,7801.390461
19802.429397,5001,7805.501529
20979.98621,5001,7809.819271
3802.266572,1087,7810.808423
10872.691301,2855,7813.196043
19725.761132,4869,7817.191777
23354.755089,5001,7821.505687
10281.657719,2401,7823.538632
19931.064213,5001,7827.641928
3029.926762,1067,7828.612349
22411.289914,5001,7832.719629
6645.117432,1710,7834.409739
22307.264325,5001,7838.524908
11007.972228,2613,7840.711812
8533.640703,2022,7842.422168
15710.978654,3604,7845.38742
18918.692331,5001,7849.710643
20365.949658,5001,7853.801525
4746.130136,1434,7855.072349
21002.579043,5001,7859.165931
16895.059123,5001,7863.448847
14880.639733,3824,7866.589819
2633.663805,865,7867.394535
21795.74686,5001,7871.48289
21556.918447,5001,7875.789659
3345.789325,1150,7876.800536
4125.895361,1268,7877.911024
6328.109902,1574,7879.272675
6146.73955,1914,7880.894024
11531.267927,3423,7883.709451
933.03283,707,7884.371161
20413.131804,5001,7888.45533
20686.348557,5001,7892.754362
20172.726406,5001,7896.852924
20170.94825,5001,7900.906397
22008.905458,5001,7905.22607
17961.200978,4308,7908.758134
10524.918899,2318,7910.683573
16375.964582,4162,7914.073883
12202.672453,2852,7916.652175
22531.822873,5001,7920.723163
3334.36921,966,7921.594273
3783.333974,1167,7922.637771
21252.064408,5001,7926.67025
1419.113785,952,7927.522061
2441.812659,790,7928.256051
16707.550371,3770,7931.581903
18616.312931,5001,7935.646265
16583.641385,3907,7938.837429
22899.62052,5001,7942.895957
21810.110569,5001,7947.170293
3820.308558,1040,7948.103087
19122.252671,4616,7951.896366
3329.089357,968,7952.751195
1937.664674,760,7953.454891
16842.53468,3742,7956.518685
22350.275536,5001,7960.802784
20479.230302,5001,7964.877475
3588.625641,1156,7965.892803
3808.912897,1107,7966.875417
20339.215637,5001,7970.930345
21105.864988,5001,7975.211784
1616.363409,723,7975.886986
2954.157006,885,7976.70437
21515.574343,5001,7980.758637
21115.009808,5001,7985.073374
9442.443698,2274,7987.010749
20350.817917,5001,7991.150788
2399.949569,760,7991.873602
21316.911298,5001,7995.991385
22391.425783,5001,8000.349901
7672.750774,1724,8001.833814
1105.060088,693,8002.501558
21298.839493,5001,8006.622668
8146.846832,1925,8008.266573
7852.29195,1898,8009.899904
20954.150245,5001,8014.26392
20297.712165,5001,8018.3915
4024.967984,1055,8019.351072
4234.478174,1286,8020.49639
10881.907179,2802,8022.852006
21039.986287,5001,8027.19262
19855.494017,5001,8031.333428
20082.731702,5001,8035.451995
22020.838196,5001,8039.595226
6452.344151,1605,8041.213003
18827.458753,4308,8044.797093
5256.725235,1303,8045.937923
22146.281555,5001,8050.057453
2502.35977,822,8050.817485
13017.532886,4217,8054.330597
17828.705411,4531,8058.310899
19767.927807,5001,8062.441877
19618.567064,5001,8066.560572
4732.221245,1231,8067.653801
16081.903659,4433,8071.533352
1812.399391,698,8072.191995
20112.652737,5001,8076.322441
20687.423719,5001,8080.436993
20918.967836,5001,8084.778328
21152.661343,5001,8088.868984
20771.521045,5001,8092.938746
12377.779974,2810,8095.246979
21236.138669,5001,8099.524579
1982.761938,783,8100.251637
9125.850571,2122,8102.034246
2698.664433,947,8102.903054
18649.912421,5001,8106.98843
19728.272679,5001,8111.287706
21031.679898,5001,8115.378717
8209.196859,2023,8117.111494
3466.596847,1075,8118.083476
15641.934375,3718,8121.155618
21888.876974,5001,8125.472694
590.032015,837,8126.256383
21821.854818,5001,8130.370946
5429.879433,1412,8131.620197
18710.644571,5001,8135.701181
477.327333,596,8136.278516
21929.364215,5001,8140.612912
21981.622316,5001,8144.709415
3250.047715,1004,8145.622879
21156.026643,5001,8149.751291
19592.185031,5001,8154.092267
5068.004392,1481,8155.386052
20302.151322,5001,8159.534948
3316.004988,970,8160.413269
17701.401449,3991,8163.726891
13194.317741,2907,8166.384283
21015.149413,5001,8170.522799
3148.900244,1002,8171.442525
15422.096087,4291,8174.995921
20496.277979,5001,8179.380418
21309.541829,5001,8183.522758
19813.363029,5001,8187.668384
21525.763801,5001,8191.792431
2996.350448,829,8192.560322
20764.415257,5001,8196.902723
20903.947486,5001,8201.043112
21385.145867,5001,8205.16008
20407.213615,5001,8209.530651
3572.008466,1094,8210.518634
22167.446673,5001,8214.658365
21013.949223,5001,8218.797779
5721.8833,2004,8220.745394
7894.448728,2508,8222.872249
19497.527677,5001,8226.985991
21422.411955,5001,8231.084116
23563.396326,5001,8235.412874
20675.604411,5001,8239.507633
21712.020534,5001,8243.618541
21225.79323,5001,8247.707517
6929.506744,2064,8249.670983
21680.147406,5001,8253.759308
1452.005077,931,8254.607436
328.092467,746,8255.309101
21232.542898,5001,8259.388306
10496.369285,2425,8261.432699
20930.20262,5001,8265.750517
20395.608518,5001,8269.830361
19455.384226,5001,8273.949628
21342.242829,5001,8278.257954
22043.126829,5001,8282.354586
20970.692855,5001,8286.457592
12266.034631,3053,8288.969532
5588.389667,1728,8290.665184
21082.368422,5001,8294.756714
9042.240658,2209,8296.622846
128.077177,755,8297.326173
19860.307764,5001,8301.430208
2748.620097,968,8302.308741
22196.785154,5001,8306.630666
8505.251154,2033,8308.346596
21664.200736,5001,8312.489578
21717.759269,5001,8316.628339
21312.534288,5001,8320.985299
8142.713557,2421,8323.020991
21819.837472,5001,8327.139951
1833.700294,812,8327.890555
11721.745621,2737,8330.155889
21412.947968,5001,8334.464267
21809.512225,5001,8338.514587
18493.23343,4435,8342.146738
2342.484351,952,8343.011294
570.828624,640,8343.625328
21057.345278,5001,8347.932207
1407.011234,770,8348.651638
2532.863971,953,8349.509299
21423.881726,5001,8353.589778
18433.682065,4803,8357.503767
10944.648016,2666,8359.956844
21991.083186,5001,8364.048957
3461.34481,951,8364.910436
20959.723235,5001,8368.991121
21925.340342,5001,8373.33274
21565.83174,5001,8377.422148
4339.744296,1237,8378.510824
21107.41037,5001,8382.590193
13982.160641,3349,8385.360804
21240.224452,5001,8389.673507
20260.614138,5001,8393.779351
4146.707784,1367,8394.959927
3681.394719,1098,8395.936477
19830.261489,5001,8400.24047
21917.706423,5001,8404.325063
3563.00463,1033,8405.245963
1737.644016,995,8406.153662
4382.36689,1367,8407.360649
10558.216467,2759,8409.65277
