#{"t_start": 1696633178.4653199, "env_id": "bridgeEnv-v0"}
r,l,t
21787.286853,1839,2.63224
23267.40893,1772,4.116969
7040.516611,814,4.834988
22326.249787,2044,6.634417
22384.194092,1929,8.308947
23571.323897,1635,9.725939
21905.967035,1854,11.299082
22390.640131,2245,13.272593
21131.678182,1612,14.738368
1892.574283,589,15.274406
22490.65891,1983,17.239912
17904.468237,1650,18.608407
15696.61484,1419,19.808925
22830.243977,1622,21.157031
21510.694316,1894,22.72694
22737.23895,1763,24.178061
14787.793587,1581,25.496947
4628.356771,646,26.07292
21909.358181,1832,27.589008
22435.928225,1950,29.196245
22949.716346,1823,31.033532
22315.588839,1916,32.607164
22969.832032,2022,34.263596
21752.941936,1999,35.912015
22371.282404,1773,37.372117
19893.456828,1727,38.783778
1678.764242,537,39.270274
22946.68929,1711,40.68958
22274.19056,2057,42.386004
8553.351492,1018,43.5844
23202.08124,1898,45.141155
7555.328901,1079,46.063917
21038.739043,1988,47.695643
22719.229274,2225,49.517922
22405.63901,1816,51.025012
22271.4905,2253,52.870335
21849.274529,1853,54.389897
21699.895594,2006,56.031566
9368.249213,1578,57.696556
22412.979786,2089,59.431814
7165.725353,1449,60.630686
17990.269646,1773,62.101929
13256.256786,1413,63.286313
20842.02363,1851,64.827388
10091.460731,1268,65.90816
23165.011476,1931,67.515301
23375.70714,1871,69.075043
15781.465759,1486,70.321168
23403.375605,1991,72.301426
23193.359703,2139,74.08417
7794.529704,1218,75.107674
23059.555151,2297,77.010264
13614.472879,1489,78.264222
8572.0124,1048,79.163017
12504.071557,1604,80.510271
22599.914001,2410,82.505665
16612.420502,1810,84.019036
7485.134985,952,84.846315
7123.583285,1010,86.031834
10988.62187,1644,87.418593
11899.854071,1493,88.674209
22863.982199,2009,90.33907
13530.608161,1492,91.597754
22773.625853,2146,93.373548
11952.166361,1490,94.61584
22845.583558,2308,96.52315
7091.994292,1382,97.687334
23301.368569,2102,99.781744
18374.425334,1738,101.241634
23175.667657,1956,102.875023
8760.362599,1119,103.830098
18691.076992,1874,105.400776
19383.917784,2280,107.282186
3653.84863,756,107.952948
13654.040965,1903,109.545882
3931.510192,794,110.242801
18979.449726,2045,111.942875
22729.137474,2171,114.057167
17774.333549,1852,115.603909
23161.910519,1925,117.203035
5139.686356,865,117.951755
17804.756951,1769,119.42854
23340.75521,1970,121.06778
22707.468238,2502,123.139741
19252.006749,2062,124.866201
14024.363228,1778,126.360261
22061.834089,1937,128.293384
23020.71229,2176,130.100543
23191.211774,2232,131.951941
5271.208097,837,132.675254
11626.706874,1366,133.823091
9654.210308,1385,134.989412
3594.744977,926,135.784006
23195.834759,2163,137.573507
22757.151527,2049,139.28374
22753.550459,2299,141.523511
23234.577658,1987,143.183243
22778.400595,2062,144.905018
16478.157807,1529,146.197992
13662.363282,1500,147.4686
17587.606548,1602,148.810923
22986.162743,2078,150.534759
23031.410843,2420,152.530176
22568.748631,2654,154.720549
22759.849155,2215,156.889047
23322.54799,1788,158.394222
19974.233428,1682,159.811745
21113.965473,1895,161.402543
23163.088447,1834,162.932954
23314.975629,1847,164.482034
14549.265816,1433,165.695228
17985.073549,1700,167.116266
9984.652775,1541,168.415082
23181.012443,1747,170.215576
23074.410372,1959,171.865133
19940.355258,2144,173.646007
22921.906619,2013,175.323736
22524.436236,2763,177.603041
12556.261246,1321,178.717811
5771.570389,853,179.460006
23181.090132,1991,181.122434
22543.183205,2030,182.830076
23143.528387,2285,185.046874
15744.988913,1454,186.291105
22384.13015,2097,188.037174
23394.094349,1774,189.531084
9413.100917,1162,190.525794
22672.673373,2171,192.34138
11436.689592,1317,193.457514
16667.931275,1544,194.764513
23365.909124,2022,196.440615
23514.018139,1835,198.293021
7415.142522,838,199.03144
23440.221696,1877,200.600351
23073.798362,2110,202.35889
22870.369694,1974,204.009562
10114.685068,1060,204.919044
22927.58527,2009,206.585593
22236.976311,1774,208.072134
23356.474771,1938,209.683457
23157.070733,1926,211.284334
23241.04373,1777,213.094203
23419.281958,1921,214.697914
17355.857017,1577,216.023759
16225.085598,1624,217.397515
22984.210975,2125,219.162314
19754.858003,1860,220.712363
12939.044759,1270,221.794647
23213.16585,2024,223.478784
16573.510772,1652,224.861973
23139.974869,2070,226.902545
23335.134846,1691,228.311388
18334.032597,1666,229.707517
23483.176706,1841,231.249839
23560.029134,1913,232.843097
23282.64554,1794,234.343346
23194.879956,1765,235.812145
23518.510516,1826,237.330482
23345.083031,1989,238.97908
18744.555771,1692,240.731466
23033.469915,1733,242.17378
23371.509332,1958,243.800043
23386.253356,1830,245.3317
20924.866072,1700,246.768853
23107.824057,2078,248.50095
18275.358008,1614,249.854005
23214.376225,1831,251.383544
23179.036035,1673,252.780159
16815.853358,1593,254.44302
23391.379623,1744,255.896687
23391.311666,2025,257.578834
23337.957606,1688,258.992539
23255.915064,1935,260.604294
22998.10706,1880,262.168415
22331.232316,1897,263.752288
23409.63094,1781,265.23802
20313.617396,1595,266.572597
22826.30144,2359,268.832396
23462.918956,1888,270.412997
17309.972689,1604,271.769671
13641.506033,1378,272.943427
23000.125746,1981,274.602384
4571.003685,730,275.2513
23262.918801,1964,276.887344
23020.282536,2026,278.571558
10716.72895,1189,279.592497
21871.292038,2031,281.288022
23399.794887,1743,283.072021
19405.291409,1598,284.422684
23508.910254,1715,285.854494
12669.44759,1440,287.071871
22728.3051,1977,288.720752
14614.724774,1550,290.019253
23295.74398,1793,291.513102
13708.917119,1485,292.762812
23145.908023,1823,294.286565
23282.513346,1757,296.075671
23533.43727,1812,297.592504
23074.796692,1815,299.105838
23540.487107,1726,300.548813
23396.709063,1870,302.112796
23539.783352,1768,303.590049
23391.200571,1826,305.114699
23248.892712,1749,306.577497
23231.851077,2004,308.244454
23056.713413,1859,310.111678
23248.226559,1816,311.638185
23445.410259,1730,313.081156
23411.994535,1921,314.668186
23418.224508,1656,316.056889
23420.372436,1739,317.505601
19371.019007,1617,318.863247
19464.783607,1626,320.22627
23575.016543,1777,321.709991
23466.915211,1772,323.188631
12564.863003,1248,324.574627
15525.337467,1617,325.931632
23120.945413,1875,327.489795
23263.038833,1867,329.04909
21969.199559,1806,330.546034
23177.337094,1980,332.201177
23518.898489,1716,333.63464
14221.183221,1421,334.836281
23069.743263,1887,336.402654
12484.728274,1418,337.591424
14527.121926,1419,339.102669
23433.159781,1761,340.567665
23184.184352,1874,342.127914
23422.966704,1838,343.656716
14186.495282,1325,344.784781
23338.970908,1866,346.331586
23458.909223,1796,347.836496
23395.598417,1781,349.320575
23153.324177,1991,350.973342
18009.543684,1721,352.727117
23372.712927,1757,354.196011
19927.269541,1588,355.533671
23248.486206,2035,357.221762
23515.563265,1821,358.743882
16426.288898,1643,360.111777
23343.274212,1808,361.616865
23294.24137,1756,363.080946
23618.99701,1763,364.549203
23356.98256,1836,366.404215
23151.630223,1885,367.971168
20828.45943,1697,369.389565
23632.833161,1635,370.755489
23507.238246,1891,372.322887
23273.248978,1988,373.969949
12012.243794,1201,374.986938
23673.859141,1841,376.514167
23428.936337,1856,378.049968
23368.979137,1772,379.524509
22889.194804,1821,381.357911
19868.734284,1609,382.711026
23427.306234,1718,384.149845
23228.620091,1752,385.614306
23266.094733,1836,387.148858
23439.210504,1787,388.634528
20888.721081,1745,390.08122
16789.420063,1610,391.415041
23189.664033,1874,392.96998
23321.636124,1865,394.826734
23502.64965,1729,396.263676
23592.189136,1758,397.732536
23575.554993,1735,399.177186
23562.299638,1664,400.567709
15790.449236,1413,401.756769
23499.807331,1748,403.207906
23556.70243,1696,404.619856
23450.461385,1684,406.026051
21550.70663,1716,407.458095
23705.805429,1663,409.158588
23487.449778,1736,410.617819
18357.540197,1494,411.872554
23580.937237,1782,413.363118
23505.384265,1690,414.779397
23525.61467,1684,416.185478
23408.921745,1632,417.555593
23550.791452,1799,419.055279
23791.208163,1739,420.502245
23339.99962,1841,422.359315
23460.320235,1800,423.870848
10920.245249,1247,424.925848
23730.080752,1691,426.336299
17675.494786,1478,427.586359
23537.068449,1788,429.079804
23627.22983,1634,430.44797
23467.431428,1803,431.954207
23578.291781,1651,433.3284
23746.712825,1696,434.735602
23629.759972,1785,436.537133
23622.370274,1803,438.036099
23574.032108,1803,439.530118
23659.858946,1730,440.966984
17778.95562,1439,442.179008
23463.837436,1866,443.725996
23503.773976,1826,445.236337
18318.63071,1621,446.593367
23607.006054,1975,448.226371
23635.241977,1768,450.044023
23510.441644,1719,451.478232
23665.690196,1700,452.895703
23950.753602,1654,454.279404
23814.795272,1765,455.74441
23649.838097,1737,457.190423
23526.680051,1733,458.636931
23564.233791,1832,460.151856
23954.280056,1682,461.550068
23774.319696,1773,463.025604
23850.592249,1700,464.803041
17628.585878,1444,466.018255
23498.464782,1732,467.461371
23518.166796,1849,469.003481
23944.581247,1633,470.376824
23709.430297,1775,471.86016
23689.222993,1778,473.350244
23593.979743,1793,474.853647
23569.840251,1831,476.370327
23913.666866,1671,478.120972
23716.298943,1855,479.667041
14338.252672,1419,480.85983
22242.101715,1695,482.27609
23918.834886,1734,483.724159
19856.505972,1632,485.091167
23372.519005,1809,486.598079
23511.556911,1848,488.138756
23668.658251,1701,489.561911
23750.068426,1788,491.047368
23771.509212,1664,492.791691
23719.770622,1671,494.188725
23828.380381,1737,495.639794
23118.427312,1838,497.169237
23900.039209,1708,498.601897
23622.711865,1812,500.10936
23684.170341,1757,501.572865
23927.991361,1755,503.03245
20037.254273,1877,504.599997
23860.661317,1706,506.377854
23962.456248,1682,507.78798
23392.307862,1936,509.395106
23244.984957,1987,511.036422
23743.145928,1860,512.58067
23892.758091,1680,513.986391
23912.120576,1728,515.422544
19117.594853,1656,516.805417
22102.85873,1853,518.350533
23660.065258,1824,520.204302
23750.262094,1700,521.619296
10323.095369,1235,522.671116
23942.810279,1755,524.128651
23644.977771,1859,525.687722
23752.720725,1800,527.192175
23680.962358,1730,528.646567
23661.449725,1794,530.140877
23487.344379,1872,531.693496
23711.981442,1808,533.198592
23863.430995,1799,535.043494
23265.26255,1856,536.577566
23652.46907,1795,538.068517
11754.441164,1430,539.264493
9577.126067,1210,540.287359
23914.898399,1685,541.686249
23728.514678,1888,543.240261
7543.322025,1222,544.27134
23619.787781,1974,545.905292
23594.347525,2107,547.993395
23659.591312,1906,549.561114
23764.675332,1679,550.961894
23906.397487,1698,552.372849
18695.016807,1628,553.732055
23640.123798,1825,555.253007
23673.134279,1885,556.822312
23832.771548,1872,558.375799
23883.406129,1850,559.909227
23766.638728,1873,561.462687
23775.855753,1765,563.274789
23768.953004,1984,564.907994
23977.389365,1693,566.320304
23691.679675,1801,567.827262
20578.197048,1649,569.206437
23690.827173,2006,570.874756
19578.029856,1673,572.275003
20683.620797,1784,573.762162
23716.183991,1861,575.310469
23709.163718,1786,577.158761
23823.899215,1866,578.703274
23926.30462,1754,580.153792
23882.15113,1813,581.652505
23724.67524,1860,583.188763
23637.531965,1830,584.706044
23980.168045,1869,586.261237
23881.497377,1710,587.68526
23750.235078,2099,589.413644
23633.327155,1765,591.21003
23334.200627,1824,592.719526
23780.548753,1824,594.231552
23907.437492,1808,595.735927
23893.812901,1816,597.241296
11993.308901,1251,598.296273
23923.031655,1772,599.762069
23684.916298,1808,601.261363
23736.605049,2013,602.914111
23938.090921,1827,604.743246
20910.075896,1838,606.268608
23780.624815,1931,607.869365
23855.434434,1784,609.351034
23765.503845,2004,611.005361
23690.007347,1886,612.569159
23723.010552,1798,614.062143
18531.394981,1644,615.428335
23967.940468,1858,616.967989
23765.131434,1890,618.858566
23733.627462,1969,620.48684
23833.152738,2044,622.173255
14312.139381,1376,623.332369
23916.583992,1834,624.852818
23778.470273,1905,626.430629
23931.270896,1826,627.945135
22006.674275,2012,629.60863
19645.358843,1858,631.146883
23697.579008,1856,633.010847
17639.274818,1690,634.420778
23705.965981,2205,636.227288
14111.324621,1423,637.428728
23962.282237,1915,639.012043
23576.310617,1939,640.627737
4519.757192,909,641.413287
23864.405667,1994,643.065413
23720.492988,2336,644.972035
20793.164088,1778,646.77929
23929.860083,1911,648.368231
14487.8549,1483,649.616096
23714.814343,1943,651.235618
21917.225431,1910,652.826868
13457.092484,1256,653.89609
18199.312926,2073,655.607063
23664.914115,2241,657.446636
23056.858335,1997,659.421989
23643.62256,2280,661.302968
4650.839272,894,662.082659
23869.710175,1898,663.665066
23852.58823,1906,665.251208
16708.026552,1606,666.605486
23748.72982,1901,668.184592
23440.843704,2703,670.396841
22737.333059,1843,671.937149
23993.945109,1878,673.816919
23814.662229,2086,675.550951
22845.430685,1866,677.112602
22340.311167,2077,678.820106
12547.313818,1445,680.042213
23835.356108,2103,681.780928
23651.974765,2330,683.698783
22626.977086,1913,685.296752
14008.266784,1414,686.488945
14217.790153,1537,688.101649
21639.860108,1829,689.631069
19026.054625,1893,691.212043
23904.520305,1871,692.771349
15124.788877,1572,694.097592
16294.652036,1680,695.495402
7848.268931,1100,696.436117
12764.430681,1613,697.788208
23685.873268,1881,699.351671
23855.715051,2003,701.333008
9643.296362,1360,702.485112
23758.433564,2438,704.493231
23761.455893,2052,706.202345
22734.644031,2565,708.294104
23467.100949,2555,710.396194
12753.386348,1686,711.796805
23918.422207,1854,713.347441
22665.005617,2156,715.455901
23946.059756,1972,717.097925
7614.479735,1087,718.026434
14853.955328,1508,719.291016
23859.724112,1993,720.948014
23213.603101,1797,722.448381
10126.589606,1083,723.381394
23735.017599,2302,725.28687
20129.008502,1724,726.723807
6377.720975,1010,727.591287
21356.327926,2163,729.69499
13244.20485,1464,730.92053
17535.826213,1749,732.390202
23795.955349,2236,734.233517
23535.571924,2495,736.274441
18222.431944,1921,737.868929
23273.528737,2820,740.163099
10940.785909,1583,741.490091
23881.245059,2252,743.672609
23743.128475,2418,745.651179
11685.875306,1688,747.054407
23604.23633,2660,749.210757
23768.565525,2305,751.100373
23603.776928,2663,753.264001
11586.485382,1535,754.549388
23792.030419,2395,756.835958
5450.415911,987,757.67311
13047.043104,1535,758.964214
9824.741171,1266,760.033837
23819.800541,2413,762.014695
23218.699896,3153,764.555967
8534.104174,1525,765.827213
7127.615526,1207,766.835661
6201.096232,917,767.627861
9334.294845,1314,768.732024
23651.68256,2332,770.998855
10869.187276,1468,772.232006
19691.922528,2100,773.961747
14742.209119,1660,775.351091
10147.400201,1580,776.671639
6203.924094,997,777.526128
23780.454817,2098,779.246676
23855.360417,2169,781.019965
5165.977178,868,781.766031
10686.763173,1465,782.985775
23300.220532,2784,785.560158
20871.131376,2677,787.717238
23763.523484,2186,789.512366
23573.239293,2487,791.531942
12938.179482,1675,792.92652
9828.297302,1368,794.07499
19998.438531,2087,795.780994
23827.846015,2019,797.443226
6060.825413,1196,798.799387
23679.455091,2113,800.546013
14502.043255,1521,801.820638
3707.372652,828,802.537911
23842.820897,1938,804.143534
23841.794263,2100,805.877841
10234.382257,1212,806.906026
23802.520045,1852,808.443079
20846.636877,2054,810.133382
6712.55431,1110,811.074076
14494.134145,2017,813.043077
23884.28119,2068,814.762089
21068.599944,2153,816.53144
10995.658589,1282,817.617716
23673.958449,2384,819.577717
19154.742844,1845,821.102821
23484.8366,2044,822.787363
23577.917914,2081,824.511205
23764.22724,2492,826.865327
11155.297005,1465,828.095108
14996.718787,1735,829.534742
23412.594202,2579,831.628718
16503.971763,1809,833.132166
23675.673496,2480,835.15783
4265.886575,983,835.985749
18320.350286,1586,837.317073
23589.386299,2259,839.172468
5557.665743,1025,840.388765
16571.368709,1731,841.838729
23654.798963,2189,843.635249
6469.975162,871,844.395219
18065.038672,1677,845.79561
6103.488498,1026,846.671435
23926.628391,2058,848.379723
14668.353651,1522,849.661979
14422.72497,1895,851.225038
23926.086874,2110,852.960806
11763.930114,1602,854.626731
18247.837176,1708,856.052584
12558.623049,1873,857.609504
23773.071634,2177,859.405227
23771.544747,2004,861.063282
23723.701923,1929,862.675025
23770.891371,2227,864.512039
22299.798049,2129,866.283779
23859.71566,1936,868.224022
23718.77281,2395,870.190526
23816.755908,2027,871.877343
18192.105743,1722,873.321281
17860.305568,1787,874.828385
17292.216321,2179,876.641042
23751.493253,1861,878.200655
17409.90936,2233,880.037511
23480.945811,2722,882.59302
23612.470479,2440,884.603665
23791.949684,2216,886.432418
23809.284274,1938,888.049542
4958.816362,801,888.744613
14164.62573,1601,890.081502
5471.198502,934,890.897439
23344.215318,2277,892.769561
23632.793161,2253,894.623466
23160.076615,2623,897.090786
23724.207507,2318,899.001542
8989.758754,1097,899.942068
23855.583775,1918,901.540939
23622.594027,2282,903.425405
23220.888909,1941,905.049067
23651.412675,1999,906.70484
16715.803678,1668,908.109648
7020.881444,1136,909.090412
23414.475402,2748,911.643369
23861.272656,1905,913.229096
23845.963925,1900,914.822741
9639.558601,1438,916.03943
9167.049862,1215,917.080932
23918.667388,1926,918.680657
23951.799843,1887,920.256571
23628.854494,2111,921.997051
23762.044281,1900,923.916988
23793.65319,1842,925.461776
23739.033342,2131,927.232744
23905.916393,2099,928.976045
13548.807976,1498,930.239925
23749.595281,2349,932.180125
23842.433909,2021,933.869784
23883.508972,1905,935.455687
23574.753421,2344,937.377129
14518.399375,1891,939.256566
23760.235374,2049,940.954602
9393.540473,1102,941.905385
24005.349091,1814,943.426818
17580.579089,2053,945.126045
23816.373409,2083,946.858766
23772.72123,2265,948.733767
23820.981513,2081,950.464487
23915.033843,1904,952.368851
23760.731375,1981,954.008635
13644.750442,1620,955.355762
23828.534326,1927,956.957921
24016.822051,1730,958.40652
8549.765095,1213,959.438591
23753.65569,2087,961.153648
23752.270359,2194,962.954865
23809.307464,1859,964.505752
23971.159314,1861,966.379129
11747.410006,1582,967.704978
11106.535971,1542,968.997826
21951.162801,2292,970.888578
22481.162734,2145,972.655469
19443.729791,2147,974.41143
23631.721564,2257,976.279486
18971.572505,2048,977.983228
23675.053267,2090,980.030069
14519.380049,1812,981.529935
23890.440424,1983,983.176479
23796.628948,2285,985.047321
9846.063275,1353,986.1767
23745.491222,2415,988.155491
23696.813951,2421,990.136175
23633.139003,2080,991.846134
23894.971483,2138,993.930426
23699.172499,2382,995.887026
23480.281222,2482,997.924432
24020.495886,1989,999.582414
23787.269834,2350,1001.524343
23816.128639,2329,1003.441987
23526.37742,2646,1005.585166
23403.881282,2296,1007.778915
23970.022697,2060,1009.489331
23860.643604,2009,1011.156494
23874.566058,2151,1012.937516
23900.752084,2080,1014.661572
23626.508107,2521,1016.716952
11106.097011,1447,1017.935045
23745.600993,2154,1019.714055
23836.112788,2086,1021.762107
23938.350603,2217,1023.599343
23978.83584,2156,1025.388346
24018.715942,1928,1026.995987
23769.313856,2270,1028.860293
18457.917658,2264,1030.711359
15510.021869,1628,1032.067677
24004.137283,1897,1033.659708
23734.910579,2267,1035.860226
23629.270831,2099,1037.593334
23792.318608,2081,1039.324829
23802.967805,2122,1041.075967
23891.337353,2315,1042.98791
23559.691056,2145,1044.752568
23811.06959,2013,1046.418006
23391.273567,2231,1048.251561
23637.421297,2055,1050.26387
23878.82231,2121,1052.019944
23731.214106,2094,1053.755461
21525.628394,1813,1055.275397
23695.716596,2413,1057.264977
23475.563191,2340,1059.178177
23905.555426,2187,1060.990175
23665.010334,2141,1063.066451
23852.588841,1978,1064.706473
23906.843561,2191,1066.513961
23664.286859,2157,1068.28837
24034.859974,2112,1070.03993
23743.708962,1945,1071.659324
23469.053483,2302,1073.534368
23803.369461,1985,1075.181599
11700.919198,1436,1076.709331
23894.000037,1842,1078.245266
23912.713563,2166,1080.028101
23771.044583,1961,1081.647631
23782.05569,2192,1083.460323
23677.477667,2136,1085.205663
23625.995525,1924,1086.793059
23559.905489,2116,1088.518701
19158.528763,1951,1090.436088
23761.797301,2143,1092.208718
23917.34039,2086,1093.937402
23577.488856,2129,1095.702519
23813.303471,2057,1097.420645
11889.528529,1431,1098.635285
23881.958811,2001,1100.304855
23836.748687,1845,1101.853711
13981.450892,1363,1103.016591
23975.451273,1933,1104.947897
23824.699643,2176,1106.728362
23910.088331,2006,1108.391398
23844.797853,2208,1110.202791
23949.721214,1998,1111.857919
16982.89199,1829,1113.367995
23581.890861,2065,1115.057538
23991.795711,1922,1116.657278
23608.757964,2150,1118.736162
23763.367867,2140,1120.497915
23556.372649,1919,1122.085042
23837.295116,1810,1123.599718
23942.484543,1911,1125.183976
23958.839503,1980,1126.808112
23934.064013,1953,1128.416956
23746.355983,2073,1130.118151
17155.912939,1769,1131.580696
23526.72021,2165,1133.667394
23978.853183,1964,1135.298122
23650.96987,2134,1137.0414
23825.39938,1901,1138.631274
23832.473258,1916,1140.225613
23620.962256,1939,1141.838238
23596.536501,1975,1143.454986
16552.427651,1726,1144.887635
23545.419482,2092,1146.930501
23637.278648,2225,1148.754687
23972.320415,1857,1150.31002
23779.607379,2108,1152.041419
21204.951273,1924,1153.629977
23744.707985,1967,1155.250607
24017.943844,1942,1156.869143
23871.22399,1906,1158.458173
23949.522804,2061,1160.487368
23781.099372,1959,1162.116589
24035.011893,1824,1163.637136
19797.953264,1671,1165.034701
24035.799081,1910,1166.621973
16906.578598,1664,1168.008216
23826.197487,1971,1169.634026
23813.985412,1911,1171.205759
14079.546351,1551,1172.503796
23772.990766,1924,1174.415118
24060.243446,2012,1176.084239
23925.193943,1937,1177.69429
16227.126572,1831,1179.202323
23500.94528,2212,1180.995924
6364.736623,966,1181.81739
23577.337589,2329,1183.708751
23862.029699,2036,1185.381914
24064.410997,1904,1186.965644
23946.008306,2006,1188.931931
6795.952846,1078,1189.844434
24008.690724,1801,1191.340483
23955.325653,1852,1192.890014
23542.640895,2526,1194.943812
23952.145563,2039,1196.628922
23828.411718,2051,1198.311849
23897.668397,1959,1199.935719
23795.855652,2251,1202.094074
23897.792868,1875,1203.66379
23588.684652,2216,1205.478166
23906.818212,1953,1207.09543
24056.93051,1818,1208.61384
20456.487932,2160,1210.378521
18710.450603,1925,1211.962763
17855.512851,2225,1213.794008
23927.798613,1886,1215.682539
23978.919797,2140,1217.449812
23888.597747,1891,1219.034843
23957.708947,2065,1220.746376
23747.855165,2160,1222.518885
23910.276748,2022,1224.1888
21334.055565,2391,1226.135347
24039.289188,2008,1227.796625
23854.185634,1908,1229.700493
23754.824044,1946,1231.31707
23886.552576,1936,1232.918767
23851.735294,1967,1234.539351
15048.059437,1779,1236.003311
23674.818951,2322,1237.887414
23513.764305,2256,1239.730875
23435.091244,2560,1241.79416
23519.780976,2263,1243.951518
22509.361284,2843,1246.253857
23921.193361,2014,1247.912176
7308.134207,1024,1248.779523
23992.754913,2057,1250.472165
23584.744381,2300,1252.345717
11622.435617,1567,1253.645791
23632.211243,2190,1255.434359
23714.056569,2242,1257.583107
20841.35437,2216,1259.392222
23623.434068,2482,1261.401974
17694.981242,2026,1263.057337
23710.830397,2277,1264.913532
19149.625152,2194,1266.694621
23902.326561,1927,1268.285322
23819.29501,2195,1270.403636
23501.832442,2238,1272.226452
13262.744894,1487,1273.465409
23567.851846,2267,1275.318518
23827.593377,1920,1276.895102
16614.721426,1805,1278.379419
16202.63358,1931,1279.964524
17674.628484,1687,1281.354789
23655.209485,1986,1282.977947
23688.074772,2023,1284.948723
9864.101523,1381,1286.095297
16851.218711,1657,1287.465584
23586.225449,2030,1289.130427
23536.917334,2460,1291.123822
23766.896338,1944,1292.723456
17649.152027,2009,1294.365099
17393.166822,1659,1295.733128
23660.939683,2182,1297.82693
11135.423645,1461,1299.045862
23861.305717,2126,1300.793771
23591.932166,2057,1302.469801
18432.87026,1929,1304.056958
14470.053033,1554,1305.344896
23364.080485,2343,1307.244285
22159.95374,2069,1308.937557
23598.992219,2017,1310.592506
20720.559364,2090,1312.615885
16815.348688,1702,1314.022089
23701.946444,2157,1315.77629
23439.326845,2347,1317.671051
16030.534163,1773,1319.12401
9519.151415,1405,1320.287292
14022.453922,1698,1321.681464
23681.233754,2048,1323.356928
23257.462547,2395,1325.614542
12781.829025,1676,1326.997256
18245.26572,1866,1328.52944
22835.1396,2105,1330.245507
20582.048279,2526,1332.289491
18683.58623,2273,1334.158863
15578.713114,1785,1335.623292
7203.637619,1044,1336.506429
8183.189022,1203,1337.517388
22270.275917,2201,1339.633135
12269.693214,1466,1340.851662
17533.568974,1904,1342.412421
8686.472006,1265,1343.470499
23428.07942,2221,1345.278641
23177.292014,2195,1347.060823
14136.305944,1488,1348.310797
23878.581368,1967,1349.937225
3564.001206,711,1350.559309
23755.895377,2155,1352.331837
15788.583367,1741,1354.083542
16723.385735,1905,1355.645844
23747.513043,2127,1357.392836
12901.279652,1485,1358.628043
17335.43304,1900,1360.185835
23498.161687,2375,1362.111459
23409.527973,2553,1364.17584
19818.832894,2165,1365.946125
15993.541862,1938,1367.857333
16177.284173,1621,1369.206999
23447.298099,2435,1371.177925
19959.712587,1865,1372.721143
14795.555013,1989,1374.345085
23666.154669,2045,1376.018622
23535.614204,2089,1377.724831
4731.218536,960,1378.546556
12670.741514,1671,1379.921602
23599.461186,2197,1382.040592
16492.562137,1653,1383.409909
11565.368031,1498,1384.656117
23388.074122,2213,1386.451113
22100.933822,2005,1388.090938
11885.854388,1528,1389.355503
23138.2302,2510,1391.39308
12339.034301,1518,1392.648999
17718.443809,1810,1394.494231
12527.73469,1703,1395.90753
15746.129359,1567,1397.209286
23453.450846,2343,1399.113308
7976.955472,1091,1400.033139
15854.692947,1757,1401.482002
23791.178171,2114,1403.213075
22434.361924,2424,1405.186541
19798.670639,2196,1406.972054
17149.766016,1903,1408.851022
23632.32975,2329,1410.754387
14015.14613,1441,1411.960574
22799.447711,2429,1413.932438
23345.551164,2524,1415.969816
13682.403827,1421,1417.153096
13299.560864,1484,1418.381398
8814.226637,1264,1419.433202
12775.017442,1678,1420.818887
15914.719781,1819,1422.628895
12100.702579,1573,1423.926382
19722.653838,2415,1425.883909
4127.120059,671,1426.479993
12744.33793,1548,1427.765186
23420.817887,2906,1430.115535
9107.007839,1249,1431.153689
9449.86345,1233,1432.189326
23714.875544,2192,1433.975068
17485.598465,2272,1436.143228
11195.456809,1407,1437.310609
10890.397797,1289,1438.399865
23606.366739,2081,1440.102849
11130.178193,1352,1441.236747
7553.050095,1133,1442.176525
10284.199598,1474,1443.394132
23565.418302,2413,1445.350047
6400.579821,907,1446.124787
12394.868444,1670,1447.502338
4287.59056,831,1448.211653
6822.197955,1092,1449.446007
12881.777629,1743,1450.880845
12138.46616,1649,1452.242645
7210.420916,1155,1453.210615
5834.244956,951,1454.02362
4012.603091,878,1454.770697
5766.455381,1028,1455.634205
5179.94126,858,1456.372373
12741.108062,1411,1457.549096
23468.505995,2433,1459.518262
15603.958429,1977,1461.136429
15917.153337,1986,1462.756006
20873.671489,2102,1464.794905
20483.974971,2347,1466.698845
23610.099035,2308,1468.574294
18309.397942,2092,1470.281828
5576.496878,913,1471.056452
10527.838348,1256,1472.113686
11540.412043,1518,1473.368672
16272.668129,2203,1475.161489
15534.181411,1774,1476.620445
10008.96357,1429,1478.118615
13634.187537,1637,1479.467027
20286.384462,2364,1481.384349
7651.586247,1010,1482.24373
13780.720454,1635,1483.589355
9661.666679,1305,1484.67176
13563.95008,1965,1486.270417
16928.404414,2111,1487.991016
8513.871023,1330,1489.086245
23319.929882,2866,1491.707335
23178.432108,2822,1493.965776
12969.256418,1673,1495.335338
21091.318484,2605,1497.439292
11340.228138,1523,1498.689621
13013.153956,1587,1500.000176
16744.124947,2202,1501.78329
10155.934611,1477,1503.011316
5630.582133,856,1503.743911
10645.161613,1540,1505.327527
11775.249591,1447,1506.52354
17838.918053,2309,1508.394664
9684.34621,1630,1509.727839
10956.825364,1614,1511.054351
15466.059702,1724,1512.466683
23242.681265,2620,1514.579289
17762.243494,2341,1516.474619
8848.112452,1377,1517.61821
16519.113734,1947,1519.532521
14468.408915,1876,1521.070398
13256.789731,1668,1522.440794
19618.079288,2497,1524.466171
16728.709462,2000,1526.104183
4765.514636,821,1526.811455
3050.266403,728,1527.448011
12798.470842,1553,1528.731143
16223.267855,1913,1530.301214
12987.023873,1638,1531.645836
15953.20149,2271,1533.816943
20114.728454,2984,1536.225161
12957.613855,1755,1537.664141
16271.184413,2111,1539.369362
15304.856219,1950,1540.960677
9601.584377,1160,1541.943482
11315.145111,1614,1543.272433
16107.142843,1904,1544.830812
23295.182629,2425,1547.107076
6205.037844,991,1547.944655
18496.570572,2164,1549.706402
21177.013323,2514,1551.731987
12588.104183,1715,1553.136693
8808.633663,1386,1554.27991
7427.837833,1035,1555.156828
15334.354982,2010,1556.790847
11865.443072,1477,1558.017911
20371.31152,2801,1560.579339
13236.092277,1844,1562.092838
17906.991772,2055,1563.761673
4325.940774,844,1564.485882
13262.359523,1680,1565.862463
12734.567866,1775,1567.312299
22563.216629,2500,1569.336137
8374.141063,1313,1570.420872
5116.192379,902,1571.188881
21152.576377,2555,1573.604772
17831.903306,2076,1575.323188
23497.132311,2411,1577.30676
19863.983913,2244,1579.15099
11768.285688,1471,1580.391201
23238.963599,2623,1582.516423
22959.331633,2721,1584.725485
7845.047464,1033,1585.629122
23395.80553,2735,1588.171228
11972.560463,1727,1589.607788
23399.869581,2953,1592.0074
21223.863009,2497,1594.034646
15443.818006,2251,1595.873294
23223.82416,2608,1597.993727
19860.352141,2414,1599.959474
16634.220997,2056,1602.006017
4181.115034,794,1602.701479
15301.779821,1884,1604.263024
16291.067228,2366,1606.18077
8883.215957,1329,1607.298569
17854.87453,2223,1609.112226
9825.268986,1571,1610.416899
21146.275954,2539,1612.484324
9785.281662,1414,1613.663767
9245.988172,1309,1615.084306
20888.105752,2636,1617.222148
15703.893845,1919,1618.802296
18254.088972,2225,1620.62536
17806.001351,2216,1622.446597
12195.267042,1529,1623.729862
10895.474551,1743,1625.165295
19703.742993,2345,1627.081765
19062.606205,2663,1629.606114
23410.170615,2318,1631.506366
11252.674563,1667,1632.890557
20931.940286,2430,1634.86588
13295.353796,1774,1636.338341
13212.022925,1651,1637.719003
17201.495247,2114,1639.460023
17365.732584,2521,1641.52004
18648.082245,2304,1643.727832
16209.427558,2114,1645.465044
5418.490087,1037,1646.344964
12771.189439,2035,1648.016539
23544.644007,2691,1650.204504
23243.072903,2855,1652.51002
18435.328989,2456,1654.517202
21478.155672,2471,1656.848873
23261.484043,2804,1659.118214
12764.054327,2081,1660.823629
8109.817337,1303,1661.924714
21836.694741,2739,1664.142529
22357.298816,2613,1666.268555
15004.704134,2221,1668.079894
23659.643482,2603,1670.52379
23332.699177,2751,1672.751091
13371.477675,1899,1674.301175
23174.579415,2764,1676.541766
14351.251704,1911,1678.11301
17222.041056,2231,1679.946023
23670.669365,2462,1681.948772
15532.272612,2039,1683.952235
23357.855381,2936,1686.338622
5599.72119,974,1687.174737
23126.366611,2696,1689.359137
19798.227355,2468,1691.371423
13560.8538,1702,1692.785291
23277.203027,2605,1694.903929
15928.143425,2013,1696.557446
23340.502694,2772,1699.136574
21872.783731,2801,1701.400685
23160.736931,2698,1703.595951
23165.807127,2844,1705.887749
23472.354147,2525,1707.935595
18362.283623,2273,1709.794956
23591.232452,2561,1712.227602
20463.669314,2499,1714.272838
23660.361441,2460,1716.276448
23575.499295,2546,1718.354814
18536.952539,2193,1720.150846
23437.71733,2635,1722.285392
20395.663018,2332,1724.550714
23672.484547,2314,1726.440171
23433.696115,2699,1728.622222
10996.271366,1485,1729.857686
23498.746435,2524,1731.901526
16149.872517,2018,1733.55752
16187.551973,2092,1735.260778
20371.541565,2833,1737.557848
23544.392754,2642,1740.05128
13770.216655,1770,1741.516992
23490.167745,2745,1743.742456
11780.709154,1632,1745.099365
23645.414361,2516,1747.147417
23783.924234,2488,1749.177285
23569.37015,2750,1751.399822
23429.486858,2749,1753.980376
23585.687727,2693,1756.161157
23457.921165,2739,1758.390173
14125.191782,1950,1759.998369
23453.077007,2609,1762.115389
17556.386676,2219,1763.923134
23584.719839,2487,1766.269037
23553.794504,2671,1768.434988
23744.395653,2474,1770.453479
11141.541409,1606,1771.786434
23628.374545,2217,1773.601942
23621.850907,2658,1775.766474
23488.123615,2566,1777.851965
23433.184578,2544,1780.240718
23349.616269,2696,1782.428343
20597.957449,2535,1784.498654
6523.857488,1140,1785.466366
21124.775202,2325,1787.37308
18157.60082,2145,1789.131794
19550.501472,2210,1790.935168
23412.635,2800,1793.523178
23771.055038,2303,1795.407359
23603.912669,2645,1797.55788
23317.826029,2777,1799.807333
23372.536629,2524,1801.980639
23355.019486,2615,1804.303357
23287.229167,2792,1807.144743
23539.797239,2622,1809.511388
21193.860093,2306,1811.467023
23395.565614,2760,1813.722213
16168.884436,2204,1815.530815
23151.305458,2855,1817.865572
23033.222132,3009,1820.316117
23292.970895,2681,1822.881729
23436.151629,2592,1825.139775
23344.991768,2827,1827.740086
23484.666774,2541,1829.851259
23458.006416,2712,1832.077826
23487.355362,2576,1834.19434
13201.643668,1733,1835.976153
23401.94298,2803,1838.275191
23335.178531,2751,1840.529373
22865.5203,2621,1842.693752
18922.856995,2016,1844.371587
6708.62559,1020,1845.267537
23420.537602,2856,1847.633325
23155.474599,2991,1850.413515
19758.44208,2421,1852.406413
5671.169915,1117,1853.356214
23429.795722,2719,1855.585556
6263.246363,1199,1856.604991
8079.061883,1106,1857.559706
23679.0186,2544,1859.650737
19998.327165,2543,1861.738166
12351.536848,1603,1863.439825
23448.097236,2578,1865.548933
23258.060379,2943,1868.004853
23742.627363,2436,1870.013546
23491.714349,2589,1872.14064
23363.237502,2639,1874.421144
13720.388739,1869,1876.130715
23346.271461,2674,1878.834143
23159.757994,2763,1881.433917
23252.398443,2727,1883.706995
8044.066911,1130,1884.694852
8759.145699,1286,1885.83592
23301.654129,2602,1888.100522
23533.340412,2439,1890.100619
23634.777458,2462,1892.436901
23409.190155,2650,1894.572279
18077.774065,2349,1896.492249
23595.785843,2323,1898.401482
23631.059433,2444,1900.623949
23275.445912,2748,1902.933184
23327.219368,2405,1905.107869
5998.001754,970,1906.350026
23643.33396,2397,1908.355806
23153.428652,2733,1910.870881
23627.377659,2543,1912.919201
4559.491272,837,1913.637274
6290.835207,1078,1914.52788
23173.006745,2720,1916.681125
23429.20391,2462,1918.636695
23204.936327,2590,1921.029875
23437.347077,2562,1923.095616
23512.46481,2458,1925.072385
23278.347428,2764,1927.289858
23573.709666,2414,1929.238297
22973.609482,2732,1931.425325
4635.971819,816,1932.130662
23326.434359,2449,1934.427963
23539.04628,2563,1936.494404
23311.987021,2426,1938.44843
23534.086252,2490,1940.458056
23133.346188,2768,1942.673468
23527.57316,2420,1944.632597
23268.951797,2675,1946.786937
5491.01103,918,1947.90943
23334.83759,2416,1949.863663
23426.595677,2465,1951.847913
23410.609309,2329,1953.724134
23414.689765,2621,1955.83319
23485.326171,2416,1957.773692
23034.216939,2692,1959.942738
23770.305533,2328,1962.142969
9785.694946,1344,1963.25751
23347.179476,2685,1965.410927
23495.425868,2477,1967.4087
23499.882919,2528,1969.442054
23646.7595,2433,1971.405409
23556.451622,2569,1973.4715
22979.41832,2390,1975.710635
23144.434143,2712,1977.874804
23480.314394,2553,1979.912443
23719.913209,2316,1981.771981
5460.633663,957,1982.57466
23479.474653,2445,1984.525609
23306.202513,2757,1986.714389
14282.420936,1648,1988.420354
23494.08978,2586,1990.489252
23245.337983,2627,1992.588577
23504.914469,2706,1994.746596
23253.738792,2739,1996.92462
23489.997244,2525,1998.949618
23616.501602,2585,2001.333503
23282.534996,2866,2003.615952
23193.441256,2784,2005.839546
23290.629387,2846,2008.108552
19720.449291,2307,2009.96128
23411.699883,2746,2012.150283
23046.969353,2732,2014.675915
5031.476246,902,2015.446125
23081.620498,2679,2017.581976
23160.596944,2808,2019.826176
23516.270088,2506,2021.828459
23198.123049,2724,2023.996511
23188.039343,2824,2026.247299
23147.657506,2841,2028.864263
23692.598523,2615,2030.952145
10872.218004,1643,2032.291846
7141.893549,1282,2033.347167
23601.597578,2303,2035.203756
23404.421053,2773,2037.414284
23532.384376,2605,2039.499754
23543.327732,2643,2041.930235
23621.680366,2552,2043.971816
23618.283,2470,2045.951201
23274.056657,2714,2048.118729
23577.836539,2467,2050.100174
6371.505423,1018,2050.957015
23556.797426,2440,2052.918405
23491.414397,2499,2055.23938
23377.16017,2701,2057.397804
23620.646776,2509,2059.411129
17371.824605,2252,2061.223703
23679.733929,2467,2063.199259
23746.723236,2436,2065.159552
23610.38186,2390,2067.076969
23478.607223,2593,2069.469413
23729.957464,2461,2071.455626
23163.517692,2728,2073.642175
23499.298935,2603,2075.722849
23300.725011,2869,2078.009279
23559.720318,2465,2079.990825
23286.751548,2726,2082.48223
23502.612046,2386,2084.390561
23684.753601,2396,2086.312739
21130.517928,2627,2088.415215
7253.682796,1248,2089.445006
23661.868438,2487,2091.439125
23789.984773,2409,2093.372385
23483.043442,2683,2095.835554
15585.84659,2074,2097.518838
23283.737108,2712,2099.690316
23678.814154,2534,2101.719886
23385.839643,2709,2103.878202
18285.525982,2047,2105.535928
23319.248421,2645,2107.65605
23662.233586,2631,2110.074538
23282.456144,2715,2112.239485
23202.225561,2749,2114.424099
23067.284015,2723,2116.603563
17419.823742,2118,2118.31763
17036.8446,1799,2119.782635
23528.706204,2498,2121.776316
4461.936157,794,2122.783542
15596.385463,1935,2124.348227
23030.073518,2748,2126.540529
9478.41617,1366,2127.66943
23499.936407,2718,2129.838768
16331.073088,1885,2131.366258
20132.761579,2259,2133.186331
17909.503351,1992,2134.80045
23649.190619,2612,2137.240464
14877.789112,2020,2138.868948
20781.566477,2263,2140.683106
23393.709871,2491,2142.679413
20841.605715,2254,2144.491588
19432.879487,2136,2146.218073
23634.351697,2522,2148.234913
20767.297177,2511,2150.569475
13650.316575,1672,2151.937424
23612.646281,2447,2153.916078
12417.962448,1684,2155.294806
15848.320842,1983,2156.905394
19666.63827,2337,2158.792434
13455.258525,1829,2160.280917
20942.444043,2523,2162.277122
16296.902747,1930,2164.159995
23611.739986,2499,2166.161918
23297.197617,2679,2168.291613
10528.15953,1410,2169.448066
17005.8084,1936,2171.008878
21320.324115,2313,2172.872789
5776.959616,1016,2173.722371
14823.68056,1742,2175.14519
23578.293952,2500,2177.455253
23365.347389,2570,2179.509814
18865.998449,1926,2181.079382
14555.138584,1880,2182.602463
23318.60217,2628,2184.694373
23403.009017,2502,2186.702872
15279.8864,1913,2188.245448
14677.932751,1842,2190.077004
23752.849061,2344,2191.967779
20270.45794,2151,2193.700464
23762.695625,2458,2195.66973
20739.574466,2387,2197.591449
23283.436923,2666,2199.711087
20911.864199,2541,2201.742243
23402.237407,2648,2204.177909
23441.19392,2571,2206.220105
19233.979402,2091,2207.919947
15156.139771,1816,2209.393801
13747.205161,1664,2210.750641
13361.492888,1576,2212.070274
21786.202072,2297,2213.915851
17144.486278,2145,2215.634484
15686.763855,2127,2217.654619
17052.27496,2120,2219.367781
15456.310342,1658,2220.726318
23293.318926,2448,2222.678996
23403.082822,2596,2224.771574
23365.438886,2646,2226.881734
19160.622218,2143,2228.611257
19755.498551,2166,2230.682777
21957.642442,2669,2232.8032
18869.25709,2330,2234.659445
10898.739576,1292,2235.730009
14207.693666,1798,2237.184659
14746.013037,1827,2238.666973
11672.410784,1473,2239.874944
16731.688203,2060,2241.538974
12528.123496,1565,2242.813272
17573.608525,1820,2244.605413
14578.790076,1784,2246.059928
10177.617372,1335,2247.164754
22734.962325,2548,2249.194239
23341.821416,2596,2251.262599
15828.947972,1890,2252.801006
23531.774072,2684,2254.938252
18144.983099,1938,2256.514341
16960.48393,1815,2258.316348
18172.635059,2297,2260.185272
8993.205185,1269,2261.235062
22239.684253,2706,2263.383508
17618.314813,2127,2265.110471
23486.882159,2678,2267.267778
18847.371701,2101,2268.973294
23516.080578,2620,2271.390787
12707.007761,1569,2272.677929
17254.394138,1931,2274.251005
15164.397552,1902,2275.794693
18098.46153,2118,2277.500495
22598.063416,2502,2279.510223
13690.758711,1750,2280.934678
12392.565958,1611,2282.237028
17140.27393,2211,2283.988258
9127.809067,1291,2285.368907
14001.514925,1751,2286.798184
15496.081162,2078,2288.462562
19850.571472,2176,2290.22528
14444.003976,1756,2291.650829
16992.326308,2023,2293.283483
12901.556136,1601,2294.593022
9054.254058,1294,2295.661052
17001.078006,2175,2297.417528
11146.132038,1675,2299.092035
13126.23419,1882,2300.617489
19997.185604,2361,2302.519264
18400.211356,2305,2304.364855
11292.000191,1421,2305.539257
12870.085136,1705,2306.919677
17511.374408,2255,2308.727861
9791.31881,1394,2309.869063
23143.931148,2687,2312.334735
11905.918483,1618,2313.644574
20627.593469,2255,2315.474116
15831.121535,1887,2316.994478
11594.148976,1536,2318.249421
13519.547289,1790,2319.700369
19175.466931,2288,2321.542701
11600.652597,1599,2322.838669
13046.190878,1748,2324.264164
18638.382274,2332,2326.481154
16070.742452,2102,2328.172387
10914.957784,1483,2329.385641
14469.272195,1858,2330.873769
7986.881477,1202,2331.868759
13816.966576,1868,2333.390232
20919.843911,2488,2335.381037
7622.455814,1063,2336.262979
14717.027613,1711,2337.660482
15301.257628,2001,2339.599828
10129.291349,1610,2340.910283
14671.472388,2033,2342.535632
11188.962661,1512,2343.768093
4786.86699,858,2344.500437
9777.369522,1404,2345.650657
19431.517604,2261,2347.472274
11491.782518,1597,2348.771014
14068.3195,1838,2350.26277
18367.787618,2179,2352.021208
11360.322909,1428,2353.507927
10668.806642,1474,2354.714991
17709.154333,2284,2356.532227
7174.574684,1166,2357.49933
12759.481615,1780,2358.926843
15749.92787,1766,2360.37994
17476.662948,2107,2362.077919
14913.119401,1896,2363.624962
11495.277542,1508,2364.868803
10144.095193,1392,2366.016037
15459.39678,1897,2367.856503
10844.306545,1461,2369.049641
11405.438186,1735,2370.452259
4040.068524,786,2371.123119
14818.458431,1841,2372.604839
12585.960083,1646,2373.945289
11392.120639,1458,2375.13518
13384.876686,1858,2376.634701
10981.214078,1448,2377.822381
20198.1841,2345,2379.700718
15948.460682,2090,2381.737781
16181.568383,2198,2383.497413
14569.513386,1720,2384.901867
17242.539545,2142,2386.627995
9465.414992,1333,2387.721895
11851.481281,1945,2389.272988
6229.02356,1034,2390.134218
15851.872586,2083,2391.810687
15775.613788,1855,2393.320899
8281.875741,1176,2394.621064
15638.6492,1893,2396.161117
6547.602292,1018,2397.011147
11567.689467,1700,2398.388471
15977.323993,1981,2399.979678
16511.867498,1975,2401.593485
11886.392512,1712,2402.987001
8831.004257,1232,2404.004038
19879.441056,2730,2406.191394
21398.10799,2402,2408.4367
9911.539243,1457,2409.626647
13957.696556,1785,2411.074013
9178.050446,1445,2412.25169
9621.681537,1298,2413.322464
18212.738973,2291,2415.170263
11786.963593,1471,2416.387509
8650.026012,1217,2417.396582
14201.459587,1930,2418.948836
6090.548848,1279,2419.986666
10205.965797,1267,2421.354645
16717.998036,2121,2423.077772
17581.534117,2202,2424.851169
10804.372638,1406,2426.007495
17857.477632,1967,2427.620765
12152.22774,1698,2429.00494
13780.672606,1816,2430.475399
9732.396762,1451,2431.657494
9185.286364,1329,2432.747661
17189.864776,2181,2434.816402
14666.924511,1816,2436.29695
10088.162462,1522,2437.538797
15094.108641,2186,2439.290702
18462.718558,2068,2440.970026
12213.904009,1570,2442.248917
10839.845295,1510,2443.481872
4922.289106,896,2444.239663
10201.675731,1364,2445.365267
13909.890118,1625,2446.699383
12091.94494,1654,2448.369362
15529.427953,1922,2449.928677
14170.617194,1792,2451.380096
15578.40089,2054,2453.036693
7031.870326,1027,2453.896053
19247.15866,2308,2455.743921
19392.985985,2540,2457.754142
15523.674165,1829,2459.23727
13189.480307,1617,2460.562414
14147.542429,1842,2462.381575
9679.556199,1377,2463.50531
15041.699599,1937,2465.079245
16219.996907,1996,2466.691004
6128.876348,1100,2467.604857
15797.300673,2052,2469.248763
11763.813117,1450,2470.446502
8894.522268,1260,2471.487287
18826.031703,2360,2473.376261
7067.447802,1243,2474.39945
13462.207568,1774,2476.149499
11357.751156,1552,2477.417237
11600.171567,1617,2478.739005
12044.005953,1475,2479.953551
15721.747625,1977,2481.562592
9494.701485,1335,2482.659852
8479.08855,1282,2483.709201
11944.839271,1598,2485.007573
5094.244443,847,2485.73445
10062.063301,1406,2486.87615
13956.955045,1762,2488.316111
3919.475048,746,2489.279479
15199.689101,1971,2490.866081
14076.64755,1846,2492.362203
11167.278565,1548,2493.627989
11614.824675,1437,2494.816568
11970.990944,1688,2496.193109
13382.372678,1715,2497.577065
2616.273817,712,2498.192888
13528.459044,1683,2499.568002
16004.565723,1918,2501.112749
14225.903468,1793,2502.558058
6779.181064,1163,2503.844094
10547.590873,1410,2505.002766
8283.638712,1091,2505.925891
7445.132907,1248,2506.954983
11966.436565,1579,2508.249427
18059.989321,2160,2509.996944
10973.941697,1542,2511.263239
17482.607864,2147,2513.007222
12045.841202,1498,2514.23776
10739.912479,1555,2515.498358
7856.282632,1167,2516.781888
8538.692042,1228,2517.810654
13162.425877,1641,2519.168362
9499.893916,1410,2520.325619
10542.274681,1352,2521.443377
15798.381956,1994,2523.068969
7660.061162,1192,2524.066217
15463.683827,1946,2525.645452
9808.786415,1276,2526.712178
6465.868358,1105,2527.638033
11441.484376,1628,2528.976961
14331.319062,1844,2530.801685
7748.471126,1119,2531.7397
9136.618069,1262,2532.789433
9334.862157,1218,2533.804065
11037.042737,1525,2535.059051
8060.612746,1188,2536.055512
7907.458119,1070,2536.966261
11671.43244,1457,2538.162538
9489.287393,1273,2539.224204
12590.022192,1749,2540.653966
7378.620371,1070,2541.557343
9761.258603,1367,2542.679386
4468.306336,865,2543.417543
8939.610465,1413,2544.908284
13557.67884,1770,2546.345709
10024.868184,1379,2547.484122
8740.604667,1368,2548.612992
10733.020456,1464,2549.827046
8647.164175,1098,2550.758045
8924.683415,1279,2551.819274
12498.594769,1605,2553.140872
11883.90896,1610,2554.454418
8110.952377,1226,2555.476792
6423.997121,1127,2556.408033
9762.271783,1397,2557.555766
3374.051243,713,2558.49392
9509.354152,1240,2559.528785
7746.223702,1094,2560.435536
7968.474912,1236,2561.456173
8649.000668,1306,2562.536191
9598.633783,1317,2563.63094
9332.632219,1274,2564.685547
6010.007734,998,2565.523111
11262.015002,1492,2566.742222
9251.236526,1240,2567.769818
9755.636553,1306,2568.855485
13197.797615,1766,2570.306098
6778.804845,1082,2571.205785
4609.048548,839,2572.243132
7396.537709,1036,2573.129226
6458.161089,1042,2574.00912
8451.055635,1230,2575.027838
18827.739103,2139,2576.772836
9606.122114,1243,2577.810594
13974.160796,1857,2579.327904
9315.297822,1306,2580.406297
3151.374018,668,2580.996506
12406.859078,1572,2582.288086
12698.50623,1633,2583.621947
10370.218478,1430,2584.800207
9841.409558,1406,2586.27036
12282.741426,1457,2587.487474
11421.540372,1425,2588.661032
13205.899821,1793,2590.114999
8434.905031,1225,2591.131069
10122.391768,1484,2592.356626
16428.642894,2228,2594.148234
11802.608232,1597,2595.45431
20099.731027,2307,2597.317654
8541.83114,1198,2598.321133
6754.983025,1055,2599.199524
4524.171073,830,2600.227377
9689.233423,1425,2601.394865
9139.745255,1333,2602.494695
8212.085938,1278,2603.550651
7463.841316,1146,2604.506418
13683.461785,1808,2605.973411
9448.945517,1358,2607.100863
7593.575305,1224,2608.11841
9300.023716,1432,2609.28448
4585.568134,897,2610.04233
7710.565414,1147,2610.993247
13093.733435,1843,2612.499722
6698.130138,1043,2613.376839
12354.452631,1585,2615.002334
9751.779851,1487,2616.221864
8950.524001,1219,2617.226371
10673.185322,1419,2618.410173
6369.35069,1049,2619.288173
11635.211598,1397,2620.450787
12641.470637,1702,2621.840509
11285.881059,1574,2623.12704
11305.570163,1508,2624.359827
12442.170824,1559,2625.646129
7355.674322,1106,2626.569992
10145.990095,1387,2628.071436
9581.689552,1218,2629.097916
9129.839037,1221,2630.114325
9326.241488,1226,2631.1417
12760.718052,1546,2632.417903
9128.873932,1437,2633.604699
13342.490378,1645,2634.961217
9928.271518,1411,2636.128989
6505.110592,1002,2636.971031
10308.142318,1333,2638.083907
8868.11442,1346,2639.198442
10194.543213,1445,2640.383838
6879.026534,990,2641.218659
1424.301999,539,2642.059427
15003.115353,1746,2643.493469
6842.1378,1032,2644.365
11165.957779,1397,2645.526949
9555.233505,1445,2646.711712
7895.715423,1173,2647.689547
8197.462906,1218,2648.702387
14449.899733,1815,2650.176907
5166.901802,877,2650.919782
9273.011069,1308,2652.004878
15967.987284,2080,2653.69846
7166.439043,1086,2654.605872
3827.571686,760,2655.574976
12176.696237,1637,2656.924495
5484.874937,1040,2657.790864
12056.16187,1544,2659.07195
10023.992308,1451,2660.258275
10611.286799,1418,2661.432613
14326.235265,1768,2662.88368
7500.211818,1037,2663.755825
11636.677033,1612,2665.066375
14490.127543,1844,2666.571351
12339.314375,1616,2667.908359
12365.79292,1539,2669.509283
10916.781254,1547,2670.786749
20025.770747,2509,2672.801255
12649.874699,1720,2674.212861
4377.707001,845,2674.940785
12205.771247,1602,2676.258816
7435.512305,1124,2677.201406
8162.457312,1103,2678.137824
11807.607286,1581,2679.434676
11384.83602,1508,2680.680449
6970.284802,1045,2681.558376
7734.990142,1008,2682.415598
8847.300964,1205,2683.740905
11701.767199,1608,2685.056212
8743.52994,1237,2686.072618
10287.579091,1394,2687.2209
4311.993011,807,2687.905063
17830.474476,2138,2689.63565
11339.708846,1412,2690.79756
10485.177963,1424,2691.961028
9230.164745,1316,2693.043105
10768.16432,1568,2694.318273
12768.637315,1594,2695.613173
8946.88235,1260,2696.646791
11446.584932,1557,2698.23974
12034.518837,1512,2699.48711
14053.760048,1807,2700.969509
11995.476283,1526,2702.226533
10925.738567,1630,2703.555508
16160.525051,1926,2705.119878
6702.294137,1059,2706.006647
3356.918054,697,2706.60805
7895.133909,1256,2707.644491
11031.663841,1507,2708.876451
13649.86832,1801,2710.353521
9733.337524,1355,2711.821496
9504.947545,1224,2712.844315
6609.926019,1053,2713.721728
9402.837263,1419,2714.877764
11620.885729,1424,2716.067411
8751.916808,1385,2717.20595
10766.106318,1405,2718.368167
12949.991257,1684,2719.740456
10713.612521,1403,2720.9016
9362.202956,1274,2721.958964
11790.704891,1576,2723.24802
9843.415275,1364,2724.696938
14559.108359,1954,2726.272657
8925.975895,1240,2727.2992
12232.214511,1583,2728.597319
14476.501527,1766,2730.046082
6975.463277,1230,2731.050254
11459.561205,1604,2732.36041
10429.308175,1406,2733.526767
13023.070902,1725,2734.928299
6355.117756,1000,2735.765697
8595.376011,1249,2736.796238
8485.416933,1202,2737.799964
15677.361486,1951,2739.736281
7902.855385,1280,2740.801675
9777.805725,1301,2741.886699
13427.24225,1634,2743.241071
10813.995981,1402,2744.403401
9869.063222,1500,2745.620366
16249.483745,1832,2747.127042
12678.504776,1615,2748.443531
12326.791929,1666,2749.801688
7613.851944,1192,2750.790204
10318.644563,1313,2751.892083
4150.568839,836,2752.927002
8154.824562,1233,2753.9446
10701.657454,1448,2755.134736
8731.817503,1275,2756.191176
16380.183433,2161,2757.933269
4872.274907,1007,2758.770799
6423.866129,903,2759.546878
10538.678191,1252,2760.591242
9344.716251,1323,2761.686843
9152.151438,1270,2762.73381
17799.896621,1968,2764.335897
17677.998807,2014,2766.320857
8861.429881,1496,2767.534956
7550.205764,1140,2768.484475
5489.399594,878,2769.234876
12858.632223,1574,2770.525976
11207.861289,1537,2771.781817
10961.764379,1497,2773.002437
11629.879682,1630,2774.330829
14028.830039,1871,2775.839463
9964.516166,1297,2776.915522
13747.819522,1738,2778.349773
10853.478827,1418,2779.520216
7676.912687,1216,2780.848893
13255.963564,1539,2782.120414
12578.627342,1603,2783.435526
11660.703067,1497,2784.674269
3661.449688,847,2785.396728
7338.206244,1077,2786.300752
17028.148729,2024,2787.953276
14615.609933,1858,2789.467748
13168.001212,1565,2790.766435
16780.480832,1942,2792.361407
9582.124239,1257,2793.411381
13798.693012,1501,2794.997018
14813.703487,1807,2796.477041
8414.543216,1283,2797.544795
4678.845777,854,2798.264546
10126.162906,1466,2799.465785
9239.423037,1278,2800.519587
12728.376416,1627,2801.858824
12862.565457,1845,2803.356741
11997.53792,1474,2804.580977
9509.649727,1290,2805.651584
7010.169945,1063,2806.541644
13631.044114,1747,2808.287849
10339.381729,1431,2809.480008
12682.686607,1656,2810.845449
9530.683885,1458,2812.045764
15471.180932,1929,2813.622042
7539.420793,1245,2814.648207
13766.878491,1623,2815.995131
16965.875045,1999,2817.633348
9913.378777,1357,2818.766771
9754.890554,1304,2819.848131
19911.018393,2400,2822.107901
19026.817731,2140,2823.860674
16027.85115,2227,2825.66145
8457.584805,1250,2826.71622
14104.339515,1852,2828.225257
4994.540322,864,2828.962485
9326.260531,1294,2830.032928
8929.038636,1219,2831.050643
15541.161855,1869,2832.58216
12675.219891,1578,2833.88473
15003.383931,1883,2835.733594
13994.828464,1706,2837.139907
15003.046248,1862,2838.649642
7769.307146,1393,2839.79747
13436.75609,1898,2841.346597
16740.614409,2370,2843.260504
12719.162875,1432,2844.453529
13825.593209,1901,2845.999595
12820.716665,1588,2847.310307
15780.290636,1969,2849.238116
7422.101006,978,2850.072291
14950.690701,1788,2851.550749
6912.415517,1089,2852.463637
13116.571834,1608,2853.792219
9695.360032,1435,2854.980985
13161.735245,1634,2856.327412
13690.123438,1540,2857.608919
10373.410229,1400,2858.771435
14631.498926,1805,2860.254664
9066.078773,1247,2861.296844
7643.030481,1116,2862.238186
12818.09165,1801,2864.041946
15885.650068,1978,2865.662394
10815.285388,1410,2866.831858
7074.141028,1167,2867.806868
8884.779076,1253,2868.858313
8990.003481,1363,2869.989975
11308.417311,1489,2871.216375
15874.286223,1876,2872.763932
12707.962917,1812,2874.242539
13000.965791,1570,2875.542544
14380.963828,1860,2877.412367
10594.646749,1543,2878.685017
4326.09566,943,2879.483442
12848.098684,1852,2880.986782
11802.754485,1482,2882.202136
14260.483136,1679,2883.567188
10115.875395,1442,2884.743138
15367.767357,1973,2886.332098
9879.948201,1354,2887.443563
9766.259774,1589,2888.727646
11275.700624,1661,2890.065282
7998.667308,1151,2891.335088
10214.433893,1472,2892.530397
8025.9107,1117,2893.46866
7288.525438,1185,2894.448161
14154.014323,1935,2896.01135
8489.212364,1094,2896.939972
10112.052746,1586,2898.234149
7445.966123,1160,2899.195159
12231.639958,1623,2900.52284
15289.266851,2028,2902.161641
10974.271823,1612,2903.472371
8526.535445,1253,2904.835459
6494.289772,1169,2905.805539
11007.39583,1434,2907.003711
13976.990359,1797,2908.472976
12935.220958,1623,2909.820471
6340.501344,1054,2910.706405
15815.113939,1985,2912.328595
12986.744483,1636,2913.679782
14027.406849,1697,2915.07096
12766.535641,1668,2916.445359
10806.870119,1559,2918.081279
5886.727896,937,2918.891553
12766.958798,1711,2920.296263
6645.883694,1022,2921.161374
13772.38515,1794,2922.629061
11285.203457,1330,2923.744937
15180.195699,1916,2925.301618
12517.132039,1669,2926.670507
10101.779761,1466,2927.87873
13261.199032,1843,2929.382164
2893.408732,658,2929.973659
9198.500857,1360,2931.096534
8279.456205,1293,2932.47174
9245.872146,1214,2933.485234
6308.590088,1076,2934.383572
10995.519072,1277,2935.4564
17703.407982,2083,2937.140845
8875.510697,1097,2938.062901
5626.64838,874,2938.801864
16509.581048,2111,2940.504763
6539.665357,931,2941.293656
8023.592846,1283,2942.346869
11480.880487,1493,2943.570686
13471.971111,1635,2944.911483
9680.580201,1480,2946.439008
12839.640501,1746,2947.856057
12174.731165,1573,2949.147449
17832.63402,2196,2950.91733
13196.336474,1805,2952.39003
12796.128015,1639,2953.74153
8683.122493,1076,2954.650556
10648.363803,1602,2955.945834
11354.985527,1400,2957.103839
11159.537157,1381,2958.25536
12079.478697,1816,2960.089516
9899.141955,1492,2961.311261
5821.449391,981,2962.132623
7880.906283,1142,2963.081636
9888.249072,1456,2964.267806
9586.001776,1187,2965.261777
12013.049262,1707,2966.659305
9211.651134,1220,2967.67506
14218.499734,1768,2969.129467
15571.516502,2077,2970.808336
9026.887917,1252,2971.848608
14013.932103,1581,2973.506219
8407.082555,1210,2974.519695
9485.30903,1422,2975.705733
12729.19203,2013,2977.32383
7500.244888,1067,2978.222774
9757.039738,1161,2979.208638
12902.122978,1883,2980.734489
10089.102457,1366,2981.868805
10784.458447,1551,2983.145485
13048.031471,1681,2984.531036
11354.529929,1488,2985.761483
11058.079655,1497,2987.319978
12324.912278,1720,2988.725052
4901.079738,886,2989.475714
7442.184201,1123,2990.425417
11782.118107,1434,2991.612155
10382.755772,1349,2992.72473
8556.113905,1119,2993.669589
12696.055089,1637,2994.997942
12192.98189,1702,2996.387963
14583.382743,1687,2997.788047
14060.111688,1675,2999.167165
10163.163996,1425,3000.346341
7383.096263,1266,3001.703499
9175.559362,1430,3002.879231
16750.491766,2057,3004.551008
8165.844438,1003,3005.412487
10777.092556,1286,3006.495947
11029.288784,1458,3007.708748
8752.197962,1209,3008.716361
9078.324368,1210,3009.735758
14318.951102,1752,3011.172403
6740.503631,936,3011.9782
11539.825652,1356,3013.099089
10893.698135,1604,3014.408561
9857.050658,1171,3015.737545
11707.385742,1393,3016.902221
18338.199736,2147,3018.644099
12965.990372,1807,3020.118356
4293.770143,920,3020.902613
9330.842923,1149,3021.874359
5402.866071,928,3022.658135
17219.816409,2395,3024.585344
9153.556118,1531,3025.837709
11490.993908,1505,3027.076613
12618.676886,1740,3028.507946
8961.231406,1234,3029.878445
8587.666659,1314,3030.966615
9855.95531,1253,3032.017599
7262.544545,1087,3032.926927
14699.106888,1797,3034.404799
11823.212652,1430,3035.58845
9979.864211,1300,3036.679128
14509.592595,1785,3038.138565
6567.799667,985,3038.979526
9098.720839,1208,3040.006387
10174.984343,1295,3041.088294
6051.635604,1063,3041.979906
12715.334562,1626,3043.632051
11808.222536,1457,3044.829099
11913.074851,1505,3046.069905
9376.272896,1275,3047.124775
11597.029895,1292,3048.209118
10747.652788,1454,3049.410737
11045.41388,1354,3050.539963
8521.420649,1356,3051.64724
9463.399631,1253,3052.688713
9576.33327,1442,3053.860589
10155.956347,1222,3054.885616
7071.510052,916,3055.669947
4707.620079,832,3056.380882
20830.685418,1962,3058.345025
9121.696118,1204,3059.351521
8939.937044,1325,3060.45037
13269.220951,1568,3061.759946
15059.541838,1922,3063.343441
13509.327681,1485,3064.575368
11471.583605,1550,3065.85079
13929.563317,1527,3067.121844
7071.05216,880,3067.888118
10634.129093,1537,3069.150777
10813.45685,1365,3070.281664
8555.215884,1477,3071.837175
15149.850167,2032,3073.482189
6759.061691,1164,3074.45151
18312.990454,2135,3076.173936
8243.993366,1212,3077.181535
13077.836779,1904,3078.726603
11595.282088,1517,3079.972264
9423.974073,1232,3080.998932
6117.779473,1081,3081.898369
9373.555495,1348,3083.003999
12843.64119,1630,3084.657812
15948.370896,1861,3086.183792
6562.773242,875,3086.93847
5444.781163,983,3087.767161
10734.250085,1316,3088.862101
13097.706018,1550,3090.139764
9939.610524,1275,3091.197227
7954.318924,1176,3092.193251
11833.469436,1576,3093.49299
17707.76087,2143,3095.238936
5130.49148,863,3095.988627
11308.62891,1424,3097.163766
5985.121246,1088,3098.065597
6981.60847,1050,3099.290493
11921.506369,1321,3100.400921
16697.254463,1908,3101.962373
6400.385371,930,3102.757066
7201.097668,1073,3103.654356
6938.491617,948,3104.470797
11961.779766,1495,3105.707741
14017.777557,1798,3107.181468
8172.161317,1112,3108.118632
8016.311633,1272,3109.164677
12058.597331,1591,3110.473226
3843.249814,736,3111.123709
8767.257921,1106,3112.059966
9947.172348,1343,3113.497782
10435.425233,1302,3114.595197
10322.638761,1378,3115.734593
11944.843929,1456,3116.936481
15368.643503,1906,3118.48997
8530.889183,1129,3119.432921
15457.181896,1892,3120.977484
8685.773731,1174,3121.973754
5570.674795,910,3122.744151
13218.617662,1665,3124.114692
6702.124065,1073,3125.026608
12974.033975,1531,3126.611271
9838.197343,1452,3127.810559
7401.673794,1015,3128.677927
14105.6389,1646,3130.062417
14104.977905,1715,3131.473183
7072.429345,1066,3132.370621
11798.23692,1537,3133.64935
6165.79006,1071,3134.538933
4909.918187,719,3135.170011
10948.863975,1413,3136.332842
10420.966454,1462,3137.54464
12331.049975,1690,3138.933133
7834.523778,935,3139.739103
7891.783829,1016,3140.923593
10893.249771,1525,3142.186045
5792.932217,920,3142.970663
12752.729633,1373,3144.125455
14084.839865,1840,3145.617768
14868.697438,1894,3147.170831
5320.814915,876,3147.90984
11042.694808,1564,3149.194034
6339.722122,1335,3150.276971
11201.927915,1361,3151.414813
12436.457286,1672,3152.8215
14385.633416,1759,3154.583162
10270.677665,1453,3155.78066
17559.986265,2122,3157.503003
11471.263208,1554,3158.775942
10042.512862,1425,3159.94716
10859.788659,1589,3161.250686
12142.784909,1469,3162.475256
18045.802626,2188,3164.251595
10067.270982,1410,3165.41171
8213.894495,1151,3166.371698
4609.645904,802,3167.059234
3159.471679,616,3167.610314
16569.066695,1950,3169.538297
11722.438842,1535,3170.81584
5169.369357,906,3171.605549
8896.514402,1197,3172.630555
6084.45831,1050,3173.511903
4987.667162,849,3174.24546
11724.962103,1477,3175.469318
9736.334718,1444,3176.659112
12078.08737,1533,3177.924068
7647.920211,1080,3178.841755
12342.565975,1662,3180.207264
12540.659049,1771,3181.663452
12042.966701,1579,3183.269886
12227.653658,1449,3184.482179
15320.79337,1935,3186.050771
9495.494285,1428,3187.227715
9208.321179,1203,3188.243133
10217.133127,1288,3189.318377
12982.253439,1781,3190.767461
10976.690179,1843,3192.259547
7975.36574,1175,3193.245523
13981.257411,1821,3194.725821
5125.93314,797,3195.417481
15266.55648,1846,3197.242306
13710.67824,1743,3198.666013
5945.931631,908,3199.449883
9285.349225,1142,3200.426042
14875.221276,1793,3201.899876
17984.935671,1986,3203.536273
5815.564789,936,3204.330931
6077.268132,942,3205.132828
12619.401507,1585,3206.431062
4309.711058,773,3207.108559
12071.374149,1671,3208.477379
5081.609753,888,3209.241868
7071.618841,1063,3210.464512
10766.080576,1519,3211.710972
15084.297599,1890,3213.243979
10599.528868,1629,3214.568789
5938.824199,1019,3215.439616
17267.97926,1882,3217.001607
15201.708655,1745,3218.450264
9148.110985,1241,3219.493746
9559.556955,1155,3220.46877
12702.280753,1628,3221.804898
13261.242502,2079,3223.804373
9161.913103,1518,3225.049679
18092.300585,2034,3226.720702
11448.577396,1344,3227.86422
5596.747019,841,3228.590834
9537.810228,1349,3229.717655
10195.291306,1467,3230.929791
16522.255397,1985,3232.562303
13051.426719,1540,3233.84597
15003.498999,1755,3235.304477
5169.918164,874,3236.043671
7023.9664,1114,3236.971569
5768.532648,828,3238.007438
7224.536369,1164,3238.974505
13060.710092,1318,3240.09833
4726.612065,865,3240.85333
6967.692794,916,3241.631725
6531.065898,938,3242.427314
6909.885886,1043,3243.294562
14990.095149,1620,3244.634387
8393.547586,1296,3245.695642
9014.042386,1122,3246.639337
14870.488051,1711,3248.030674
6199.463648,986,3248.856848
7956.479486,1161,3249.821862
11831.785203,1387,3250.97304
12606.315032,1562,3252.56846
12366.081752,1389,3253.734006
7446.928453,974,3254.565041
9461.654979,1509,3255.810675
5272.065663,832,3256.536391
9998.157232,1435,3257.7396
8832.826622,1149,3258.714417
15150.061583,1986,3260.317424
5093.714012,738,3260.967922
12836.660429,1500,3262.221367
10190.242179,1307,3263.317569
10665.358176,1536,3264.579826
14838.155025,1819,3266.387014
5258.314784,754,3267.053598
10356.29317,1337,3268.166394
4858.144162,751,3268.824229
10016.49144,1504,3270.064446
19243.553499,2071,3271.761007
4105.145469,797,3272.457037
8260.234616,1045,3273.34059
10047.086735,1195,3274.34783
8679.579573,1168,3275.344286
7892.716502,1036,3276.231348
13504.209802,1432,3277.434774
7125.26129,882,3278.19258
16018.988619,1953,3280.112173
10619.433034,1413,3281.286001
8924.53793,1333,3282.390238
18153.81108,2055,3284.066358
4390.677394,886,3284.828172
9079.687611,1138,3285.800506
20723.986504,2123,3287.531188
13983.883507,1965,3289.119075
3848.051874,593,3289.654534
10625.60967,1643,3290.989991
6419.628062,948,3291.795436
6506.916593,925,3292.590103
14696.858458,1691,3294.308705
12225.004305,1558,3295.599294
19330.005863,2258,3297.438882
9885.989933,1143,3298.411229
11734.020856,1500,3299.648439
15259.392808,2022,3301.292048
9227.654673,1126,3302.254652
9205.218821,1271,3303.306164
6786.221405,862,3304.056573
19494.109613,1901,3305.632759
5289.89199,880,3306.398597
5791.132393,923,3307.184192
3333.566499,620,3308.0481
16493.500133,1810,3309.537858
10695.073625,1347,3310.65924
10516.146741,1490,3311.895132
13527.251607,1776,3313.343489
14993.307379,1581,3314.669603
9162.089257,1152,3315.658471
7309.59104,1001,3316.507985
18331.54432,2139,3318.258713
9682.054264,1345,3319.390198
10617.193928,1547,3320.661465
7589.180262,1031,3321.877619
13001.200389,1855,3323.390111
20085.737296,2259,3325.230318
11457.247719,1349,3326.363262
5642.381697,797,3327.056205
3184.8774,680,3327.654527
9543.217541,1307,3328.748154
7145.918661,1040,3329.619042
20249.720243,1991,3331.266245
4577.783501,725,3331.90899
20824.568771,2207,3333.721496
10764.503677,1362,3334.851159
8559.075006,1072,3336.111231
4921.043573,913,3336.893813
6821.426203,855,3337.644826
5519.90262,799,3338.336158
11372.84659,1680,3339.720067
18913.003013,1747,3341.177116
12105.575686,1408,3342.356218
10560.8113,1322,3343.470771
10500.899826,1407,3344.629664
8450.961581,1152,3345.61554
10936.940885,1293,3346.712886
11448.926664,1661,3348.076658
15864.793189,1721,3349.810787
5464.14946,797,3350.50596
14254.742705,1796,3351.981135
16237.538732,1913,3353.558468
7413.622372,965,3354.387971
8952.98119,1199,3355.412061
11758.41063,1652,3356.766482
16603.058694,1683,3358.166811
7761.790726,956,3358.985643
10516.619353,1368,3360.127475
3369.770413,731,3360.763935
8745.953041,1190,3361.786153
10676.182021,1214,3362.821958
11156.018469,1566,3364.420016
21607.283386,2664,3366.567762
4795.299437,757,3367.223453
10997.993463,1333,3368.35196
5942.922812,824,3369.071869
13440.82213,1856,3370.585321
7225.739486,1000,3371.445827
14315.833577,1579,3372.765529
14737.676478,1874,3374.303692
11594.952691,1526,3375.557317
11634.827269,1563,3376.866327
9448.661858,1323,3378.291652
16317.396022,2111,3380.011971
9289.859689,1364,3381.13461
6928.894513,1022,3382.004749
13416.36962,2014,3383.629493
9073.583542,1345,3384.747098
5916.414839,1032,3385.620312
5655.621946,857,3386.360936
10544.794684,1245,3387.403858
4928.830837,847,3388.142051
7648.905458,979,3388.986154
9541.463243,1407,3390.151242
20326.752041,2322,3392.346919
-80.652313,267,3392.641968
6540.63229,1066,3393.536339
21547.211424,1958,3395.151253
12591.776485,1380,3396.311153
10479.925232,1135,3397.272501
9602.943906,1470,3398.4888
11648.980998,1378,3399.642772
5227.664373,675,3400.244122
3588.905666,714,3400.877021
2644.941409,563,3401.390501
9592.374829,1242,3402.428915
4170.748456,677,3403.034321
15830.374995,1711,3404.451369
7419.17864,941,3405.265668
11156.482907,1397,3406.744097
4430.902506,711,3407.375102
10092.011682,1168,3408.359126
9691.855367,1270,3409.423552
4776.93992,672,3410.022891
8788.350075,1158,3411.019544
8038.284858,1209,3412.019755
8486.387968,1002,3412.878036
9421.357928,1454,3414.062331
4266.211968,684,3414.665546
22809.673908,2604,3416.783897
8967.938473,1237,3417.823046
11582.119277,1370,3418.985182
8465.377281,1135,3420.268166
3982.751629,670,3420.85941
562.405057,374,3421.226441
12644.322691,1545,3422.511704
5558.71603,936,3423.308864
7856.211975,975,3424.145784
8777.907538,1117,3425.094746
8979.287575,1148,3426.071476
10099.658366,1424,3427.251843
19808.127594,2326,3429.149056
8894.12292,1059,3430.047388
16595.446488,1923,3431.618257
4457.912088,692,3432.231116
10621.412873,1228,3433.261336
5201.845814,767,3434.260706
20782.622061,2145,3436.019486
3932.32142,685,3436.628038
22696.25008,2300,3438.502549
9888.420905,1286,3439.578182
8708.622041,1039,3440.468932
5466.863004,769,3441.138338
11785.787878,1487,3442.368708
4834.209963,834,3443.087445
9165.974986,1275,3444.179589
2435.220871,523,3444.661892
20988.520566,2386,3446.608055
10177.890454,1299,3447.696293
9523.87554,1196,3449.055682
13909.530247,1788,3450.516984
11318.330594,1338,3451.626952
7598.438393,1068,3452.538784
9505.158546,1191,3453.557076
5911.508794,797,3454.249625
6732.219602,946,3455.065067
4578.343426,834,3455.790729
-412.795186,282,3456.089277
21799.867651,2387,3458.036443
6014.825189,1074,3458.943489
8974.616321,1137,3459.912647
6210.461072,849,3460.642881
16806.615739,1855,3462.505178
4659.606674,733,3463.14732
2883.281274,580,3463.669963
10180.821103,1327,3464.793141
11651.859539,1278,3465.871403
20260.350085,2252,3467.698195
9674.580098,1157,3468.680167
5483.084822,809,3469.38895
12462.158198,1447,3470.603913
2027.299484,465,3471.038861
9395.9523,1162,3472.0223
10308.453862,1183,3473.018921
17255.595729,1803,3474.509454
13220.253924,1538,3475.797144
15768.464141,1699,3477.526862
9033.465319,1032,3478.415816
8484.900844,1102,3479.356732
7715.456726,1003,3480.215107
9306.297368,1163,3481.207725
18231.422911,2015,3482.862821
16056.71666,1939,3484.451769
6894.312544,963,3485.283469
674.46129,356,3485.640136
8746.522792,1160,3486.627193
8822.986567,1021,3487.509467
11539.041943,1259,3488.581494
4774.040227,665,3489.170683
2113.575167,554,3489.676141
5407.518636,838,3490.401638
9123.304798,1118,3491.66544
5010.185622,723,3492.29886
8317.30012,1118,3493.250657
5282.58538,756,3493.912046
7908.158313,934,3494.716151
11819.330354,1333,3495.829288
12798.081956,1441,3497.030996
9255.819808,1148,3498.013222
10983.77768,1330,3499.128326
15342.634361,1805,3500.611656
7745.585418,945,3501.419466
1236.039228,410,3501.813344
17536.949863,1735,3503.256192
3024.002497,673,3503.853187
3674.182771,652,3504.433315
6968.929792,912,3505.533215
19219.64965,2119,3507.268384
4456.104136,665,3507.858803
8546.149018,1103,3508.785377
10671.233403,1349,3509.921933
7935.497369,1190,3510.938374
9019.485353,1185,3511.940539
6404.516159,885,3512.712702
13080.838742,1359,3513.855139
11260.774545,1357,3515.005202
9608.394599,1281,3516.082571
9347.979564,1096,3517.016113
11358.794598,1384,3518.177199
3701.602941,664,3518.761378
8490.109941,1039,3519.974135
4651.559251,902,3520.750677
6668.136973,962,3521.569812
4635.630072,665,3522.15961
2703.665337,573,3522.673943
11506.619298,1356,3523.820782
14108.926703,1533,3525.112803
8306.964663,1151,3526.092962
23215.552868,2259,3527.934814
11153.928835,1384,3529.086416
15701.262968,1849,3530.606687
7913.10743,1164,3531.599558
4263.714141,642,3532.175092
10580.134546,1199,3533.184404
8945.355008,1111,3534.452234
6759.372205,928,3535.254264
8427.764685,926,3536.053893
15188.580847,1536,3537.342785
5904.752122,820,3538.056814
19510.381694,2018,3539.723388
20494.305807,1973,3541.361203
8396.195605,1015,3542.234888
17944.874716,1888,3543.791
3072.10282,574,3544.311757
6918.393331,816,3545.027583
10405.251754,1137,3545.988322
8634.016375,1156,3546.974224
4573.950726,702,3547.913191
5605.022139,765,3548.583859
9136.121637,1106,3549.533062
7384.181378,961,3550.355625
6544.525067,927,3551.158727
8863.548664,1141,3552.135217
8906.304083,1149,3553.11935
8504.124645,1086,3554.050874
6400.614443,966,3554.878096
2293.571152,593,3555.416074
3665.849576,635,3555.981173
10666.117013,1210,3557.009604
928.875836,413,3557.402272
16439.177904,1791,3558.898041
4459.530638,797,3559.592612
1850.12064,497,3560.048863
7972.560946,1104,3560.986389
8356.471458,949,3561.806665
6932.07397,976,3562.970362
20025.866925,2191,3564.747365
16246.617895,1944,3566.342815
3247.879652,596,3566.880655
13955.417282,1703,3568.28723
7148.639649,1027,3569.164287
7471.507297,1069,3570.083237
10983.949329,1182,3571.091094
4211.024463,648,3571.674989
5032.128897,769,3572.350049
1171.87303,484,3572.796174
4797.835117,751,3573.456703
7015.291747,1046,3574.336638
4659.628677,908,3575.11018
10380.151631,1115,3576.054232
10564.543904,1255,3577.436425
6992.99975,918,3578.2326
5871.60147,851,3578.966388
5323.269731,833,3579.689897
8946.673749,1173,3580.676781
6324.860558,851,3581.418334
13122.44471,1494,3582.667407
10140.691142,1161,3583.651776
11903.929192,1400,3584.813475
9461.342735,1170,3585.80732
11190.289753,1287,3586.896274
6201.882868,984,3587.753347
16250.757437,1916,3589.323358
11041.672311,1249,3590.699823
12166.36572,1441,3591.907667
10075.312657,1202,3592.927515
12946.767894,1604,3594.263161
5408.929464,825,3594.97993
1676.499719,436,3595.392961
7078.016222,904,3596.174308
11464.869059,1414,3597.353613
14803.869208,1571,3598.669509
8521.239915,1218,3599.697401
5305.267203,787,3600.384009
23176.826516,2141,3602.144705
5427.985815,905,3602.91623
8381.035366,1144,3603.879972
12413.934476,1270,3605.279034
15396.801329,1709,3606.69673
11732.883003,1369,3607.844934
11302.910452,1418,3609.02369
4769.734072,793,3609.716959
8324.289809,1025,3610.593863
9791.850034,1292,3611.668595
2018.46619,510,3612.139366
2744.93515,540,3612.631297
22863.641751,2212,3614.444206
11595.630326,1381,3615.5893
18380.642998,1984,3617.217975
14793.639823,1882,3619.072582
11334.090813,1415,3620.244421
13986.15956,1571,3621.545119
8207.004882,1180,3622.557223
5730.027882,877,3623.318177
3605.273175,638,3623.892694
14624.94993,1661,3625.284002
2582.192253,512,3625.760748
12220.896413,1443,3626.958916
6264.313658,915,3627.744563
13895.630989,1583,3629.07459
5568.205874,767,3629.747586
8239.993178,1220,3630.768286
2763.348343,581,3631.294134
7190.600157,949,3632.106796
2835.719944,567,3632.624468
5620.329177,934,3633.750818
2935.319478,587,3634.287358
14277.250014,1534,3635.559127
6541.655634,1115,3636.505552
8527.277412,1195,3637.532184
6670.665926,939,3638.34166
10042.974989,1194,3639.357856
4750.012746,741,3640.011501
5176.441521,747,3640.669248
8605.338238,1168,3641.663991
2217.936337,523,3642.14193
1786.404489,485,3642.588286
9666.550637,1222,3643.629004
7530.230422,969,3644.455684
9854.405993,1217,3645.489767
10447.443636,1359,3646.633567
15779.553308,1661,3648.346228
7209.884211,906,3649.119068
8422.798841,1182,3650.126176
21715.417807,2303,3651.992308
12133.936183,1399,3653.16872
5872.335911,934,3653.974939
5360.923783,835,3654.70123
22696.011583,2421,3656.658727
17186.553036,1885,3658.205015
3116.23947,597,3658.742859
7266.480136,966,3659.579755
15793.139655,1692,3660.986721
8099.619675,1127,3662.256433
8731.762021,1175,3663.272093
8208.977518,1057,3664.174789
14177.191116,1568,3665.493331
4356.027409,694,3666.113075
5905.333805,938,3666.915708
3745.173505,629,3667.484096
22722.732799,2415,3669.45296
23293.747736,2184,3671.237946
2215.542907,490,3671.694906
4866.92715,762,3672.3649
6980.874694,1015,3673.232789
4564.90269,707,3673.867168
2646.044722,497,3674.326092
5257.029672,787,3675.011412
9134.512465,1201,3676.357181
8476.00446,1173,3677.362864
7507.914875,1100,3678.305894
9047.310133,1146,3679.280717
4743.169035,764,3679.952093
9399.888066,1236,3681.011356
2361.781361,557,3681.519734
3723.950758,619,3682.081762
18325.835942,1818,3683.594038
13833.55931,1487,3684.828257
23649.301208,2389,3686.762316
4865.652896,699,3687.384289
10906.646052,1368,3688.546009
3971.607909,671,3689.145306
6419.959033,831,3690.183029
19177.297648,2089,3691.902504
23270.669051,2310,3693.799352
11212.175902,1442,3695.021392
4053.998454,657,3695.611822
17726.14688,1725,3697.044506
7172.592815,1013,3697.91608
3320.142936,606,3698.465309
13493.669367,1532,3699.750477
3900.698529,635,3700.317617
2052.156819,565,3700.834253
23070.525194,2175,3702.625848
6546.806521,1014,3703.502352
15106.273796,1768,3705.3096
9038.980396,1147,3706.290795
11640.104337,1306,3707.391359
15542.444539,1644,3708.777403
3148.726713,611,3709.326714
4823.91482,715,3709.968247
6414.613968,887,3710.738365
8898.185561,1179,3711.750062
13363.471524,1567,3713.058467
7087.87947,961,3713.895498
7183.112242,1023,3714.771836
13068.026055,1479,3716.009569
2751.595283,524,3716.493503
8658.328661,1111,3717.43836
22042.196502,2142,3719.518958
11685.671616,1456,3720.731141
8057.283312,1038,3721.629579
7305.246348,1005,3722.492324
11670.988063,1461,3723.703392
18049.515084,1837,3725.217684
6010.248915,880,3725.981672
6276.215479,879,3726.745069
6274.640294,1150,3727.706729
8666.294862,1174,3728.714596
7904.953493,980,3729.562258
2262.577555,525,3730.047311
6697.116064,949,3730.877839
9140.612516,1012,3731.745716
6917.073371,885,3732.514439
1651.902148,481,3733.319997
3027.490685,679,3733.926135
4746.67194,728,3734.574096
9219.886802,1090,3735.505948
12746.911181,1393,3736.682625
3591.300079,673,3737.290131
18704.208086,1911,3738.878407
10284.826218,1200,3739.907209
9567.99624,1251,3740.964012
8350.58358,1230,3741.996834
3284.32331,667,3742.594306
1843.835275,436,3743.010473
2513.493565,502,3743.479232
3159.418978,595,3744.02008
9980.771796,1352,3745.163117
2481.967758,550,3745.670538
10777.164435,1231,3746.718108
8216.778815,1104,3747.984691
11022.489964,1269,3749.068365
4329.707628,708,3749.701992
2277.038892,501,3750.170173
7373.58785,957,3750.999069
6637.851295,897,3751.772493
12977.548028,1430,3752.990944
12778.899095,1449,3754.213373
7495.800674,990,3755.064498
6905.452634,870,3755.821398
6112.916077,919,3756.614702
5938.385274,848,3757.353342
4819.995201,723,3757.996069
2104.28474,594,3758.533762
5130.798825,832,3759.255133
14778.075117,1623,3760.609604
11485.120571,1343,3762.060528
17582.54856,1743,3763.512456
22927.581258,2206,3765.324105
12290.985625,1371,3766.471275
4779.069306,647,3767.053453
9431.28207,1152,3768.01457
6960.531291,899,3768.795205
2500.588891,492,3769.250084
5192.41448,823,3769.966106
23198.274451,2257,3771.809666
3244.526354,593,3772.341696
22977.912424,2439,3774.321108
5152.890108,697,3774.937453
4709.063694,704,3775.558075
2361.411369,584,3776.399913
7091.096864,1000,3777.26711
18094.183378,1894,3778.816036
20795.639554,2130,3780.54641
5819.185611,793,3781.239918
7464.974538,1046,3782.121247
14758.451195,1489,3783.370119
4326.717422,677,3783.973405
22824.939979,2290,3785.845344
4874.769519,879,3786.605968
6376.850633,859,3787.355297
2494.143346,501,3787.817747
14964.494389,1606,3789.157882
9716.196005,1171,3790.494418
9468.139279,1186,3791.506553
8886.60261,1197,3792.525506
3539.973951,707,3793.158068
3785.985823,660,3793.74896
12103.991913,1355,3794.883224
22420.646704,2298,3796.750524
9608.345656,1147,3797.731797
2342.104221,544,3798.224182
13849.671204,1584,3799.549388
19801.883391,2035,3801.216537
13283.326574,1572,3802.52121
3216.64985,617,3803.078224
5372.863089,739,3803.726588
10749.958062,1375,3805.187426
7242.933733,1040,3806.069774
14451.74635,1545,3807.359055
10433.940265,1283,3808.444582
11553.56012,1409,3809.637869
1706.407592,548,3810.133926
10100.884612,1196,3811.145008
8742.529622,1116,3812.091007
2411.915364,530,3812.573533
22448.159721,2234,3814.397816
6807.705483,940,3815.212886
4917.696054,751,3815.873911
4835.54926,733,3816.528594
4186.545543,733,3817.165799
5502.241314,862,3817.919539
11948.162189,1445,3819.497827
3175.686522,677,3820.092192
22994.51766,2211,3821.897748
13505.227045,1470,3823.133785
5152.260991,736,3823.78393
4680.921065,748,3824.441379
8678.113151,1089,3825.38071
7820.51199,1009,3826.25908
10792.721438,1366,3827.401397
14415.127001,1551,3828.695699
4213.709329,646,3829.276231
13167.49663,1417,3830.461571
13130.414201,1415,3831.641397
6535.790556,992,3832.484267
9745.289778,1183,3833.82979
10581.494501,1234,3834.88028
9822.226821,1278,3835.946965
6296.16048,920,3836.733816
10226.216999,1190,3837.736437
9107.889493,1359,3838.881184
17377.651609,1813,3840.3796
11116.633264,1574,3841.662139
18083.977092,1844,3843.181697
6413.557455,933,3843.973727
15669.599635,1773,3845.428853
8089.385315,1005,3846.286033
15906.335753,1641,3847.967443
11747.653898,1312,3849.071218
15137.47332,1573,3850.394706
6999.486407,1026,3851.269945
23374.607358,2299,3853.171222
14208.108966,1452,3854.385616
9848.957576,1201,3855.401027
11834.238436,1306,3856.503633
659.843306,387,3856.879609
13356.339091,1547,3858.171791
12061.200568,1457,3859.396179
4042.380958,684,3860.006293
7161.296686,915,3861.11478
5849.908537,854,3861.864385
16438.573761,1637,3863.246
17345.456866,1819,3864.758247
8367.820868,1053,3865.66158
18040.096812,1824,3867.182864
4704.59928,656,3867.772154
11033.151681,1306,3868.87917
15539.062356,1645,3870.269689
8802.904571,1069,3871.185224
11178.066593,1332,3872.31813
19715.920122,1941,3873.926656
11421.259296,1283,3875.336379
10450.397001,1311,3876.434839
10017.223085,1312,3877.52982
14580.382045,1503,3878.78694
7064.06354,1014,3879.649215
7157.943222,1129,3880.598618
12680.881497,1454,3881.818705
23177.389126,2140,3883.568245
8747.886573,1125,3884.518389
3723.398011,645,3885.091417
7485.521149,953,3885.918788
6472.376819,882,3886.685041
6798.58237,879,3887.447296
7960.934805,980,3888.28554
7576.619296,946,3889.420506
8247.000649,1013,3890.2932
17742.140498,1805,3891.810696
15598.150181,1786,3893.298957
17811.523782,1862,3894.837392
8305.98396,1061,3895.741819
23068.584156,2133,3897.489027
11729.015759,1362,3898.642596
7426.172203,932,3899.443956
6688.054322,916,3900.230314
14156.484482,1567,3901.548668
11274.504067,1396,3902.710567
11918.295928,1396,3904.228678
22391.388757,2280,3906.089688
23011.855609,2204,3907.907075
8717.302979,1149,3908.875164
6912.742455,849,3909.619023
21807.549427,2182,3911.399011
5753.900273,866,3912.148243
12741.005749,1383,3913.322459
19705.68156,2001,3914.971244
14488.506269,1653,3916.362013
7823.183195,1061,3917.59218
14090.946016,1616,3918.94399
1202.12819,432,3919.357352
4887.890769,780,3920.034464
10744.503151,1160,3921.019527
10021.89349,1239,3922.083095
19219.834972,1950,3923.699622
22773.836083,2289,3925.580738
6488.994877,905,3926.363988
14271.001941,1707,3927.783095
22849.788275,2391,3929.746298
5638.426375,803,3930.451733
8376.731591,1189,3931.784807
19457.193449,2195,3933.614285
14218.549408,1659,3935.010744
23140.635448,2160,3936.793798
10198.127033,1262,3937.864565
16992.826139,1746,3939.31634
23356.555936,2178,3941.108717
15656.396551,1782,3942.592083
7757.785463,1018,3943.473769
13708.029879,1513,3944.744669
5090.048379,769,3945.744481
22023.585555,2315,3947.659524
19824.792011,2085,3949.381644
17074.763208,1832,3950.909735
23025.078357,2168,3952.697609
11282.595694,1371,3953.865542
16585.642423,1767,3955.324354
12904.513942,1474,3956.564
20541.526485,2329,3958.484143
6234.81675,898,3959.262811
16716.082839,1805,3961.079833
6047.061706,806,3961.784484
12357.610591,1424,3962.98561
12243.017933,1399,3964.160308
22792.494266,2323,3966.069088
10038.155626,1173,3967.059843
19398.820889,2014,3968.704163
11731.570903,1374,3969.853762
8681.621068,1066,3970.773973
17442.390574,1829,3972.296134
7583.255587,972,3973.121451
4988.54505,752,3974.109243
12455.481216,1340,3975.251095
6211.857568,926,3976.057088
13220.071836,1572,3977.369561
7737.160791,1117,3978.313729
17093.508673,1942,3979.924521
9544.593114,1333,3981.036646
9941.179184,1258,3982.096707
10003.786269,1116,3983.064623
5190.693516,700,3983.694024
10938.29618,1344,3984.82902
6169.827247,893,3985.606765
3452.939276,581,3986.136727
8109.020269,1225,3987.171483
12040.4861,1412,3988.716556
12585.112085,1440,3989.919392
15626.992446,1552,3991.217689
8527.822523,1027,3992.096935
11147.865216,1298,3993.193763
8852.815282,1199,3994.207193
11562.574764,1357,3995.351712
11051.462593,1344,3996.470398
12151.882638,1453,3997.677578
6566.440166,959,3998.506358
20098.797635,2169,4000.284161
5055.271338,692,4000.904473
5379.174519,760,4001.576847
23339.161853,2334,4003.822216
7329.343713,1074,4004.736535
4350.108759,706,4005.364639
8047.974883,1142,4006.328646
22728.923427,2280,4008.221421
9459.579209,1042,4009.1205
13909.089935,1501,4010.382607
10340.744463,1182,4011.385787
8282.31442,1128,4012.33299
20296.960789,2052,4014.025986
9962.858959,1209,4015.047997
23298.12786,2402,4017.328815
21647.354446,2215,4019.15731
13676.601883,1442,4020.393009
6239.348837,902,4021.180379
10415.467348,1329,4022.303321
9612.146728,1191,4023.312368
22294.116074,2269,4025.203382
6006.89219,908,4025.994862
6151.20456,797,4026.69855
4008.082046,635,4027.275194
17854.58333,2079,4028.985018
23221.562079,2220,4031.144494
13453.324,1643,4032.529707
14985.906279,1614,4033.901175
14338.473961,1524,4035.188754
21696.579731,2229,4037.029604
23330.018261,2389,4038.998595
8904.561328,1048,4039.90122
23294.700071,2392,4041.872927
12158.926772,1377,4043.042704
9098.354232,1151,4044.044287
16109.847873,1852,4045.905209
11705.199645,1340,4047.044161
7973.839403,1071,4047.971114
12845.664839,1570,4049.290154
23153.180638,2350,4051.223267
16491.681783,1783,4052.70548
8975.469002,1108,4053.662775
10745.545432,1358,4054.812517
23152.496765,2191,4056.626468
17236.123291,1910,4058.560984
6210.309465,774,4059.250774
10985.900771,1371,4060.41486
17125.186261,1762,4061.885406
5465.064611,760,4062.563652
18775.504066,1880,4064.127483
5350.75248,852,4064.877377
11000.913428,1537,4066.153847
15154.723512,1715,4067.598251
9280.803807,1141,4068.579379
23196.512946,2423,4070.571985
14098.076058,1551,4071.886322
22583.743159,2444,4074.239998
10050.862515,1128,4075.20663
8420.264427,1083,4076.144283
19345.896923,1909,4077.737171
15427.925496,1571,4079.06289
15066.984494,1568,4080.385737
4525.210883,778,4081.078454
22419.177226,2398,4083.048878
4360.078208,668,4083.655007
5183.739364,745,4084.312005
11736.363511,1368,4085.47453
16483.40454,1969,4087.414745
4624.125207,699,4088.045216
6165.133593,872,4088.815465
7324.636362,936,4089.622674
8151.22258,943,4090.447643
9889.298903,1214,4091.484569
7993.776293,918,4092.285206
5871.00484,792,4092.987258
20939.883832,2085,4094.726764
10313.154574,1134,4095.694126
20839.262306,2132,4097.458534
22778.583809,2445,4099.457661
5306.150647,873,4100.215632
21204.401678,2238,4102.426754
12710.786724,1390,4103.610869
7210.641973,922,4104.414237
23290.525504,2401,4106.393765
23342.082684,2366,4108.345441
4354.30924,726,4108.990023
23024.734047,2279,4110.873336
5269.993423,710,4111.507737
1869.833389,476,4111.966961
12352.712257,1292,4113.072475
9802.426218,1300,4114.182461
23293.436479,2341,4116.42027
22814.778818,2442,4118.409415
13222.910032,1521,4119.691163
23387.784715,2493,4121.699947
6936.74483,880,4122.471576
22352.369642,2472,4124.49106
23187.147249,2274,4126.358726
9209.00815,1058,4127.272565
12374.060846,1615,4128.633036
10944.139553,1330,4130.063561
6976.803055,973,4130.901121
8119.544852,1024,4131.772834
15387.984056,1850,4133.300881
7653.58871,897,4134.085928
14086.238177,1606,4135.423979
8603.968265,1143,4136.401472
9502.336924,1081,4137.329466
11866.095781,1570,4138.635128
18863.403843,1917,4140.217747
18183.470459,1897,4141.787507
14859.481472,1650,4143.529752
23428.110514,2287,4145.3799
19922.999928,2189,4147.164575
14349.48326,1640,4148.523829
5165.813235,791,4149.218323
22533.410501,2280,4151.086029
6078.29786,855,4151.833428
11966.297355,1349,4152.975664
14589.505661,1697,4154.373586
22920.393005,2277,4156.234667
8379.710452,1117,4157.5002
8052.754965,1087,4158.434402
16226.953236,1947,4160.035033
11556.897159,1383,4161.195711
19293.987563,2227,4163.020922
17251.007049,2117,4164.748791
20955.661198,2186,4166.544015
5490.558547,845,4167.286982
23214.677084,2338,4169.213902
12899.619619,1503,4170.472064
14739.844887,1618,4172.198891
13059.458095,1393,4173.395621
17293.531857,2026,4175.081905
22920.001323,2473,4177.104186
17888.495237,1938,4178.731026
13184.903346,1614,4180.088232
20504.162335,2068,4181.81435
21401.716031,2427,4183.819755
11410.814611,1348,4185.296162
7033.388717,870,4186.060435
15892.374564,1725,4187.513904
21190.052768,2315,4189.417775
21696.048588,2317,4191.324797
23434.38922,2379,4193.277809
4676.738024,749,4193.942158
9295.027544,1187,4194.952036
23194.545783,2528,4197.011141
11666.020485,1301,4198.110377
16324.379654,1745,4199.891385
5958.707353,800,4200.600381
23204.810524,2420,4202.584849
10450.010522,1224,4203.640238
10065.650445,1078,4204.571761
9617.135203,1153,4205.567836
16723.523794,1933,4207.17618
10766.247386,1264,4208.249524
7522.604019,999,4209.111996
12671.352616,1591,4210.450259
6495.168676,880,4211.223742
17948.790323,1940,4212.832008
20530.126471,2340,4215.069004
7891.860451,976,4215.914735
22031.128363,2374,4217.872097
10989.246701,1419,4219.058701
17772.261866,1981,4220.703877
5272.888516,732,4221.359377
10975.44419,1310,4222.48547
8195.490386,1012,4223.367639
11404.270894,1415,4224.573806
23369.644984,2163,4226.381387
11651.35452,1316,4227.824378
11304.20387,1456,4229.058833
19219.156254,2190,4230.880536
16683.263538,1871,4232.425345
14435.689693,1675,4233.837789
7454.901663,1022,4234.723205
18393.660764,1932,4236.338052
13938.344793,1602,4237.692626
7155.091842,945,4238.507194
12202.578018,1332,4239.62367
10137.93067,1263,4240.71516
15921.52209,1703,4242.473241
14874.392363,1646,4243.860711
14800.672304,1634,4245.239049
13616.859679,1624,4246.605256
21387.954349,2462,4248.629913
12765.874467,1618,4249.989767
10362.164907,1199,4251.01482
23241.727872,2378,4252.972028
7586.636073,1084,4253.907017
