#{"t_start": 1702415058.2036784, "env_id": "cpg_slopeEnv"}
r,l,t
-1432.865446,471,1.163129
-1116.869133,273,1.629565
-1284.239319,489,2.364927
-1174.721081,547,3.15563
-825.508081,634,4.074867
-1616.25122,243,4.501294
-1109.318592,371,5.085605
-1111.570921,422,5.73369
-1388.485959,228,6.139607
-1381.642264,203,6.519291
-1694.053383,383,7.129938
-1184.540508,306,7.639055
-1780.839972,437,8.29765
-1671.008859,408,8.93845
-2579.125609,666,9.888939
-1308.012848,236,10.298144
-1748.403924,490,11.034381
-1426.484298,208,11.414923
-1009.303117,340,11.950431
-1729.087356,483,12.668891
-2030.56536,472,13.379687
-1532.703833,209,13.761967
-2446.243615,639,14.670816
-1900.356093,326,15.194942
-1099.251511,779,16.288862
-1401.40757,424,16.958906
-2114.535105,525,17.725337
-1742.466023,375,18.306036
-2464.583154,789,19.389626
-1830.49238,525,20.156361
-1522.607153,393,20.75921
1652.987846,1421,22.71267
-1604.431631,435,23.37749
-1452.14876,340,23.923165
-1618.758895,622,24.827364
-1781.653709,487,25.543836
-1128.481371,431,26.202886
-1658.71132,235,26.647218
-1209.52166,447,27.322644
-1362.454441,563,28.147043
-1093.077366,231,28.553412
-870.818144,350,29.099512
-1440.461623,247,29.515288
-1794.611978,480,30.229198
-1714.371274,742,31.269392
-2065.145037,609,32.174007
-1490.484865,342,32.709211
-1011.120093,431,33.359963
346.089511,940,34.643118
-1285.224085,439,35.304364
-1489.658546,689,36.281123
-1324.090795,461,36.995549
-1227.142401,461,37.690621
-1751.456137,376,38.278284
-1367.330852,417,38.919424
-1494.517871,610,39.805639
-1550.422388,281,40.272089
-1681.714998,712,41.29375
-588.374233,805,42.411831
-1987.686849,454,43.139953
-1267.716043,516,43.908449
-1555.980271,584,44.754739
-1602.444614,517,45.518504
-1221.448837,437,46.179698
-1752.119896,500,46.91358
-1203.805608,441,47.576353
-1437.071036,635,48.489129
-1210.673953,425,49.138189
-1536.907036,385,49.737163
-1970.496685,406,50.374827
2100.642649,1480,52.351974
-1496.401745,422,52.998954
-1599.826898,541,53.779874
-1784.269983,448,54.447336
-1524.560125,659,55.397225
-1416.58184,224,55.794774
-1808.803496,469,56.489271
-1555.620147,297,56.970151
-1926.387844,334,57.500904
-1389.536538,458,58.195423
-1438.364568,321,58.714483
-1683.452624,295,59.191982
-1701.148197,347,59.73389
-1465.670543,357,60.301703
-1253.888506,474,61.007756
-1506.237686,265,61.460445
-1220.169533,283,61.927716
-1087.343313,460,62.625392
-1506.768297,380,63.208514
-1866.0735,409,63.832474
-1237.576734,385,64.422465
-1918.622617,598,65.270501
-1479.305487,484,65.994248
-1720.640988,769,67.075315
-1340.399571,284,67.576191
-1518.923667,444,68.232479
-1070.756135,238,68.643831
-1135.45923,501,69.392896
-1617.522585,376,69.969796
-1171.801578,822,71.10159
-1140.706269,286,71.573931
-1467.388565,847,72.751271
-1555.502773,457,73.445855
-879.285433,647,74.35796
-2532.561504,872,75.580858
2687.309707,1242,77.23428
-1374.78353,442,77.940334
-1452.502451,619,78.833673
-913.035029,1083,80.299364
-1782.291222,522,81.063298
-1314.79746,596,81.912786
-1284.242151,447,82.585624
-263.941703,881,83.809908
-1555.589116,364,84.383511
-981.833892,459,85.074717
-1470.658407,671,86.020433
-1073.982704,345,86.56104
-1555.435765,512,87.327574
-1248.454984,287,87.825516
-1489.905708,255,88.269286
-1231.694392,482,88.982638
-1476.048224,469,89.690073
-1268.122829,528,90.463391
-1082.169518,268,90.917347
-1647.584254,312,91.433514
-1705.647618,784,92.515243
-1160.96474,345,93.072114
-1437.450093,593,93.926069
-1078.75583,296,94.407045
-2334.459624,399,95.010867
-1479.045121,301,95.510603
-1622.01633,424,96.159208
-1776.050421,664,97.114394
-1445.841062,324,97.638029
-1498.682513,568,98.983497
-1484.321701,382,99.579029
-958.127485,565,100.408323
-1235.999436,420,101.053479
-1332.417193,499,101.790749
-1856.0505,395,102.402313
-1579.32165,413,103.040268
-1800.03135,264,103.498822
-1138.506454,469,104.215809
-1584.661444,354,104.788631
-900.822907,606,105.670468
-1896.949838,495,106.397042
-1624.091578,262,106.849729
-843.920012,295,107.328844
2312.367083,1328,109.117254
-2467.868455,671,110.073777
-2254.281313,687,111.039811
-1588.990003,870,112.264498
-1393.884397,373,112.849787
-1416.604813,452,113.540648
-1608.973355,342,114.094142
-614.069785,962,115.408738
-1269.738445,387,116.014009
-1072.543068,714,117.026853
-1055.737771,391,117.626733
-1649.240877,525,118.401139
-1592.820147,383,119.030175
-1693.792973,347,119.575287
-1193.512509,320,120.093385
-1499.051924,210,120.47698
-1537.478255,519,121.254097
-1363.533359,229,121.663499
-1678.84594,372,122.242596
-1154.557967,377,122.828969
-1457.725936,319,123.355515
-889.69683,407,123.989764
-1238.469611,904,125.251355
-1326.298572,770,126.337696
-1683.150967,621,127.237383
-1164.059623,355,127.80798
-1184.968072,408,128.444501
-1512.016505,429,129.10137
-1386.466454,401,129.731238
-1252.215829,230,130.139463
263.23843,979,131.538643
-1600.401467,486,132.261255
-1645.176499,282,132.729158
-1401.595796,450,133.403327
-1479.196386,340,133.940757
-1783.51225,308,134.450565
-1727.656876,322,134.97293
-1328.198967,383,135.578808
-1851.315791,367,136.159233
-1554.496061,662,137.104759
-1101.073042,248,137.527508
-1292.627277,579,138.367037
-466.974691,1125,139.884642
-1278.27744,437,140.566713
-1402.343574,384,141.169125
-1403.678897,288,141.641589
-1948.666574,1133,143.159844
-1260.276822,315,143.668541
-1162.580749,409,144.299525
-664.331799,996,145.656868
-1753.016264,729,146.704904
-1343.609574,263,147.156078
-1556.493531,427,147.808797
-380.812455,1094,149.278639
-1347.395575,331,149.805867
-1407.175079,241,150.220159
-2232.000666,595,151.126927
-1413.543578,390,151.733322
-117.461533,896,152.961975
-1667.383327,250,153.38672
-1611.304212,830,154.537615
-1179.488023,1299,156.298945
-1406.367063,398,156.914669
-1287.066161,535,157.701591
-1126.868439,392,158.306504
-1790.325497,635,159.223034
-1461.79308,983,160.581946
-2016.582821,467,161.302561
-1268.447456,241,161.720542
-1398.552991,466,162.429942
-828.503665,439,163.091665
-1714.815155,296,163.573627
-1183.252534,272,164.03352
-1574.362302,376,164.618682
-1385.579514,405,165.248829
-1483.5977,372,165.835868
-2057.744456,485,166.558829
1839.217912,1538,168.649006
-1303.299838,323,169.170322
-957.869009,476,169.882697
-1351.186359,321,170.406008
-1511.163904,743,171.451087
-1665.510068,496,172.183881
-1189.785443,357,172.762682
-1167.158971,366,173.366303
-1360.476356,295,173.849744
-2234.337337,363,174.433453
-1228.946849,366,175.015151
-1978.297491,498,175.749797
-2010.518495,561,176.574415
-1797.543685,371,177.156264
-570.020966,821,178.303332
-1421.263116,315,178.821359
-1468.14535,403,179.445712
-1739.601225,374,180.029303
-1403.601464,392,180.635507
-1725.210884,698,181.626799
-992.785707,615,182.517296
-2093.895884,602,183.395428
-1436.95146,343,183.940035
-2791.850103,1098,185.445518
-1663.807818,609,186.336063
-1363.072981,339,186.874796
-1161.128236,355,187.444612
-1101.835633,407,188.07824
-2174.769695,533,188.862502
1544.768244,1279,190.589006
-1730.257403,411,191.233552
-2077.419702,568,192.063934
-1211.710551,314,192.575559
-1510.989319,416,193.214176
-1775.109966,431,193.873263
-2672.005843,591,194.727428
-1386.444422,695,195.712223
-1802.335368,250,196.142711
-1203.00612,340,197.194652
-1353.201098,261,197.647867
-1416.741262,428,198.300059
-1679.733931,327,198.829518
-2896.141304,1161,200.4236
-1930.687033,506,201.185662
-1190.791089,346,201.735544
-1339.689129,306,202.247561
-1549.075943,317,202.772214
-1677.320323,307,203.282645
-1337.440153,423,203.936674
-1434.679081,479,204.652905
-1750.928039,623,205.556299
-1621.662511,444,206.229866
-1517.174195,476,206.948911
-1199.393621,410,207.588969
25.708216,790,208.687195
-1794.773735,569,209.552188
-1330.754472,316,210.072829
-1338.800324,415,210.720792
-554.444909,615,211.618541
-1168.341695,258,212.072818
2168.42906,1328,213.85547
1152.164615,1015,215.287296
290.705528,792,216.385011
-256.875902,694,217.37034
-1847.766581,379,217.962009
-2025.034116,524,218.748438
133.202044,831,219.922379
-1637.465886,517,220.69041
-1827.683865,293,221.180045
-1487.901935,663,222.161287
-1392.695825,455,222.864659
-1918.880423,470,223.582638
-1731.77541,300,224.083562
-1210.083771,272,224.565286
-1137.364308,335,225.106225
-1309.417627,640,226.040366
-1357.18431,528,226.826462
-1524.22213,315,227.343403
-1675.776887,540,228.132931
-1191.210611,497,228.86557
-1232.128358,358,229.440491
1286.486008,1094,230.94714
-1188.49628,571,231.785526
-1323.42669,404,232.418756
-796.336239,316,232.940391
-1333.227895,433,233.611215
1784.401812,1136,235.149057
-1037.101748,239,235.567164
-1217.086782,666,236.565723
-1504.039938,225,236.968006
-1262.370464,686,237.95498
-676.07109,1610,240.100339
-1215.85725,686,241.077981
-1315.601591,518,241.849537
-1595.361204,249,242.2751
-911.85772,459,242.984022
-1413.654279,680,243.951942
-1333.253011,196,244.312629
-1287.759953,247,244.738293
-1111.72264,660,245.691824
2916.279112,1496,247.691407
-1507.068964,427,248.350644
-1753.797053,410,248.997004
1458.313967,1289,250.733221
-1444.754008,283,251.206313
1436.730805,1459,253.201224
-2034.133556,523,253.975916
-1588.017916,248,254.401125
-1370.065509,250,254.825533
-1446.90585,446,255.488762
-1498.506125,387,256.093587
-1767.976244,249,256.522442
-1149.536114,1017,257.960174
-1892.141366,722,258.987158
-1615.865963,578,259.830652
-1502.154241,317,260.353196
-2212.417627,521,261.13038
-1324.009316,652,262.07904
-1857.579479,1127,263.62983
-2211.586568,879,264.863484
-1493.827584,400,265.477587
-1569.566156,421,266.121191
-1612.613168,245,266.540371
-49.239312,841,267.725192
-1371.859752,273,268.191474
-1335.165157,548,268.996202
-1436.284477,1128,270.545816
-2514.261614,743,271.59109
-1425.437742,451,272.295771
-1596.675447,658,273.259746
-1073.592141,639,274.177765
-2279.033255,373,274.763159
-2054.613658,388,275.365878
-1171.195642,301,275.868843
-1701.218234,316,276.388756
-1510.637704,465,277.099261
-1173.879086,256,277.551187
-782.985339,1077,279.027277
-1554.298791,614,279.925099
1984.232597,1376,281.776078
-2240.549307,312,282.289454
-1749.092606,693,283.279181
-1575.206829,237,283.699307
-2117.592451,362,284.323901
-801.938794,386,284.924562
-1357.045511,448,285.601032
-1144.505912,371,286.191335
-1111.478074,258,286.642016
-1405.558558,958,287.957187
-1395.129028,366,288.542634
-946.778453,1423,290.50709
-1536.019352,1110,292.028363
-1509.28466,271,292.494267
-1769.826518,709,293.511498
2980.394661,1825,296.49042
-1463.035893,413,297.129042
-1555.839191,453,297.832578
-1544.18673,414,298.48733
-1379.18932,313,299.024563
-1414.07285,285,299.53178
-602.888031,750,300.578558
-1271.854678,252,301.025655
-1262.365804,411,301.662113
-1487.77608,350,302.209057
-1152.816151,434,302.870415
-1640.060027,256,303.324431
-1196.634171,662,304.32171
-1082.034895,801,305.466089
-2020.673189,410,306.116688
-2110.059639,606,307.000273
2658.674512,2055,309.775837
-1153.852048,499,310.511826
-993.370087,439,311.172764
-1412.030613,572,312.011743
-1716.87973,521,312.784827
2741.925397,1483,314.768747
-1413.425149,439,315.431175
1241.947964,1615,317.573818
-230.939762,725,318.601241
-1962.017163,447,319.279066
-1505.661759,263,319.757261
-1146.725237,432,320.424688
-1580.685725,232,320.833225
-1388.794293,434,321.491718
-1536.474948,394,322.10328
-297.069186,780,323.204053
-1328.76651,416,323.848016
-2063.499788,492,324.621325
-891.020764,653,325.563002
-1529.120985,272,326.026181
-212.280136,691,327.007326
-1331.966603,283,327.482057
-1349.87877,616,328.38499
-1131.859125,405,329.023358
-2171.483767,492,329.756839
-1058.633925,779,330.865039
-1420.779956,284,331.359015
-1461.394531,356,331.934458
-1487.419312,299,332.420236
-1800.455894,926,333.716125
-1440.876705,269,334.177914
-1917.971628,588,335.037961
-2143.544572,369,335.625959
-1413.405118,460,336.33627
-2738.002753,622,337.245261
-1692.10824,808,338.388497
-1382.80596,341,338.930557
-1435.851134,400,339.537337
-534.512031,404,340.168397
-1444.131129,342,340.71284
-482.019292,613,341.640442
-1393.717915,580,342.490181
-1965.638242,546,343.29469
-2352.984256,615,344.192254
-1985.352559,352,344.763532
-711.003796,326,345.289396
-1201.668008,699,346.281038
-1356.403632,335,346.819701
-1711.052598,463,347.528007
-1834.323886,369,348.110267
-2023.354001,436,348.777404
-1515.248366,1036,350.199873
-1304.629205,342,350.750141
-1153.209373,261,351.203874
-1286.094675,264,351.662182
-1242.736576,521,352.430072
-1661.19726,467,353.132178
-1375.34463,466,353.833762
-1154.031213,238,354.251494
-1349.501141,294,354.732838
-1332.83626,201,355.111694
-1644.665535,324,355.64047
-1487.912274,355,356.210438
-1330.48967,265,356.669758
199.443296,1292,358.432414
-1328.283943,1117,359.960191
613.291417,1011,361.345026
-1785.959267,379,361.939212
-1594.031148,277,362.403502
-1346.00794,254,362.849141
1856.329818,1314,364.654169
-1328.090585,414,365.300866
-2444.087168,594,366.169207
-1100.610597,383,366.76512
-1237.232145,293,367.248848
-1387.860597,394,367.858721
-1402.243521,453,368.560744
-1513.032106,401,369.189204
-1801.36565,561,370.019171
-1716.57506,488,370.74749
-902.495099,393,371.35262
320.139247,1497,373.373678
-1001.811159,322,373.903435
-1185.969547,479,374.625337
-1473.706644,283,375.094788
-1502.779608,487,375.826946
-1450.183233,266,376.286382
-1416.198408,390,376.893557
-1229.343639,394,377.497779
-1295.541574,1681,379.762407
-2389.18607,808,380.906313
-1183.365347,269,381.366221
-2931.738119,746,382.405906
-1817.425822,339,382.949115
-556.079295,1162,384.535851
-1376.334512,245,384.957492
-1885.334477,568,385.795006
-1190.823153,248,386.220641
-1275.58625,379,386.811002
-1356.007739,330,387.344254
-2142.531641,481,388.066001
-1910.70021,283,388.539233
-1548.183333,341,389.112633
-1942.395771,935,390.40651
-1846.903774,372,390.993163
-1470.14337,428,392.175941
-1343.228161,300,392.674917
1995.249355,1304,394.43617
-1876.987714,676,395.39613
-1305.623927,272,395.855631
-1506.312069,249,396.274349
-897.546899,610,397.154129
-1189.638322,366,397.737408
-1999.347055,675,398.697967
-373.144184,703,399.751803
1488.432655,931,401.021072
-1609.788613,781,402.108074
-2363.238663,699,403.097256
-1873.743453,667,404.10969
-134.566171,1007,405.50006
-1298.756841,277,405.967128
-1697.917341,442,406.643273
-1519.946724,342,407.188201
228.555036,833,408.34795
-258.973443,921,409.693455
-1242.668623,446,410.364271
-2744.040559,840,411.53093
873.926268,1057,412.973185
-1844.630716,573,413.806583
-1485.227078,333,414.348569
-685.560938,1048,415.77534
-1473.424825,737,416.822718
-1513.09116,451,417.511267
-1276.880445,284,417.981046
-1617.566946,447,418.653997
-1492.171003,707,419.692772
-1533.267374,505,420.449236
-1170.566894,347,420.991802
-1293.876606,388,421.590623
2312.000896,1300,423.330422
-1951.231941,765,424.41696
-1475.383939,356,424.994792
-2558.25097,1180,426.60896
-1111.707326,244,427.027603
-1412.899629,345,427.566401
-1210.078536,391,428.174927
-1092.508639,705,429.190878
-1320.060048,711,430.225042
-1143.005005,1210,431.875416
-425.467744,978,433.223674
-2934.695858,619,434.117645
-898.840202,665,435.078273
-1561.840379,290,435.552475
-1386.942709,414,436.192417
-1289.415417,410,436.832184
2641.37679,1324,438.610513
-961.486002,394,439.216932
-1476.929737,239,439.664305
-1314.887353,791,440.770834
-1567.796784,445,441.433031
-92.709818,826,442.579172
-1458.292629,446,443.243654
-2147.924747,708,444.252431
-1489.458894,267,444.733106
-1279.753864,373,445.325922
-2185.50452,401,445.95482
1520.433863,1626,448.114263
710.942362,1352,449.956641
149.162315,830,451.106718
1442.769887,1135,452.634178
-1500.39916,265,453.08825
-1353.835127,223,453.490878
1098.840525,1557,455.584275
-1833.92499,330,456.114531
-1115.318327,448,456.788155
-889.932781,387,457.381855
2755.038562,1324,459.150679
-1025.407468,413,459.808174
-1435.345329,343,460.350429
-1520.186782,404,460.984741
-1653.973062,291,461.464317
-1296.785534,252,461.909823
-1603.485737,321,462.427734
-1366.57293,249,462.851794
-1164.603729,871,464.062559
-1642.267142,504,464.816529
-1730.862283,639,465.740947
2486.087866,1582,467.897012
-1289.902567,296,468.375905
271.660162,935,469.6547
-1802.800956,270,470.130311
-1045.288007,275,470.593885
-2234.271853,873,471.793545
-1211.574529,240,472.209224
-295.210937,787,473.299452
-2505.277884,716,474.30986
-1381.041702,403,474.975755
-2194.759663,720,476.001943
-1542.881145,462,476.703108
-1840.438885,880,477.92523
-759.297809,1462,479.909308
-392.028853,740,480.968914
-1450.005755,535,481.746658
-189.900299,874,482.943442
-753.694586,418,483.5801
-1068.172562,387,484.172556
-1244.092083,246,484.585351
-929.495887,351,485.183579
-1668.317418,411,485.831722
-1400.627418,247,486.248645
-1337.061174,1396,488.614645
-1210.92437,241,489.029983
-2074.124979,797,490.200775
3240.062054,1721,492.461017
1725.053631,1871,494.900972
-1320.390852,300,495.425332
632.58789,1745,497.713832
-1378.66377,408,498.347572
1070.166759,1013,499.718294
-278.349054,1372,501.573103
-1152.485074,419,502.216144
-450.604193,1022,503.613466
4400.94076,1793,505.953137
3062.584725,2186,508.774345
-1320.676295,304,509.280219
40.345381,1036,510.699576
347.516113,1253,512.385126
-1133.454634,421,513.033836
-1224.542348,265,513.491193
-417.64291,954,514.818613
-2143.456178,639,515.750368
-2382.829366,519,516.519265
-842.879386,418,517.163666
2803.53842,1463,519.115803
-1520.570338,663,520.062798
-1681.410443,562,520.899892
-1231.239414,304,521.404766
-2061.970491,534,522.178336
-2909.150487,762,523.240544
-1353.213158,319,523.757097
-1071.899111,350,524.302295
766.979839,1201,525.95452
-1212.583386,371,526.538088
-1058.27808,1492,528.507094
-1378.049695,941,529.788806
-1306.024858,521,530.608545
-1226.290914,235,531.02205
-808.96998,439,531.680154
-1457.428092,371,532.265258
-1669.679362,549,533.05503
-582.137138,828,534.197061
-1640.636655,500,534.931523
-791.72132,676,535.92852
-2063.699045,1042,537.343557
-1718.290205,711,538.354821
-1210.780702,275,538.813895
-1312.181192,479,539.529642
2254.840491,1384,541.425408
2846.408953,2124,544.20846
-2681.361779,892,545.436519
2367.654171,1874,547.941881
-799.056468,563,548.769663
-1722.436597,461,549.461013
-1669.909598,452,550.145909
-1047.873716,521,550.923356
-524.967371,1420,552.873731
-1216.903524,429,553.531572
-1065.335594,740,554.55233
-1743.404191,500,555.276288
-1448.64337,358,555.845134
-1342.254138,348,556.387081
-1543.846275,326,556.91011
-1337.275558,500,557.654695
-1396.541545,267,558.109735
-1537.520428,794,559.204843
-1797.575585,271,559.66138
-1257.407281,288,560.132376
-173.893436,1504,562.131529
-1483.563427,392,562.767283
-1455.751136,490,563.481072
-183.392394,1257,565.171561
-876.18439,678,566.133999
-1979.643706,768,567.212186
-1098.656493,293,567.698392
-1046.974421,653,568.642598
2818.006536,1348,570.427996
992.030966,1264,572.140112
-1947.881357,443,572.837145
-1326.276101,310,573.351874
-1082.449939,571,574.184141
1553.887024,1780,576.534335
-420.937384,992,577.885478
-1928.182664,378,578.472776
-1011.398674,258,578.919782
3301.937693,1730,581.67733
-235.057412,519,582.439676
-1082.865986,320,582.975745
-729.851168,592,583.823647
-1434.941395,409,584.450193
-1740.125127,315,584.960702
-189.236744,940,586.241987
-2455.485117,651,587.185521
-1631.636018,510,587.955395
-1388.956549,330,588.486866
-1397.850823,361,589.063284
-1474.886125,247,589.484578
-1650.65957,1065,590.919613
-1030.404802,428,591.562828
-560.525288,1757,593.900625
-1363.519966,407,594.52704
-1108.754491,313,595.034954
-677.331371,647,595.943936
-1119.033085,373,596.522551
-1751.786754,296,597.001199
-2009.128053,781,598.095718
33.489595,1089,599.555295
-2180.177141,631,600.448792
-1450.166,409,601.077332
-1535.021116,326,601.600747
-4.439262,681,602.549151
2937.658865,1392,604.41978
-2059.806476,364,604.997921
-1479.334044,396,605.605287
-1308.876499,346,606.147416
-2040.116495,486,606.858338
-1449.030538,543,607.639643
-1553.443933,418,608.291169
-894.314349,471,608.988401
2575.441214,1586,611.072114
-335.28959,914,612.332687
-1529.269184,419,613.00011
1713.755421,1425,614.886116
-2817.306104,871,616.083903
-1615.029195,287,616.549721
-1172.322305,430,617.200959
-1503.05386,429,617.854217
-1823.507171,394,618.462959
1217.993865,1048,619.865051
-1006.764101,290,620.3401
-2324.771314,691,621.30736
-1158.465524,382,621.903419
1088.929567,1308,623.68218
-1570.505172,313,624.198442
-2458.600423,694,625.170408
-316.471114,475,625.868134
-1182.527684,486,626.582177
1311.504089,1330,628.377124
3075.109906,1685,630.583226
-1859.403333,506,631.340513
-1536.356736,402,631.968503
4017.375396,1716,634.243311
-1555.602549,280,634.706806
-1425.97464,292,635.183939
-1521.355689,557,636.003254
2517.47621,1295,637.717544
-679.941186,1238,639.381463
2081.183624,1203,640.998362
-1569.731975,511,641.759876
-1356.36406,335,642.290499
-44.258973,987,643.645297
2048.813369,1766,645.958809
-1497.372715,743,646.999032
-1030.005242,520,647.765231
2712.508384,1727,650.038668
-688.301204,510,650.79476
-1722.15487,443,651.450091
379.67971,1270,653.134972
-1281.494113,376,653.752957
3638.086447,1970,656.32029
-1760.260343,246,656.739692
-2438.583798,961,658.070396
-1616.981993,407,658.712843
-1397.871601,394,659.310256
-1463.999485,415,659.941027
-1699.694454,476,660.638784
-1707.509295,458,661.324083
-2032.549582,465,662.021656
878.336098,1056,663.455458
-846.286499,363,664.052869
-94.510795,730,665.07646
-978.919551,786,666.167676
-1220.492578,931,667.432941
1782.039279,1654,669.612201
-1790.086521,371,670.183609
1559.818402,2512,673.996913
-1692.91732,520,674.75944
-1349.037902,469,675.461871
-2116.485034,341,675.99904
-1776.934368,681,676.961472
-1138.629265,394,677.558077
-1029.660454,307,678.067808
-3173.100794,743,679.113411
-1051.286308,541,679.902096
-1146.601096,389,680.500723
-1403.123644,363,681.075355
-1388.72506,300,681.555814
-1185.726489,613,682.43269
-1546.005901,481,683.141635
74.138009,1730,685.437036
-1167.458494,319,685.95451
-1169.70609,269,686.411794
-1551.003597,479,687.127155
-1761.666283,303,687.63135
476.966884,2137,690.39977
-1257.239558,523,691.168846
2048.142296,1744,693.448615
-1485.642518,392,694.081287
-1606.138718,1074,695.541157
-1384.381107,330,696.068744
-1938.869983,524,696.837947
-1291.945425,327,697.36552
-1402.401428,310,697.878075
-989.253837,360,698.453658
-959.408326,873,699.676709
-1104.72619,352,700.245559
-1334.915052,564,701.07251
-2428.565558,676,702.030326
-1058.050015,291,702.504182
1931.837342,1686,704.749552
-1913.230064,472,705.455935
-1140.623184,583,706.294225
-586.009152,898,707.522298
-1302.144775,318,708.045849
-1134.008693,871,709.268563
-1117.178933,548,710.063728
-2081.089856,444,710.727536
-1962.581038,537,711.506566
-1196.696935,371,712.08674
-249.855813,1233,713.740267
-1828.628639,792,714.89863
-1891.639399,610,715.780608
2726.051816,1309,717.541294
-1838.151926,581,718.376051
2415.521292,1758,720.736951
-1162.696674,321,721.254646
-1241.371504,767,722.319078
-1553.621851,461,723.022241
-2259.403957,847,724.223548
-994.768731,287,724.725734
-1293.955131,502,725.480491
-1394.328338,644,726.393291
2706.082358,2413,729.572647
-1273.624744,397,730.182947
-607.266822,1052,731.613609
-1395.144411,318,732.13369
-1418.422539,743,733.167079
-2121.266754,630,734.063076
1519.095931,1294,735.851111
-1421.294846,408,736.485444
-909.657653,557,737.303112
-2254.338217,761,738.375775
1574.953867,1845,740.796263
408.919963,1361,742.591339
-843.845351,1561,744.686963
-1503.817509,353,745.25916
2351.525401,1565,747.336822
2638.07365,1523,749.3415
-1033.939032,396,749.956235
-961.964259,547,750.750489
1968.246704,1950,753.288039
1184.018569,1811,755.671812
-1053.460621,335,756.206837
-1390.013478,353,756.776689
-1160.351415,359,757.346805
-920.102712,1387,759.19462
-1329.003518,1221,760.847267
-1569.322707,673,761.806402
-1308.979661,412,762.44187
-1871.62699,481,763.157807
2134.444383,1614,765.828822
799.165929,1342,767.602052
-1610.442642,416,768.230658
1195.108737,2213,771.104351
-675.334132,1127,772.621779
2431.735104,1897,775.120712
-1524.439327,618,776.004202
-1401.23681,594,776.854681
-2106.160535,1124,778.363229
-1515.393468,571,779.182187
-592.137951,1426,781.116831
50.313396,1346,782.897338
1822.302331,1676,785.143458
-880.739032,1278,786.838585
-848.628629,453,787.516637
-1595.844962,251,787.955439
-1118.408231,408,788.585516
-1123.500208,351,789.143452
-295.825112,1151,790.70616
2855.650212,1625,792.83675
-167.587272,1003,794.2079
199.887412,839,795.360533
-973.023285,437,796.023414
-790.319825,902,797.250965
-1979.915798,638,798.15467
-943.564979,384,798.744922
2359.734876,1885,801.266029
-1333.319579,396,801.865628
1261.291025,1137,803.387158
-1109.229054,413,804.01695
-1524.316213,442,804.667635
-2244.305449,1239,806.363928
1866.183913,1533,808.387948
-1304.314658,516,809.155133
996.944486,2010,811.77839
-1285.616305,513,812.528003
-386.117687,722,813.534992
-548.261002,1759,815.842488
-1552.822958,567,816.660867
-2037.762416,860,817.839914
-1712.482711,550,818.633121
-2487.37986,903,819.879868
1063.788193,1375,821.75235
229.901236,1071,823.185135
-134.601403,1147,824.703337
-1439.5402,332,825.231838
-2176.166775,593,826.092321
-2349.118249,610,826.974991
-1579.582248,485,827.68697
1104.934081,1585,829.773523
-1114.393991,399,830.387143
-1365.76469,648,831.306205
-571.191286,1211,832.924007
-2676.436206,631,833.814913
3040.704225,1743,836.089428
1408.485399,1840,838.486012
-1435.388521,615,839.360844
3084.747752,1397,841.229473
1420.071665,1357,843.023367
2545.383086,1551,845.066671
-1372.81858,862,846.284457
3282.427811,1607,848.39859
3683.112567,1842,850.813098
-1181.777641,331,851.346695
-630.189287,1090,852.798432
101.663445,758,853.85719
-990.325927,1019,855.784732
2193.904066,1824,858.1888
2109.075471,1628,860.322374
-1874.593379,584,861.170561
1151.959636,924,862.428822
-1088.485703,308,862.937925
1774.590466,2262,865.906225
-2367.005005,1224,867.558145
-1455.741257,433,868.207319
-1534.042668,779,869.303046
-1163.340904,308,869.818024
-1047.308005,582,870.654396
-1054.81657,1069,872.160639
197.641206,1559,874.225468
-1024.723444,480,874.93708
-3279.583263,934,876.241555
2968.09447,2595,879.612065
-2438.197185,819,880.745325
3073.478368,1467,882.730149
-1417.825554,351,883.297048
-939.64889,476,884.002761
1489.404091,2218,886.901467
-38.898235,956,888.217053
-1636.178913,1116,889.724209
2822.612498,1632,891.911631
-1916.117193,402,892.54065
698.616317,1682,894.739522
1699.080491,1991,897.386344
-934.22868,435,898.038363
45.720787,1229,899.679322
-1240.829607,324,900.204331
-1404.450645,365,900.785722
1081.296141,1870,903.246014
-2518.537537,935,904.52804
-1825.65515,600,905.366615
-1516.545125,740,906.428953
-1974.524741,1374,908.244061
-1803.820969,908,909.483694
-1104.247725,567,910.307998
3192.942154,2028,912.958869
-1833.810477,877,914.162358
-882.661276,384,914.751596
-1213.484689,406,915.381167
-1496.819153,569,916.209427
1078.217355,1753,918.542453
-1352.088576,286,919.015413
2132.634573,1456,920.940417
-563.555695,1253,922.644936
-991.245348,531,923.418418
-1543.32972,373,924.008559
2833.697649,2100,926.796364
1686.673011,1296,928.504098
3376.583377,1921,931.007463
-1669.347813,797,932.160778
1163.892988,1582,934.216849
2648.230669,1435,936.112686
2774.166022,2432,939.29757
309.148157,956,940.610933
-874.250873,1229,942.284663
3008.508623,2321,945.816246
1168.752744,1255,947.500867
-1096.457543,370,948.072835
-1028.546706,834,949.20908
2590.112098,1965,951.803157
-2503.601223,1165,953.388585
-537.316418,812,954.519132
-1403.777882,1067,955.957145
-1301.614322,999,957.340823
2532.848775,1327,959.141202
-749.234967,900,960.370757
-2512.322698,1062,961.815149
-1885.149372,1420,963.707054
-1784.587263,845,964.871365
-1679.997967,563,965.695004
-543.535168,1001,967.091538
1500.172986,1612,969.211443
1368.477641,2476,972.437716
-1733.389118,1294,974.159772
1330.328058,2207,977.033693
934.370932,785,978.153102
-2036.898186,661,979.088498
1256.037482,1962,981.65734
3308.969718,2497,984.896602
3287.938667,1817,987.30426
-1749.658659,656,988.243415
-1390.53604,521,989.000838
-1275.410531,375,989.583737
-1016.775889,365,990.160371
-1227.727899,389,990.758766
1632.313364,1472,992.714712
1656.247817,2251,995.655548
1400.168473,1662,997.866367
-1744.555781,521,998.628335
2358.221725,1938,1001.144548
1102.802062,1752,1003.467157
1633.292189,1367,1005.288994
2874.230685,2075,1008.06258
516.937275,940,1009.33781
1622.556252,1890,1011.80468
76.597804,799,1012.914934
-1226.331518,398,1013.510833
2368.849195,1733,1015.777582
-1130.035877,409,1016.407263
-1968.100342,513,1017.162833
-2019.426372,706,1018.214839
-1155.123231,483,1018.921708
-991.888219,397,1019.520948
-1676.898274,496,1020.243795
-457.253532,822,1021.37572
-1283.336023,486,1022.088695
2833.666595,1369,1023.960358
-1893.557047,549,1024.775414
-2503.163635,798,1025.883409
-1251.933591,820,1027.007491
-1248.483984,367,1027.588679
-1982.612652,794,1028.711403
-1640.43324,281,1029.175313
2142.514018,2985,1033.020448
-794.819421,421,1033.659417
3627.218014,2328,1037.191352
1910.968077,1612,1039.333024
-1370.394169,866,1040.53102
-597.803726,696,1041.501271
-1613.605004,1331,1043.281332
-915.450955,403,1043.913136
-1395.090041,477,1044.62138
3568.008727,3037,1048.571102
2473.131196,2662,1052.031954
3046.758556,2211,1054.940273
-879.217639,738,1055.966892
4386.704909,2492,1059.213812
1844.079945,1818,1061.615564
1483.330345,2104,1064.402611
2945.278497,2136,1067.188656
8178.584845,4351,1072.730039
-1596.128288,869,1073.956954
-403.200678,1347,1075.733948
-1660.509516,1542,1077.78073
-805.094935,329,1078.324086
-1486.916115,837,1079.48263
2555.719517,2006,1082.112845
-893.30674,1110,1083.618637
-414.213773,1048,1085.025178
2305.547032,1864,1087.468414
1867.217543,2246,1090.417902
2252.818264,1665,1092.604192
-2113.993741,1079,1094.091427
1920.585197,1918,1096.607449
-1197.227124,477,1097.3075
-786.221646,617,1098.191825
-1488.834653,707,1099.233983
-1758.444639,588,1100.082977
3765.899634,1870,1102.524365
3229.811757,1969,1105.096014
995.871413,1686,1107.291729
2618.000916,2058,1110.017433
1239.29691,2829,1113.698772
466.984578,2278,1116.666406
3211.993789,2949,1120.485757
931.575158,2001,1123.622582
614.297813,2088,1126.328215
2302.151245,2143,1129.18392
2980.333547,2134,1131.937191
-1152.585114,800,1133.045669
2680.17116,1946,1135.599774
2440.424835,1792,1137.930289
1744.417873,1723,1140.223644
3641.302625,2345,1143.237621
4086.977804,2899,1146.963204
3075.465535,2162,1149.791968
-720.038783,1050,1151.193956
3025.282652,1710,1153.447585
3390.798818,2127,1156.220456
1853.160526,1619,1158.366191
2488.348614,1791,1160.743239
2012.925443,2347,1163.782075
3906.11375,1811,1166.164748
2297.720124,3248,1170.32603
1758.826882,3762,1175.104167
2256.760415,2406,1178.228723
2434.833676,1515,1180.272409
-1439.055661,870,1181.46583
-1571.278615,1307,1183.201903
4882.929284,2938,1186.978863
-313.113134,898,1188.199746
4128.240893,2132,1191.084677
2042.901126,1865,1193.592785
-1642.834855,448,1194.254127
3149.940435,1655,1196.442821
-1361.828356,562,1197.255211
11163.557251,3847,1202.100783
6737.15781,3206,1206.192181
3234.554272,1697,1208.908681
2824.193563,2242,1211.811305
1302.977113,1882,1214.241377
-1718.335071,632,1215.15142
-995.796406,419,1215.786682
1300.574673,1904,1218.243254
4014.463031,2127,1220.978294
4330.215754,2431,1224.095264
5949.646597,3403,1228.435312
2297.380157,1229,1230.065352
3414.285919,2747,1233.554729
12128.630947,4048,1238.605653
3601.246497,2336,1241.596305
3184.033444,2821,1245.223958
-328.941511,790,1246.31309
2783.297521,2211,1249.184341
774.820957,3440,1253.539983
-1112.44301,1100,1255.005826
5141.110527,2708,1258.483866
1024.568175,1561,1260.555047
5886.048149,3470,1264.950765
3840.9975,2173,1267.79379
7300.255369,3590,1272.369678
5422.172088,2769,1275.9472
15955.899479,5897,1283.307561
-382.54247,1952,1285.870424
9803.315272,3712,1290.592033
-665.336702,497,1291.328406
2991.887084,2416,1294.963599
7272.877981,4448,1300.568487
11988.020723,7275,1309.702134
-1396.797648,788,1310.773774
4337.0041,1986,1313.356944
3792.125044,2395,1316.440859
6743.993918,3962,1321.439453
3065.756476,2907,1325.166797
4668.77912,2006,1327.793488
-405.156203,464,1328.483603
8.255509,740,1329.496813
4108.433537,2031,1332.178558
-876.836879,1149,1333.694939
1346.446223,2452,1336.907762
5001.932848,3125,1340.891469
801.352619,1665,1343.112456
3000.042599,1571,1345.172913
32205.963654,9588,1357.023721
14445.376149,5027,1363.256482
1598.105749,1427,1365.163588
3199.53151,2428,1368.309039
2690.606102,1150,1369.877161
-543.009761,446,1370.535017
2377.56762,1730,1372.804467
3913.084381,2176,1375.667947
2691.371222,2345,1379.250512
19426.613332,7129,1388.151926
6921.075588,6154,1395.898656
4018.032733,2184,1398.770798
5186.514719,3287,1402.981434
6323.72228,3478,1407.411859
29455.752262,9363,1418.973494
11720.068291,4788,1425.018887
7509.684468,3207,1429.140798
1865.107615,1859,1431.62793
2633.897797,1991,1434.249347
8942.490815,3982,1439.32361
-1525.357268,375,1439.912789
21917.387635,7010,1448.622321
2725.022473,3076,1452.558097
6862.867084,3480,1456.999355
21.906277,991,1458.331653
527.009105,1672,1460.56381
10127.248504,4436,1466.66613
1390.266211,2212,1469.539078
1682.537438,2093,1472.297203
3995.749782,3144,1476.332436
14334.04111,5415,1483.128875
3335.204733,2292,1486.114102
12291.55932,5883,1493.459989
3591.798275,4119,1498.721449
2330.702159,1334,1500.485349
7378.185486,5117,1506.985706
2490.439443,2756,1510.590452
5462.034902,3581,1515.157012
3.48531,1563,1517.210918
5631.892281,3018,1521.086524
8796.245261,3998,1526.172802
4044.498424,3126,1530.171554
11029.583624,6747,1538.703395
13773.665159,4053,1543.823963
8985.502358,3823,1549.221847
15281.747078,6847,1557.837923
8904.819763,4964,1564.12635
443.853012,2666,1567.605908
-2778.68451,1584,1569.686711
8118.560028,3214,1573.839034
3951.222594,3863,1578.804187
10623.306886,6691,1587.20512
38206.204245,10001,1599.608091
10683.644121,4009,1604.704616
14021.944401,6574,1612.993076
10598.079218,5094,1619.431752
7323.008774,3573,1624.011131
11064.748309,5139,1631.047983
11490.986851,5313,1637.708729
13365.539414,8511,1648.329757
9983.70911,6738,1656.825936
25315.756294,7661,1666.32311
15720.244102,6570,1674.531754
8728.888679,3626,1679.141721
10275.583569,4819,1685.223244
2179.052764,2661,1688.688426
16312.683815,4543,1694.407037
8500.235315,6831,1703.058575
8623.309734,4512,1708.791423
3250.114104,2015,1711.441278
1940.718757,1815,1714.322079
5814.702303,5785,1721.684953
14942.152615,6938,1730.3776
11994.027489,5748,1737.568854
28158.598049,8033,1747.59123
1462.475206,1716,1749.875518
7971.509139,4885,1756.036255
9250.460449,5433,1762.93108
30124.462239,10001,1775.33988
3425.445366,3489,1779.865849
7428.309516,5237,1786.52849
15361.693265,6732,1795.495731
6543.837253,5718,1802.722463
32505.482214,10001,1815.078169
35363.440455,10001,1827.383299
11288.811677,6394,1835.41372
30986.341567,10001,1847.800436
7852.208984,5193,1854.360875
16363.038614,4988,1860.63264
15383.352215,6904,1869.269987
13324.31567,5376,1876.027261
25024.965669,10001,1889.015085
26954.79931,7909,1898.815718
37698.89516,10001,1911.119389
9249.75276,5514,1918.0413
7848.397348,4051,1923.202711
15866.215941,6723,1931.57108
30097.6727,10001,1943.909848
33639.206224,10001,1956.281356
20307.421129,6376,1964.760029
32945.617013,10001,1977.02394
7756.876611,7754,1986.661568
7451.418058,5349,1993.385302
24972.979709,6662,2001.624381
9067.075062,6835,2010.193285
22280.148877,9025,2021.368658
24643.81966,10001,2033.730795
22009.346226,7229,2043.236508
18365.17635,6755,2051.686923
16413.025281,9069,2063.011778
34953.821757,10001,2075.354044
18180.901565,6942,2084.003468
26954.452529,10001,2096.384535
19016.665733,6437,2104.450085
8458.176391,8099,2114.551878
9393.978262,4925,2120.734283
19429.430231,6812,2129.729657
21769.553706,7046,2138.450127
26132.560752,8801,2149.304891
5942.69437,5519,2156.28521
13747.213711,10001,2168.64367
33797.807162,10001,2180.932439
22125.527483,6631,2189.105393
19401.967901,6761,2197.533506
13851.986667,6811,2206.582421
33155.434611,10001,2218.809638
15095.27965,6700,2227.191209
13956.227702,7693,2236.804269
20575.496497,5800,2244.035446
15733.20529,9398,2255.724673
9823.015347,4840,2261.819846
30763.520727,10001,2274.159247
25931.085422,8479,2284.635444
32783.901218,10001,2297.414379
32357.148838,10001,2309.627246
30055.695414,9455,2321.250125
27344.579145,8049,2331.181198
4695.74026,2718,2334.646569
30752.309972,10001,2346.928414
21016.959167,10001,2359.325935
31624.500979,10001,2372.223384
28158.441393,9703,2384.234093
32974.8898,10001,2396.508501
1956.726787,1253,2398.196813
31680.827458,10001,2410.481044
25833.690657,8757,2421.314471
20426.902053,8505,2431.859237
21949.765369,6957,2440.555397
29430.943926,10001,2453.417488
35708.949554,10001,2465.625471
32388.113755,10001,2477.911997
32361.358724,10001,2490.156906
31439.029885,10001,2502.363393
27001.495321,7909,2512.137795
26000.633321,10001,2524.43312
31111.682159,10001,2537.303563
29208.531403,10001,2549.618631
33122.061255,10001,2561.888265
24755.316273,9289,2573.324159
34116.986183,10001,2585.582286
33095.378344,10001,2597.810452
35197.877871,10001,2610.101408
29662.785338,10001,2622.872857
31041.131655,9645,2634.669632
26069.465481,9616,2646.516927
31665.081756,10001,2658.852144
31437.88515,10001,2671.116366
15088.611048,7870,2680.873192
29822.999224,10001,2693.667485
26759.593759,10001,2706.069252
30038.275045,10001,2718.317289
31391.692484,10001,2730.569907
30871.308156,9979,2742.919225
31240.230255,10001,2755.168801
29609.858726,10001,2767.471395
30995.983918,10001,2780.278095
30830.718608,10001,2792.51299
28956.869356,10001,2804.762919
26693.728706,9447,2816.34391
28433.391196,10001,2828.579742
23819.529563,9981,2840.804856
28566.722009,10001,2853.079623
19856.465864,6754,2861.980773
30227.932033,9781,2874.039593
26876.574243,10001,2886.45352
28951.755742,10001,2898.742198
29192.052042,10001,2911.075023
30000.276629,10001,2923.377615
27562.024915,10001,2935.748079
31230.128357,10001,2948.498526
30638.058856,10001,2960.736413
25281.554012,9889,2972.997682
26283.085367,7881,2982.724738
28201.732533,10001,2994.998534
26406.494394,10001,3007.355415
27133.936318,10001,3020.165424
30158.926738,10001,3032.502365
31861.910285,10001,3044.810458
15309.09772,7225,3053.826329
32888.332757,10001,3066.127505
33614.264983,10001,3078.339429
25417.78403,8894,3089.290541
26420.432585,9792,3102.015962
30652.391117,10001,3114.227973
29496.747798,10001,3126.42927
34062.145842,10001,3138.672349
22571.400941,8383,3149.06909
32080.218421,10001,3161.364656
16006.129979,7661,3170.79362
27885.416094,10001,3183.60628
30279.580443,10001,3195.932868
26877.81144,10001,3208.244341
27789.507549,10001,3220.536034
26954.026921,10001,3232.844114
27498.132708,10001,3245.163592
30780.805054,10001,3257.405513
30944.738116,10001,3270.244605
28322.426354,10001,3282.531854
29942.005015,10001,3294.867716
30861.631433,10001,3307.124677
31997.103148,8407,3317.440991
25769.672756,10001,3329.798464
34258.285882,10001,3342.543899
28607.154143,10001,3354.851974
29097.50257,10001,3367.124054
35133.776501,10001,3379.337164
25623.427553,9822,3391.376023
26810.169563,10001,3403.684257
23409.807388,8501,3414.165685
32545.087578,10001,3426.973018
28336.506957,10001,3439.224171
25872.699633,10001,3451.574769
31991.305828,10001,3463.826291
24060.959805,10001,3476.128134
27344.439349,10001,3488.399296
31588.104083,10001,3500.648202
25776.153724,10001,3513.634447
28434.816784,10001,3525.967397
30050.698603,10001,3538.202009
29501.575219,10001,3550.497413
31904.509056,10001,3562.761326
28982.994145,10001,3575.121419
32080.412247,10001,3588.082986
28615.115426,10001,3600.477114
33963.91502,10001,3612.697653
33492.330319,10001,3624.901447
29990.125661,10001,3637.117141
32129.735679,10001,3649.356023
27523.130009,10001,3661.616391
32756.912714,10001,3674.485585
30995.150798,10001,3686.786151
27639.638952,10001,3699.056324
33168.829422,10001,3711.365354
33394.873657,10001,3723.620201
31524.784527,10001,3735.949239
28407.65957,10001,3748.824269
31314.424363,10001,3761.095902
27931.360453,10001,3773.372671
32762.552089,10001,3785.686815
21331.221958,10001,3798.041098
26840.297393,10001,3810.261118
34252.443949,10001,3822.6033
33566.271087,10001,3835.425292
32927.107958,10001,3847.811273
31398.722165,10001,3860.134783
26220.749532,10001,3872.40973
34464.653874,10001,3884.659883
27208.081849,10001,3896.944129
28490.273139,10001,3909.722207
33010.413086,10001,3922.020264
29340.806441,10001,3934.337697
23818.529526,10001,3946.71732
34043.239076,10001,3959.056425
32106.577743,10001,3971.345713
28548.013358,10001,3983.73249
29132.197277,10001,3996.6329
35961.603912,10001,4008.819597
33991.300387,10001,4021.044668
30687.493539,10001,4033.305935
30775.733788,10001,4045.565
31294.182428,10001,4057.909454
29292.897796,10001,4070.113528
33706.780105,10001,4082.854383
28697.98217,10001,4095.014353
30980.061585,10001,4107.238368
32601.656159,10001,4119.429458
26142.415659,10001,4131.625298
32243.84234,10001,4143.797601
33753.386644,10001,4156.614608
30165.554532,10001,4168.854062
31585.062144,10001,4181.169742
28280.857179,10001,4193.579844
17878.470586,10001,4206.025932
31767.764547,10001,4218.330143
30679.387164,9871,4230.531625
32490.381657,10001,4243.320833
35073.37919,10001,4255.599525
24262.995653,10001,4267.887387
29851.71207,10001,4280.237646
14792.024462,10001,4292.72112
33005.708105,10001,4305.003126
29071.899157,10001,4317.885442
29735.313062,10001,4330.256552
31270.342369,10001,4342.564092
31465.607177,10001,4354.89013
24791.59061,10001,4367.301681
31239.34082,10001,4379.664101
28187.980619,10001,4392.008859
30127.290199,10001,4404.89355
29866.369549,10001,4417.221436
26775.294633,10001,4429.646492
17795.241989,10001,4442.057661
29120.449943,10001,4454.363902
29865.042137,10001,4466.607104
29735.332403,10001,4479.412861
39697.576742,10001,4491.674905
29357.216157,10001,4503.993796
29078.29087,10001,4516.289515
28386.884653,10001,4528.608075
30502.527517,10001,4540.961807
27191.778699,10001,4553.267572
30812.294692,10001,4566.028206
28284.51889,10001,4578.233793
34152.796777,10001,4590.420996
33937.349856,10001,4602.598442
34709.468413,10001,4614.865299
32907.964605,10001,4627.069213
33261.692097,10001,4639.842196
30466.273699,10001,4652.067804
34213.886296,10001,4664.2335
31477.911281,10001,4676.431882
27548.747305,10001,4688.69405
28243.208877,10001,4700.96753
33101.484717,10001,4713.17425
32182.004633,10001,4725.972873
23528.392766,10001,4738.277947
29336.8574,10001,4750.497541
27588.437429,10001,4762.76656
30502.870125,9797,4774.766224
30274.128174,10001,4786.967283
24995.655671,10001,4799.249633
29254.262064,10001,4812.064147
35113.181788,10001,4824.232723
30098.733861,10001,4836.440879
29280.83369,10001,4848.703822
33033.56613,10001,4861.010609
31290.211559,10001,4873.174838
28817.277385,10001,4885.93339
29977.493079,10001,4898.120144
23574.207248,10001,4910.47928
33295.189939,10001,4922.7785
30454.38879,10001,4934.946917
30254.007863,10001,4947.198305
27098.087392,10001,4959.484412
29762.759119,10001,4972.232439
28305.278162,10001,4984.454025
27494.649608,10001,4996.679832
28161.081608,10001,5008.91722
35956.014049,10001,5021.099186
23281.856975,10001,5033.515762
29450.415544,10001,5046.390572
30359.839497,10001,5058.703579
30485.254464,10001,5070.974024
27480.442991,10001,5083.345373
34243.527534,10001,5095.600595
29189.87915,10001,5107.883455
31786.752932,10001,5120.262698
22891.20194,10001,5133.217209
32235.838975,10001,5145.495978
29466.7028,10001,5157.875826
25858.030999,10001,5170.330868
24747.695482,10001,5182.680348
36013.481017,10001,5194.917755
30208.426853,10001,5207.758213
30763.637968,10001,5220.086559
30523.494084,10001,5232.383107
27189.867637,10001,5244.726929
25416.989466,8917,5255.713137
32072.133374,10001,5268.078345
25563.529934,10001,5280.444351
34426.165618,10001,5293.343413
30382.293825,10001,5305.704859
31393.45151,10001,5318.026736
32336.9497,10001,5330.310997
28556.194315,10001,5342.622941
20539.205559,10001,5355.080865
34742.420505,10001,5367.433465
29468.935371,10001,5380.277329
27731.106828,10001,5392.627235
26605.131776,10001,5404.954568
34306.938793,10001,5417.226293
28375.269954,9970,5429.521293
26981.876914,10001,5441.806628
27872.340836,10001,5454.733552
25862.234659,10001,5467.2493
27566.24705,10001,5479.648046
25150.05636,10001,5492.089807
30630.23591,10001,5504.504874
32986.877518,10001,5516.900102
29074.440617,10001,5529.314065
29240.794028,10001,5542.258954
30897.433884,10001,5554.542066
29180.617621,10001,5566.906172
33081.963705,10001,5579.213907
32007.929642,10001,5591.507234
29326.042164,10001,5603.859997
23945.489328,10001,5616.805247
26477.999014,10001,5629.166703
24707.609979,10001,5641.557423
31474.774491,10001,5653.876753
32248.508904,10001,5666.262413
29648.268193,10001,5678.700891
24019.841542,10001,5691.092611
29263.880381,10001,5703.893973
26299.357428,10001,5716.240836
29263.929365,10001,5728.5383
29492.831938,10001,5740.856294
30356.185506,10001,5753.19843
27589.556987,10001,5765.552071
29467.274415,10001,5778.551289
25859.066982,10001,5790.965963
32048.295451,10001,5803.346935
28141.156224,10001,5815.698251
34108.265035,10001,5828.025907
29325.926152,10001,5840.466712
27746.556766,10001,5852.840569
29102.776865,10001,5865.757405
28319.565691,10001,5878.089829
25361.81309,9455,5889.829698
23331.28977,10001,5902.20952
29290.108932,10001,5914.485693
26797.743334,10001,5926.871869
18950.13295,10001,5939.23782
20611.053896,10001,5952.148041
34631.078451,10001,5964.541292
29465.931099,10001,5976.955346
29612.30925,10001,5989.346089
25750.424701,10001,6001.740125
32501.22185,10001,6014.081316
32313.6901,10001,6027.010639
28166.555565,10001,6039.375867
27680.332267,10001,6051.683006
31863.178111,10001,6063.894124
25482.197006,10001,6076.216734
27333.878589,10001,6088.497356
25880.823189,10001,6100.869486
34171.594841,10001,6113.711682
30299.900516,10001,6125.983373
26642.902804,10001,6138.373518
30940.120948,10001,6150.727718
29697.927502,10001,6163.02606
31139.749071,10001,6175.354091
33327.06532,10001,6188.24319
32015.896647,10001,6200.561651
30441.952331,10001,6212.96012
29424.621875,10001,6225.301107
29222.724651,10001,6237.634789
29053.001972,10001,6249.900861
26559.051344,10001,6262.325643
28123.754584,10001,6275.302333
33700.534147,10001,6287.696229
23638.914459,10001,6300.172784
29478.728173,10001,6312.560262
28195.901422,10001,6324.994014
32633.203522,10001,6337.358917
30711.316721,10001,6350.207158
30015.675591,10001,6362.550251
27172.632843,10001,6374.887285
27301.457965,10001,6387.23871
31279.514719,10001,6399.512411
29842.168119,10001,6411.816164
34673.772691,10001,6424.114068
28856.862315,10001,6437.092742
32038.185355,10001,6449.441273
29392.744661,10001,6461.822757
31478.082988,10001,6474.257193
26803.278792,10001,6486.684138
5754.973373,6610,6495.072816
28035.023356,10001,6507.41471
32894.58546,10001,6520.279811
33864.921767,10001,6532.601333
29982.479878,10001,6544.901412
19689.169772,10001,6557.365548
19607.471326,6583,6565.559497
24601.756029,10001,6577.941343
31780.103824,10001,6590.227901
16509.669969,10001,6603.274094
26322.458574,10001,6615.677083
27679.089625,10001,6628.047627
29580.413594,10001,6640.385049
13491.960292,9547,6652.306911
32972.003501,10001,6664.598357
34952.176301,10001,6677.426989
26498.065464,10001,6689.789343
29470.298864,10001,6702.155171
31870.484569,10001,6714.52398
32129.172891,10001,6726.827038
29890.13459,10001,6739.183607
29062.420195,10001,6751.451225
29208.98819,10001,6764.301159
30141.862669,10001,6776.725707
30991.976513,10001,6789.075544
31454.387096,10001,6801.498937
30802.898954,10001,6813.877856
28328.791681,10001,6826.232083
29826.181546,10001,6839.142848
11075.769432,10001,6851.618681
28842.977333,10001,6863.875008
32403.358932,10001,6876.096806
30194.752003,10001,6888.382443
29110.147729,10001,6900.718314
31526.637033,10001,6913.023317
32520.172111,10001,6925.918795
31353.800376,10001,6938.246136
7385.0505,10001,6950.82429
26465.922867,10001,6963.267225
28300.149692,10001,6975.615602
28900.703898,10001,6987.953802
31015.983747,10001,7000.878014
29362.568973,10001,7013.212949
19631.346481,10001,7025.621875
30805.025433,10001,7038.028936
32895.102697,10001,7050.267608
14303.975212,10001,7062.790504
31512.997062,10001,7075.07875
28231.935159,10001,7087.92201
29699.536118,10001,7100.269181
30740.906719,10001,7112.612839
13173.295897,10001,7125.177578
30565.474828,10001,7137.454547
27153.824216,10001,7149.797471
13607.500486,10001,7162.313439
26741.509876,10001,7175.280105
19824.38629,10001,7187.599452
30286.805368,10001,7199.893105
26900.37108,10001,7212.256618
28401.27979,10001,7224.506078
28777.980693,10001,7236.797883
28261.248343,10001,7249.639882
15303.345636,10001,7262.065157
28486.20149,10001,7274.444345
27388.446037,10001,7286.966499
23823.142587,10001,7299.358326
30783.503831,10001,7311.708976
24856.078495,10001,7324.052413
29531.558357,10001,7337.099734
28134.262501,10001,7349.383527
29287.109627,10001,7361.682443
15724.263477,10001,7374.157644
31127.626931,10001,7386.396347
26347.629687,10001,7398.780606
27651.812307,10001,7411.645249
25852.328022,10001,7424.003947
28894.226455,10001,7436.345373
29384.9994,10001,7448.744121
20065.513086,10001,7461.168853
32286.963066,10001,7473.450748
19575.936489,10001,7485.889165
10082.700309,10001,7498.980725
20796.64435,10001,7511.404464
27272.694335,10001,7523.678527
19929.067564,10001,7536.13235
32804.214811,10001,7548.477654
30892.678642,10001,7560.744584
15523.830109,10001,7573.780079
28799.627866,10001,7586.231768
25047.283788,10001,7598.595861
29896.470054,10001,7610.960601
29896.583291,10001,7623.342558
10713.723358,6137,7630.985992
27952.005962,10001,7643.327157
28910.06449,10001,7656.231254
30238.907238,10001,7668.552082
25061.160215,10001,7680.861727
27840.444369,10001,7693.154276
30572.751234,10001,7705.387484
31176.562188,10001,7717.667194
31499.119035,10001,7729.952159
29863.748939,10001,7742.788369
26740.159586,10001,7755.171558
22679.61961,10001,7767.532226
25496.739599,10001,7779.902621
10023.156553,10001,7792.447472
24533.830049,10001,7804.895899
29696.589813,10001,7817.811132
6958.302955,10001,7830.410178
30744.680442,10001,7842.722526
6610.049737,10001,7855.26853
24102.964888,10001,7867.701654
28003.725627,10001,7880.002645
29926.380322,10001,7892.295707
27759.488772,10001,7905.271497
15650.047042,10001,7917.734308
27468.43609,10001,7930.293004
21025.009388,10001,7942.793354
32428.601397,10001,7955.159086
26147.551341,10001,7967.564329
27567.584139,10001,7980.365056
31365.913937,10001,7992.602562
25572.512422,10001,8004.844961
13561.773509,10001,8017.216801
11351.530627,10001,8029.761668
25812.483456,10001,8042.000047
28990.701102,10001,8054.263815
29763.838275,10001,8067.157069
28027.921521,10001,8079.475173
23636.523861,10001,8091.784009
25639.469342,10001,8104.109035
30198.048383,10001,8116.35592
28554.649767,10001,8128.649739
18778.801298,9081,8140.002438
28643.069705,10001,8152.790875
22119.867833,8347,8163.102804
23627.663099,10001,8175.39705
30415.961978,10001,8187.674323
29053.123393,10001,8199.966556
9755.698777,10001,8212.480438
20706.139466,7350,8221.514089
29571.377805,10001,8234.341504
27821.89354,10001,8246.599694
28936.70473,10001,8258.891331
26130.76948,10001,8271.216315
28180.716966,10001,8283.512992
27598.657772,10001,8295.913388
22806.488409,8624,8307.036499
25203.432554,10001,8319.376648
31155.075876,10001,8331.5972
31180.362865,10001,8343.832381
28912.997483,10001,8356.133497
28851.058925,10001,8368.387997
27793.713279,10001,8380.688467
25514.290301,10001,8393.559147
25667.501768,10001,8405.885806
12622.652899,10001,8418.444854
24882.213294,10001,8430.766717
27340.137517,10001,8443.112701
20223.158019,8077,8453.133847
26998.932561,10001,8465.500428
30649.916165,10001,8478.33586
24604.44491,10001,8490.709008
31953.366875,10001,8503.004479
30834.757907,10001,8515.271487
27136.732781,10001,8527.576893
9222.679104,10001,8540.087528
27328.060417,10001,8552.961319
29922.665265,10001,8565.301
30649.813523,10001,8577.636654
19970.730432,10001,8590.071386
27594.991419,10001,8602.413766
29013.228654,10001,8614.739451
29799.972787,10001,8627.014575
27726.422156,10001,8639.85896
26524.271645,10001,8652.08545
29266.226356,10001,8664.406105
26091.754964,10001,8676.753901
29331.688966,10001,8688.989901
22592.183404,10001,8701.28255
28917.55232,10001,8714.084232
16528.417849,10001,8726.527302
24983.952797,10001,8738.85671
29527.688086,10001,8751.133852
31970.367049,10001,8763.421437
31670.788104,10001,8775.672991
33399.292788,10001,8787.911079
29118.334417,10001,8800.71
16817.46138,10001,8813.139765
31170.410542,9312,8824.603546
23011.861691,10001,8837.007209
22286.439413,10001,8849.382556
29882.997046,10001,8861.636303
19169.184046,10001,8874.554268
25918.683314,10001,8886.802352
10597.694158,6596,8894.954119
27113.550009,10001,8907.210478
17251.544882,10001,8919.636822
23487.059808,10001,8931.936027
32872.071128,10001,8944.215351
2238.441841,806,8945.330639
31580.545487,10001,8958.088733
25532.688538,10001,8970.373335
14679.791463,10001,8982.701086
26556.494283,10001,8994.980526
28090.108244,10001,9007.245001
32034.739369,10001,9019.470366
32230.596323,10001,9031.697146
26681.283745,10001,9044.57221
30434.777913,10001,9056.832955
26682.811485,10001,9069.102983
33999.467391,10001,9081.384244
-93.46659,569,9082.222783
24844.381088,10001,9094.544482
29474.847613,10001,9106.836165
15907.335041,7869,9116.542283
32711.816545,10001,9129.332997
24769.579832,10001,9141.579444
15205.870369,10001,9153.997757
29710.193123,10001,9166.238668
30826.119371,10001,9178.446793
27637.505953,10001,9190.688669
18030.63753,10001,9203.509746
33559.410703,10001,9215.77461
31167.052062,10001,9228.22636
28548.139765,10001,9240.560676
32046.297036,10001,9252.889467
30627.77451,10001,9265.154956
29127.105045,10001,9277.531389
31938.341794,10001,9290.41232
26407.061843,10001,9302.700749
31960.919437,10001,9315.103718
29997.923292,9798,9327.136164
29489.491602,10001,9339.397387
34868.291145,10001,9351.683206
31955.001481,10001,9364.551805
29680.123355,10001,9376.824414
30681.974787,10001,9389.144398
1749.673895,731,9390.155003
20024.122305,10001,9402.471387
29996.733763,10001,9414.744262
32877.622094,10001,9427.030713
31261.426131,10001,9439.346509
28916.16134,10001,9452.171918
30598.080915,10001,9464.407262
27758.9113,10001,9476.648083
29542.026335,10001,9488.861752
27601.583621,10001,9501.121983
25997.801874,10001,9513.355328
31122.880057,10001,9526.171025
32140.202478,10001,9538.432476
30047.502472,10001,9550.760401
24612.437607,10001,9563.154618
29956.044569,10001,9575.401551
16000.949755,6887,9584.09086
31548.578176,10001,9596.455129
31125.382099,10001,9609.268996
27407.570364,10001,9621.502465
32651.426598,10001,9633.831121
33589.995286,10001,9646.043641
31479.347185,10001,9658.36238
29012.192103,10001,9670.607004
15664.087535,6929,9679.188451
34043.118758,10001,9691.965414
29901.998262,10001,9704.387993
34091.331794,10001,9716.633917
22551.628374,10001,9729.088503
29871.09364,10001,9741.417573
11131.559491,5951,9748.863284
30090.042509,10001,9761.251493
32183.708058,10001,9774.143119
32854.840678,10001,9786.438739
29099.725155,10001,9798.805819
29794.359842,10001,9811.136471
31425.429349,10001,9823.480405
32716.055333,10001,9835.849105
32812.248039,10001,9848.704767
28973.186986,10001,9861.113575
32318.902511,10001,9873.472611
2030.622958,777,9874.549217
27338.307203,10001,9887.078885
16288.671699,9219,9898.555024
30340.524034,10001,9910.874053
22103.505009,10001,9923.208802
34384.39266,10001,9936.077451
29468.958857,10001,9948.4226
31890.597102,10001,9960.752084
25314.373981,10001,9973.028479
29489.072835,10001,9985.283035
29755.72106,10001,9997.594552
34891.035981,10001,10009.842234
29405.683502,10001,10022.733533
34148.159657,10001,10035.092268
30787.995952,10001,10047.433641
33080.938377,10001,10059.793103
31349.322451,10001,10072.166935
30542.402493,10001,10084.586882
29970.066257,10001,10097.49213
33076.800267,10001,10109.847552
30381.299612,10001,10122.174062
30510.687941,10001,10134.548197
31898.032716,10001,10146.845277
26169.117398,10001,10159.257967
10056.098129,5845,10166.552805
32583.58838,10001,10179.557107
29813.871529,10001,10191.926068
27786.589558,10001,10204.284901
23011.697485,10001,10216.638631
28070.554505,10001,10229.03665
21088.15919,10001,10241.455775
34190.34889,10001,10253.766216
33270.257793,10001,10266.599087
31604.074295,10001,10278.927953
29892.85803,10001,10291.315137
26085.871656,10001,10303.640337
33793.218475,10001,10315.959365
32434.83885,10001,10328.338369
31790.844698,10001,10341.152741
31002.24237,10001,10353.530953
30377.888723,10001,10365.872511
34138.285887,10001,10378.205397
20474.032703,7358,10387.369649
31734.306218,10001,10399.710484
30904.891825,10001,10412.111498
32307.820253,10001,10424.973973
28901.445163,10001,10437.329607
28674.354689,10001,10449.664483
28448.604474,10001,10461.993033
29282.875826,10001,10474.316726
33423.156525,10001,10486.631522
29823.085912,10001,10498.904751
33911.346565,10001,10511.800627
31410.494111,10001,10524.152565
32050.47704,10001,10536.556255
28428.498461,10001,10548.924274
17756.686098,10001,10561.345793
31836.889101,10001,10573.732606
26229.324365,10001,10586.652489
30297.714847,10001,10599.021822
30670.509475,10001,10611.365724
26386.191495,10001,10623.723128
28055.778877,10001,10636.111768
34918.896184,10001,10648.395882
32346.855711,10001,10660.749705
30876.603705,10001,10673.664714
26144.760573,10001,10686.029418
32793.061727,10001,10698.376932
30054.186767,10001,10710.740005
31191.775188,9391,10722.325348
21889.312733,10001,10734.751067
29935.55982,10001,10747.612249
25729.232378,10001,10760.015863
28851.481928,10001,10772.364291
32932.409313,10001,10784.746457
8753.964321,4450,10790.334469
29638.200185,10001,10802.711166
13266.97609,8062,10812.696198
33499.658367,10001,10825.056482
26308.456377,10001,10837.9768
-723.229766,594,10838.842088
29444.120694,10001,10851.145528
28887.268081,10001,10863.442975
29731.807679,10001,10875.812067
22103.393884,10001,10888.255902
31175.67439,10001,10900.610154
-1125.905437,482,10901.331375
31609.028922,10001,10914.201869
31232.619058,10001,10926.500272
32122.909471,10001,10938.80282
2671.34561,870,10939.994471
27731.966469,10001,10952.328776
30711.322901,10001,10964.627024
33183.253807,10001,10976.952776
32581.132829,10001,10989.29944
32854.473044,10001,11002.199655
30494.041783,10001,11014.568039
33442.22876,10001,11026.952519
33462.819172,10001,11039.316137
31233.095416,10001,11051.710168
32934.247171,10001,11064.067197
30820.368959,10001,11077.002292
2382.298433,763,11078.068341
31988.450821,10001,11090.465221
32035.712113,10001,11102.796691
31766.262664,10001,11115.120109
23859.143345,10001,11127.480119
26198.619246,10001,11139.885321
29990.302146,10001,11152.211295
2655.747506,975,11154.057265
25363.085687,10001,11166.488293
30259.642564,10001,11178.825242
33693.377251,10001,11191.179423
32813.307934,10001,11203.550998
31251.284006,10001,11215.869256
1799.146636,571,11216.693068
33867.746426,10001,11229.062315
32897.512434,10001,11241.980765
30211.035995,10001,11254.325952
29096.271839,10001,11266.681559
24427.168432,10001,11279.04739
32154.802968,10001,11291.408988
33180.104307,10001,11303.782406
33019.41555,10001,11316.686507
32789.766522,10001,11329.025455
28216.307245,10001,11341.345853
32900.354414,10001,11353.70526
26932.900821,10001,11366.074366
33282.226481,10001,11378.366983
30815.751132,10001,11390.702348
28892.107688,10001,11403.582296
34416.850252,10001,11415.9877
31602.076236,10001,11428.337306
32565.803696,10001,11440.639117
33792.149903,10001,11452.994589
30088.63006,10001,11465.304232
32334.660908,10001,11477.657461
34225.787582,10001,11490.52993
33904.335287,10001,11502.885071
31690.121099,10001,11515.276462
29105.426199,10001,11527.711159
32761.083713,10001,11540.033191
29627.04789,10001,11552.394483
28049.700933,10001,11565.280145
31613.607524,10001,11577.567655
32889.055243,9773,11589.609904
30688.442362,10001,11601.960301
31370.184267,10001,11614.352016
33697.246417,10001,11626.654865
29881.176056,10001,11639.032241
32273.920203,10001,11651.901828
31373.318416,10001,11664.294973
31252.963809,10001,11676.67689
33259.830793,10001,11689.02654
24501.885911,10001,11701.349114
25586.200002,10001,11713.649761
33014.753067,10001,11726.461605
34652.816726,10001,11738.722069
26571.626946,10001,11750.934647
32762.330495,10001,11763.129394
30267.35424,10001,11775.413052
28769.628336,10001,11787.684341
32198.114187,10001,11799.941856
32926.37199,10001,11812.759934
33354.81396,10001,11825.098854
31325.673284,10001,11837.48437
32724.089164,10001,11849.871879
32846.68337,10001,11862.300511
23139.466614,7219,11871.356835
32558.315831,10001,11883.741979
32054.787762,10001,11896.601393
30446.543722,10001,11908.960558
22374.92845,10001,11921.220927
31355.706423,10001,11933.49498
33130.436146,10001,11945.741005
32485.232801,10001,11958.068423
32839.518176,10001,11970.973615
30260.122563,10001,11983.408928
32828.847878,10001,11995.777721
25388.099325,7820,12005.471414
31542.37165,10001,12017.84806
35161.446261,10001,12030.162199
33157.434716,10001,12042.50358
33575.520354,10001,12055.358229
24781.19916,10001,12067.658005
30268.875686,10001,12080.004803
27670.734267,10001,12092.352967
3023.255457,819,12093.494357
28724.452072,10001,12105.851569
27496.393785,10001,12118.229248
32841.718731,10001,12131.066918
33383.138802,10001,12143.398775
29914.364294,10001,12155.734656
32988.557909,10001,12168.111227
1934.887054,700,12169.086526
33637.281609,10001,12181.47052
33189.2379,10001,12193.843329
28644.89233,10001,12206.16314
34611.387819,10001,12219.126083
32581.560349,10001,12231.475232
29885.707163,10001,12243.8512
31925.896035,10001,12256.220662
29112.982697,10001,12268.577577
25423.448228,10001,12280.976128
35114.194459,10001,12293.894446
33203.049023,10001,12306.278469
27772.269513,8930,12317.336154
33085.988498,10001,12329.694365
2426.392359,823,12330.835306
34455.008271,10001,12343.201144
34432.399653,10001,12355.52555
2558.108474,932,12356.802726
33514.928757,10001,12369.145608
2525.165543,948,12370.450877
31207.355704,10001,12383.453918
33508.517073,10001,12395.818596
33468.109518,10001,12408.237936
32696.852002,10001,12420.605812
32551.526139,10001,12432.991873
31246.49501,10001,12445.411331
34372.403895,10001,12458.270441
33666.860922,10001,12470.52532
31024.69393,10001,12482.769914
26095.001829,8952,12493.755159
34841.970247,10001,12506.027992
28686.523974,10001,12518.401925
2512.63034,857,12519.593405
32021.976047,10001,12531.946156
34877.589255,10001,12544.805403
33161.436389,10001,12557.128124
35432.897884,10001,12569.398196
33108.502735,10001,12581.693654
32256.414429,10001,12593.977148
32927.838033,10001,12606.247636
33432.707479,10001,12618.507087
