#{"t_start": 1697854362.1025467, "env_id": "fullEnv-v0"}
r,l,t
-3246.507804,1545,2.575536
-4057.415061,1971,5.125633
-2629.483278,601,5.997892
-1385.073883,457,6.67804
-3825.517984,846,7.846664
-3113.675785,1402,9.695682
-1557.444946,908,10.928787
-2014.0409,376,11.508723
-2871.391212,791,12.599595
-3006.358509,921,13.855536
-4107.430141,1542,15.899566
-3659.235435,1059,17.32498
-4767.688963,2897,20.978418
-1865.819106,643,21.90276
-3890.517115,833,23.424942
-4577.26378,3851,28.317438
-3921.005658,1680,30.515872
-4250.195841,2109,33.242601
-3709.66691,2133,36.000523
-3936.453617,1728,38.278084
-3820.139959,1246,39.929767
-3499.3244,499,40.664532
-3644.851404,2249,43.574307
-4234.985215,1317,45.681603
-4705.060806,3011,49.571526
-3938.675165,4068,54.759118
-2088.624943,992,56.097481
-1563.340018,1322,57.886304
-2879.996594,1751,60.178432
-1722.894598,486,60.894728
-3399.66032,864,62.098327
-1799.515217,2675,65.543175
-1987.043555,883,67.14967
-2600.163303,848,68.315356
-3935.968313,1162,69.885964
-2326.370962,1351,71.673561
-4440.431902,2721,75.193381
-3704.139128,1059,76.641585
-3819.218534,822,77.791584
-3675.753445,575,78.62318
-3971.183957,1950,81.186789
-2687.986373,835,82.346534
-3283.745813,2097,85.060708
-4074.988926,1801,87.42699
-6115.836422,5144,94.351955
-4218.090618,3266,98.551613
-336.499257,1319,100.31335
-3684.196154,998,101.65338
-1874.221187,493,102.395715
-580.814655,995,103.742768
-1698.426747,491,104.470251
-3961.095336,2193,107.342847
-1646.750109,3946,112.712199
-3278.270251,695,113.677149
-3612.82776,1134,115.20199
-3432.337204,1569,117.285962
-3519.4719,768,118.349414
-4671.190954,7029,127.196547
-4262.72681,1816,129.611153
-1769.815312,1070,131.040182
-3733.352884,1450,133.348608
-4348.035945,2146,136.109533
-2727.446908,4678,142.074944
-1429.35464,828,143.229878
94.467616,3572,147.879259
-1558.397148,1317,149.642839
-4358.703673,2558,152.965965
-1886.940704,1462,155.255264
-1377.564896,885,156.460748
-1936.984799,921,157.715733
-1271.638585,3975,162.802993
-3566.432681,627,163.686046
-940.051117,1793,166.0159
205.255093,2483,169.213123
502.501771,1528,171.234301
-1343.715502,692,172.199804
-2844.075017,1871,174.650804
-1771.063432,3020,178.847751
1066.914584,2542,182.104829
-181.502785,1581,184.173362
-2179.296403,4376,189.690702
-2920.570092,2765,193.246154
793.594278,6288,201.549193
762.479492,3242,205.746799
-1486.863385,629,206.633607
-4891.360703,3392,210.926641
2489.634318,1778,213.262254
78.394462,1321,215.011038
1393.478091,3911,220.406236
634.657959,2331,223.438689
883.445147,1975,226.038427
1774.664597,1822,228.43574
511.879802,1811,230.830148
714.651696,1421,232.727441
-2188.548869,1719,235.001464
147.850337,1913,237.524859
-3562.105159,1662,239.737774
-1620.938005,1983,242.666578
-1602.782756,726,243.671427
-1476.467946,1992,246.270896
1476.246667,1512,248.239825
-2269.650203,525,249.014295
1613.515692,1919,251.526856
-2180.528375,1105,253.022735
-1377.429496,2629,256.397103
622.91267,1977,258.975156
-4222.999183,1907,261.472536
-1692.520531,1062,263.262565
-537.418764,1826,265.663324
2536.521754,2430,268.829965
1788.58891,1753,271.167927
2801.378053,1480,273.138154
1550.218031,1954,275.70974
-3906.989901,1706,277.963571
1351.193922,1453,279.931044
1115.851916,2365,283.020794
1553.469312,1850,285.8171
3294.856617,1963,288.382379
1638.132041,4284,293.843695
2596.19021,1918,296.372062
2915.862887,3004,300.323457
1566.799992,2813,303.950253
1823.982951,1352,306.157759
2241.221107,2210,309.054923
481.329593,1456,311.017202
-1374.084971,524,311.77769
-2529.724159,1113,313.280761
-3893.506573,901,314.550328
1635.01224,1385,316.410766
2284.357319,1578,318.491472
1534.564967,3011,322.397807
2393.938781,1939,324.947465
-1903.263832,933,326.22499
1408.616179,1523,328.617685
1116.292328,1258,330.332859
2457.578719,1742,332.646549
-1458.586818,1178,334.237415
2187.286076,1843,336.669896
2917.188379,1647,338.862147
1403.50291,1882,341.36203
-182.135445,2716,344.904544
2642.886733,2124,347.732399
1684.120989,2408,351.280191
2737.983612,2202,354.197938
446.480805,1153,355.774649
2035.615287,1633,357.978345
2928.629128,1818,360.412549
3390.866984,2281,363.411868
1112.464996,1247,365.097266
3457.938982,1816,367.51091
2756.211021,1959,370.123221
3496.162078,1799,372.838353
2253.355545,1768,375.200727
2695.671164,1922,377.736031
2182.426057,2120,380.512747
2642.777544,2132,383.295199
2240.627378,945,384.577847
899.472764,1753,386.890097
2882.414545,1701,389.160525
2864.90819,1691,391.415098
2376.027312,1858,393.869669
3335.94466,2112,397.012314
2737.68278,2070,399.756244
3352.027901,1647,401.952464
2448.723884,1748,404.265413
1693.303141,2303,407.30483
2010.980565,2055,410.014691
3831.556713,1407,411.924911
3109.804615,2030,414.59953
2279.418681,3003,418.886189
4576.239691,1872,421.358047
2912.856725,1886,423.871892
2269.845994,1391,425.733323
961.695034,2152,428.574603
1388.254313,1594,430.69124
3770.937397,2107,433.451891
3546.775526,2615,436.848831
2142.537033,2111,439.970662
3355.99085,1824,442.420362
3791.088172,2599,445.79901
1818.455763,2061,448.519829
3322.600352,1563,450.630794
2714.582619,2263,453.608637
2837.122003,1496,455.603434
2661.556414,1586,457.726071
1825.235582,1333,459.52532
2871.153979,1588,462.022745
670.928718,942,463.293688
2853.224589,2467,466.514401
1051.038312,1573,468.61502
3221.620505,2295,471.633974
2649.610956,2056,474.375256
570.178311,742,475.41259
2910.661592,2189,478.291195
2942.881946,1957,480.882834
2575.055602,2355,484.342752
3259.670178,1994,486.967006
2438.562897,2051,489.637104
3348.458007,1668,491.869018
2814.382445,3021,495.835204
3697.883741,2417,498.970792
520.605803,663,499.921137
1799.756508,1740,502.261169
603.256762,647,503.175101
796.939172,489,503.899002
2672.540847,2468,507.477559
362.277414,556,508.293974
420.066907,522,509.059881
449.688781,624,509.953915
3806.673622,2355,513.028218
2442.374201,2183,515.891847
2493.767953,2181,518.729256
1979.397912,1204,520.362605
2481.665592,1967,522.955564
1396.844267,887,524.161877
1851.563922,967,525.475897
-315.438374,884,527.08281
3234.000294,2243,530.014037
2039.82019,2075,532.72594
624.782961,546,533.51604
5856.957563,4165,538.907078
504.067399,617,539.793077
90.328323,617,540.675289
731.666382,581,541.504832
3872.82504,2095,544.261108
2509.318374,1885,546.744766
1408.496221,1083,548.209575
3038.275648,2220,551.469206
719.370914,617,552.349423
743.145396,681,553.307418
3092.043816,2132,556.100302
4196.150982,2251,559.058841
2956.728438,1650,561.249165
652.013106,614,562.134913
2574.257369,1968,564.701823
1996.334878,1597,566.800425
388.109595,753,567.863574
2981.311702,1744,570.155648
827.016926,584,570.992541
-3584.915719,2035,574.020878
193.963749,533,574.797861
322.735166,556,575.61693
-268.812082,570,576.448771
294.225022,767,577.526266
958.308697,565,578.357867
124.896091,636,579.271318
580.306091,503,580.019397
1358.84354,1582,582.131908
2724.910005,2138,584.976639
2459.246397,1116,586.502459
27.659918,1892,589.016312
3663.128132,2021,591.681792
504.873604,587,592.524667
162.449796,543,593.319662
2944.363462,2774,597.286831
474.286355,477,597.998357
1630.83596,1019,599.385327
708.411779,493,600.105493
-93.03134,588,600.94672
2655.878,1868,603.416086
1601.360419,2699,606.940552
3145.277722,2181,609.788265
1247.829057,1202,611.398751
2788.994666,1846,613.814682
255.982116,633,614.716647
3014.64925,2356,618.139923
2232.184335,1940,620.667654
784.732065,541,621.447749
2531.977952,1549,623.517232
3132.070046,2857,627.199587
1202.546574,2297,630.203827
1057.730583,786,631.283286
1643.682261,1784,633.631042
2758.701902,2109,636.38111
707.185131,1196,638.328684
2437.838754,1675,640.538325
281.513287,568,641.357412
656.24333,821,642.488378
460.960595,744,643.52077
2614.652178,1597,645.610868
2550.325674,2103,648.365671
2813.405093,2197,651.219383
802.979408,556,652.025826
3644.149395,2065,654.725749
193.256562,619,655.605625
3100.618014,1901,658.095273
3258.129547,2560,661.808422
693.387338,973,663.122107
1004.659377,940,664.40124
3136.433504,2669,667.845956
361.892695,451,668.533528
863.792598,807,669.64789
842.509891,595,670.487788
3206.682906,2338,673.529057
756.381241,791,674.608804
374.801195,825,675.731292
1538.638534,1710,677.977674
3328.678721,2512,681.269157
-111.795291,526,682.031466
603.66401,546,683.182456
3213.983154,1998,685.771719
986.065197,545,686.546949
3474.729764,1872,689.016837
3037.769825,2655,692.45248
150.989851,590,693.289275
503.140504,562,694.123429
228.440016,566,694.940848
288.613692,591,695.774902
3208.43788,1809,698.131443
2860.212481,1735,700.428486
2683.655681,1956,702.988525
4535.98268,3096,707.322489
4057.085586,2599,710.679832
3436.099424,2317,713.674907
2803.272738,2118,716.432788
47.118368,458,717.123922
3255.26279,2158,719.946329
2592.161373,1713,722.172327
684.372675,657,723.105248
555.859909,546,723.900688
4003.24485,3072,728.214831
256.795752,571,729.046255
137.971718,862,730.234563
495.576146,500,730.95888
582.826704,490,731.670332
2565.833875,1728,733.922491
633.419638,519,734.68482
2602.26703,1619,736.819051
3290.236992,2358,739.885821
2866.140493,1856,742.301744
3135.817082,1532,744.32649
268.427618,667,745.272187
509.264559,452,745.961459
682.555076,607,746.827584
3390.076169,2087,749.905084
616.967261,927,751.164443
396.680814,499,751.900371
2566.994075,2508,755.191061
942.501043,1118,756.68521
475.963833,458,757.37865
3749.591513,2391,760.480863
615.796907,574,761.303834
2247.0902,1700,763.574526
3150.130635,2422,766.739899
719.718235,619,767.626903
189.476082,639,768.529903
318.69213,512,769.290996
572.672973,533,770.077712
4295.911983,2919,774.280295
353.942766,669,775.233293
3401.628927,1562,777.295202
3136.951093,2272,780.25515
3563.483751,2254,783.179143
618.270199,468,783.873088
3569.997126,1970,786.46837
1797.727129,2029,789.101742
2453.768961,1904,791.635777
660.842945,1450,793.883484
458.907511,690,794.860307
95.829593,459,795.556725
2851.294628,1527,797.588863
3454.759358,2858,801.280844
4274.326004,3153,805.409076
610.660192,2370,808.501657
-49.532327,712,809.52403
3402.625691,2485,812.796267
1616.597293,1057,814.221126
1189.985544,779,815.670757
1512.661634,645,816.60835
498.810374,724,817.619264
-1629.789601,2009,820.222476
3409.955981,1570,822.29509
750.345652,572,823.116954
2767.424002,1535,825.142706
-861.691877,869,826.334417
5581.407032,2339,829.317919
78.526126,472,830.031116
4021.522515,2206,832.910038
5156.084651,2948,836.701588
2943.884465,1810,839.436592
4715.17086,2506,842.662781
3073.769478,1643,844.828742
2848.169468,1748,847.115039
2359.608132,1527,849.136214
5289.565373,3155,853.199302
3622.980582,1696,855.434905
4159.744946,2024,858.082167
3109.821701,1867,860.917672
2819.922399,1534,862.954129
3228.631476,2042,865.62157
2737.138245,2069,868.345262
2991.697977,1926,870.887522
1431.079897,573,871.715412
4963.26,2526,874.976777
3689.324176,1842,877.377626
925.285207,480,878.091091
4474.32779,3269,882.671722
2815.014838,1588,884.762916
-153.350056,557,885.592952
5747.184683,3530,890.123925
3509.461456,1865,892.585177
494.954772,634,893.488276
325.789842,460,894.176515
1062.718625,591,895.028469
4707.285258,2571,898.374915
594.79458,448,899.043272
4669.515658,2926,902.825654
2771.02106,1924,905.689391
3197.16247,1705,907.943066
4760.830235,2188,910.77474
3452.140973,2762,914.346047
1970.145184,933,915.627114
3557.649071,2351,918.681054
1413.133368,1162,920.2518
-636.985385,1641,922.435995
2408.009636,1744,924.72131
1151.088609,1412,926.958927
3653.711456,2533,930.279582
3341.817466,1785,932.671607
2513.180318,1255,934.390563
3125.437753,2300,937.387749
3930.571376,1966,939.961523
2868.736316,1608,942.114941
65.390451,911,943.36139
2127.88878,794,944.455657
4150.833888,1828,946.874789
199.830781,514,947.987476
3262.809136,1862,950.450419
2884.390542,1703,952.724161
2776.568048,1787,955.071033
2300.254305,2013,957.737264
975.338187,613,958.625521
9066.603405,4368,964.223375
4782.448377,2781,967.854522
3046.693642,1789,970.585671
3861.547992,2096,973.308645
3162.442182,1367,975.146813
2785.627337,2127,977.985608
1820.571838,1133,979.496189
2572.193645,1936,982.085695
4527.013802,1629,984.243581
3363.714609,1916,986.758847
4315.001633,2015,989.412057
3254.731224,1817,992.224009
4058.158262,1676,994.410844
1941.954102,1184,996.025056
3031.57774,1620,998.162943
4530.475587,1789,1000.487246
945.793223,599,1001.354429
3829.700523,2268,1004.297733
2921.297989,1798,1006.665147
1044.001158,505,1007.413555
3051.015353,1943,1009.954743
2405.41237,1263,1011.674452
3458.263848,1766,1014.343162
4555.91064,1912,1016.850473
3251.873237,1458,1018.777187
2838.008962,1785,1021.142036
3889.83535,1858,1023.601114
4108.112909,2107,1026.350019
3525.332573,1680,1028.557066
1781.48896,1998,1031.187525
3246.223542,2176,1034.046741
3197.769889,1375,1036.256352
1773.392367,645,1037.166815
3727.458911,1905,1039.655367
7022.496586,3079,1043.597801
525.455726,465,1044.295132
3655.264942,1847,1046.71929
1150.055028,1297,1048.436623
3496.81967,1794,1050.800421
284.987035,520,1051.58406
3981.676359,2485,1054.831202
1875.584018,1996,1057.85908
2892.480413,1575,1059.95119
2407.701416,1436,1061.872311
750.571322,890,1063.085865
3297.09312,1734,1065.383054
257.354088,473,1066.089227
1356.125474,2251,1069.027708
1529.208661,1068,1070.486491
3100.899322,1668,1072.706766
3202.873795,2401,1075.835156
4999.32197,2564,1079.181637
3210.869468,1847,1081.972606
2187.407011,2033,1084.63781
4898.701268,2487,1087.878826
-134.833726,639,1088.787605
3319.184497,1838,1091.178043
37.124056,667,1092.130716
4358.88919,1951,1094.692439
468.71822,542,1095.484524
4304.691998,2848,1099.162608
467.796884,462,1099.854179
3180.878124,1712,1102.464207
2684.546036,1722,1104.726298
3574.69761,1729,1106.986325
4461.532538,2221,1109.857445
3091.034357,1310,1111.610207
3154.988384,1700,1113.856567
8869.443861,6346,1121.872934
31.778078,1052,1123.665553
2727.954137,1854,1126.1383
1110.132765,557,1126.935265
2776.368275,1117,1128.435306
1954.983356,1281,1130.16101
383.856527,523,1130.921263
51.287773,2156,1133.7448
3531.631132,2069,1136.435163
716.442755,500,1137.152329
765.395745,584,1137.987428
3636.90636,2015,1140.615007
3989.236012,2533,1143.875998
1096.055954,540,1144.656721
396.24585,510,1145.750112
2936.993867,1019,1147.136436
3006.493087,2706,1150.651074
108.715177,789,1151.733559
3996.537299,1392,1153.585159
1841.715337,1058,1155.108439
2257.576605,1302,1156.866392
4164.857263,1684,1159.091569
3469.344043,1594,1161.177815
1938.630258,1590,1163.25682
3127.859017,1309,1165.028066
5000.482985,2649,1168.764042
4311.129983,2421,1171.882593
2818.957399,1554,1173.939003
-143.135926,543,1174.711839
3619.714306,2213,1177.587889
4892.414911,2630,1180.977737
2376.198676,1056,1182.399038
2977.49441,1690,1184.63479
2652.982556,1815,1187.031962
2353.05293,1745,1189.704516
615.030843,1818,1192.076369
1125.005898,1748,1194.397509
3412.57784,1666,1196.616402
545.708365,560,1197.424661
1947.738236,1382,1199.281331
3769.674538,1531,1201.297333
4075.264844,2109,1204.072091
4538.10939,3385,1208.411309
377.287873,606,1209.293853
755.387469,656,1210.223818
2132.959069,1286,1212.311347
3563.376621,2766,1215.895853
2224.560535,1217,1217.547411
1069.762556,553,1218.360268
5997.0226,4095,1223.532645
808.271436,541,1224.329667
448.949602,1874,1226.775671
3555.259931,2329,1229.807134
2959.223296,3211,1234.320691
2905.404141,1527,1236.316641
3326.194677,1821,1238.71792
742.015337,437,1239.387195
3372.433564,1959,1241.954221
2048.681046,1932,1244.524038
2414.707682,1593,1246.624671
371.280105,717,1247.641234
6910.894697,5444,1254.510549
5267.077705,2865,1258.497976
477.301551,598,1259.34026
4447.402944,2147,1262.120391
4425.953269,2258,1265.037184
-41.815928,755,1266.103419
1519.084708,637,1267.026076
2300.71452,1049,1268.429223
1195.319896,572,1269.2459
3507.876227,2119,1271.982481
2940.594001,1644,1274.141221
3996.209143,2329,1277.534634
4716.700353,1979,1280.113485
4403.712976,3270,1284.326713
613.682384,588,1285.16835
2892.362944,1045,1286.572657
7391.172279,4209,1291.873093
1232.147505,696,1292.84741
766.193986,483,1293.559852
522.779739,535,1294.340082
2739.118812,2631,1297.796503
782.235168,519,1298.558987
2356.036638,1113,1300.441787
2605.774327,782,1301.524791
3200.28047,1602,1303.65714
1778.763292,1447,1305.600045
3895.502387,1958,1308.191211
5481.081523,2452,1311.35944
3796.801209,2118,1314.101686
1472.549849,1998,1316.732799
3603.836281,2367,1319.823968
8353.67223,5453,1327.169647
3929.276408,1864,1329.600756
398.120651,903,1330.821774
2788.014481,1685,1333.072157
1104.609415,1600,1335.178122
155.576425,476,1335.886201
3158.609909,1469,1337.845429
4315.60827,1823,1340.220926
1240.027934,813,1341.340158
384.926832,635,1342.241293
269.804266,584,1343.443751
2176.552107,743,1344.487564
2352.181296,1177,1346.077661
3334.676069,1134,1347.619841
2065.39674,2863,1351.387733
2061.648662,933,1352.651139
1471.833358,2286,1355.646176
-220.861407,526,1356.413617
1097.136623,568,1357.246442
368.296597,550,1358.02913
4323.155836,1619,1360.155241
735.410845,616,1361.037886
1918.762111,654,1361.96743
2033.535805,1659,1364.182809
2382.412881,1104,1366.038304
1412.959899,587,1366.883905
2916.69053,1851,1369.356798
386.335555,624,1370.258567
3825.03171,1851,1372.717887
902.210438,645,1373.627201
3447.669014,1924,1376.141441
6252.055836,3227,1380.281904
2021.054503,1024,1381.661918
2545.382804,818,1382.816908
1142.460314,620,1383.709578
1960.017453,1428,1385.600041
1542.241106,715,1386.599294
3148.510718,1529,1388.981861
3587.677063,1860,1391.417578
2389.994969,1339,1393.201994
4206.088263,1684,1395.402947
2760.882728,1270,1397.102071
1880.109301,1445,1399.012443
330.867089,663,1399.936591
5310.594121,3362,1404.270494
8766.896875,6621,1412.974512
1719.106797,2354,1416.079836
628.259186,431,1416.728235
1679.899252,790,1417.836936
2854.349395,1249,1419.516119
3409.224014,1968,1422.112968
3581.311841,3547,1426.712669
1784.630807,1281,1428.455992
319.99499,531,1429.223672
2412.794132,1275,1430.93775
661.207267,583,1432.122758
3835.601411,2618,1435.496418
2266.652538,2230,1438.395255
2595.640179,1133,1439.911887
2544.101828,1596,1441.995653
2806.216165,1004,1443.39167
3588.242219,1527,1445.401463
3394.057228,2456,1448.586189
580.129392,760,1449.632827
3506.8931,3402,1454.353669
3017.156956,2128,1457.170192
3793.892545,1856,1459.605572
920.591188,818,1460.721554
2491.207613,1313,1462.497974
3720.54992,1674,1464.703737
703.110841,992,1466.031236
2499.668296,1199,1467.626213
381.025967,618,1468.523593
4110.978,2892,1472.245068
568.727633,567,1473.074394
2968.20477,1205,1474.699605
2878.181709,1245,1476.697464
1881.40005,2453,1479.919696
3467.118046,2086,1482.605285
3228.083204,1462,1484.556807
853.612894,629,1485.450205
1595.685248,570,1486.273807
2688.83443,1417,1488.175908
2614.370845,1558,1490.280093
2288.729353,1424,1492.175662
4327.938284,2011,1494.803727
2019.775254,1504,1496.830923
4465.764154,2428,1500.328067
3371.774934,1774,1502.668963
220.845829,532,1503.448765
2389.95563,1307,1505.228034
3006.931933,1043,1506.646533
3188.783912,1900,1509.181209
-472.801448,529,1509.955822
1782.096652,1087,1511.422787
3461.489293,1646,1513.616171
4231.960537,2135,1516.401915
2297.6076,1511,1518.430162
4075.126026,1703,1521.028095
3435.672582,1712,1523.270526
2688.509318,1307,1525.020782
700.454501,618,1525.906801
166.228906,597,1526.752805
222.547351,443,1527.414359
3094.808304,2002,1530.013075
4100.76245,2687,1533.496302
1420.319508,711,1534.500492
3368.110051,1918,1536.995879
8061.113444,5569,1544.451527
378.140888,609,1545.324726
2629.515171,1301,1547.081063
2883.247043,1406,1548.972152
2460.086169,1206,1550.607377
1953.216746,2024,1553.262643
3293.096062,1756,1555.585204
2331.322844,1118,1557.112817
4409.861212,2433,1560.279422
555.631214,469,1560.980486
7602.206343,3544,1565.810247
576.241891,446,1566.472896
3662.3414,1622,1568.619947
3684.660279,1743,1570.903513
2187.04478,1539,1572.921026
313.661981,542,1573.704511
2599.871736,1284,1575.422281
2978.462802,1988,1578.01314
1806.334049,880,1579.22335
8941.383957,5136,1586.032246
235.142532,510,1586.785737
2989.816257,1590,1588.897933
2519.79585,1209,1590.516007
3552.145022,2487,1593.741565
3654.96164,2137,1596.512088
6801.975005,3671,1601.209956
993.234067,581,1602.038877
905.939583,528,1602.808997
474.073417,853,1603.988209
2996.310593,1297,1605.719022
2964.551659,1530,1608.09176
2812.705753,1083,1609.584279
2755.202851,2414,1612.734558
8007.09636,3800,1617.531055
615.509928,421,1618.171478
3311.559864,1573,1620.246478
2133.319545,2247,1623.145118
2356.703806,1529,1625.181793
-49.641268,565,1626.04083
2392.464694,1164,1627.625908
1767.784097,1947,1630.578936
4291.850218,2629,1633.955532
2588.188372,1695,1636.184947
3063.399183,892,1637.410372
3006.700551,1690,1639.628327
452.471801,525,1640.395037
2097.779615,1198,1642.00599
550.82731,498,1642.72392
8077.756163,4334,1648.195808
914.679457,544,1648.979707
2735.036617,1242,1650.658565
3745.231997,2416,1654.111395
2077.955137,1747,1656.441364
5811.456293,3007,1660.290996
3600.530828,2375,1663.368866
2923.782328,1885,1665.837398
6055.778885,2698,1669.308594
2279.652694,1469,1671.271536
6527.148568,5082,1678.083007
3852.697898,1702,1680.345281
3404.458865,2367,1683.418422
620.335828,477,1684.120568
655.366988,780,1685.197852
4944.834644,2622,1688.596895
399.18115,516,1689.358485
4751.015901,2929,1693.095441
3860.832168,2798,1697.076803
3887.055246,3252,1701.269723
3167.248916,2365,1704.306955
3276.832637,1616,1706.431739
62.237848,428,1707.073985
784.652895,551,1707.871556
951.423837,556,1708.684783
3317.830646,1277,1710.382201
3506.82299,1177,1711.975036
3580.513924,1631,1714.136887
5560.877948,2319,1717.490342
2693.683007,1330,1719.267841
37.59013,1430,1721.135101
4247.095917,3062,1725.04183
1324.335725,603,1725.912263
961.154111,592,1726.755186
382.297991,1243,1728.398661
768.089556,659,1729.334987
4615.727723,2548,1732.612385
-2567.42844,1911,1735.100149
453.153828,543,1735.887035
3700.816757,1701,1738.120585
3801.335997,1747,1740.733618
3004.175125,2583,1744.107132
6077.094769,3247,1748.209356
2989.571405,2360,1751.271766
3014.593679,1218,1752.908689
4889.086777,2588,1756.210252
481.519185,565,1757.026647
3659.422689,2126,1759.741776
1389.579605,841,1761.233514
4571.169483,3017,1765.099038
4594.723951,2246,1768.012285
4934.051854,2352,1771.075683
361.21165,495,1771.805025
3526.158595,2734,1775.27782
3004.053147,1527,1777.292636
-85.515259,541,1778.074787
4725.934856,2492,1781.289731
3710.066379,1813,1784.027245
3319.499953,1485,1785.973977
905.621124,476,1786.687242
484.396064,433,1787.324546
169.673274,594,1788.157509
477.252287,705,1789.139221
73.312473,392,1789.72787
3233.719156,1193,1791.32162
2773.946813,1630,1793.460549
1406.004058,558,1794.264028
2743.249066,1270,1795.950769
1620.293932,1104,1797.436247
2948.239071,1885,1799.857045
4946.743458,2351,1802.899014
7381.743863,4459,1808.884133
1179.67756,812,1810.00188
4502.585354,3744,1814.772008
3186.313422,1790,1817.112584
2527.477053,1773,1819.453008
7580.486423,3654,1824.09649
4878.163657,2446,1827.599047
3072.430421,1778,1829.917168
2780.617482,1199,1831.510942
3295.474872,1449,1833.417259
1162.624369,669,1834.350036
2192.753819,1939,1836.884767
8294.212641,4264,1842.203981
2884.853699,1264,1843.904448
3597.812447,3171,1848.289911
3285.639244,2041,1850.958797
4950.337088,2967,1854.712467
5153.692696,2490,1857.898833
3092.09945,1839,1860.316697
2731.912412,1594,1862.429866
621.660311,461,1863.118926
906.576753,777,1864.186105
6303.530944,3671,1868.88974
917.980315,536,1870.033089
4583.391865,1926,1872.515823
3189.995857,983,1873.843077
8201.434561,6585,1882.019094
468.804524,492,1882.73909
5810.996682,2300,1885.678346
558.119119,685,1886.636042
9757.588228,5340,1893.630618
2856.724604,2443,1896.773066
1779.066039,1419,1898.625453
2961.664007,1216,1900.270926
1317.029244,668,1901.205481
4040.634213,2010,1903.825225
3372.695911,1784,1906.168169
3553.568517,1782,1908.478904
2188.138674,1288,1910.196015
5097.109238,2916,1914.245029
412.061665,466,1914.93664
1918.054074,807,1916.050324
3747.627557,2480,1919.249496
6033.413558,3789,1924.003931
3248.106857,2265,1926.928864
842.136362,779,1927.987535
239.607719,630,1928.868939
3865.057727,1738,1931.145657
1129.833352,548,1931.924598
19.177544,481,1932.631558
5534.488218,2746,1936.474708
275.258953,459,1937.158634
6567.169247,3412,1941.450845
3698.285745,3452,1945.867286
-604.20159,5086,1952.341286
2967.472963,1045,1953.749181
3671.16428,1997,1956.709085
4720.990473,2523,1959.915968
16581.705164,8582,1970.55161
565.23189,459,1971.239611
2803.32148,1270,1972.957679
4424.15238,2004,1975.535239
697.530258,534,1976.306908
5933.343955,2936,1980.386406
6314.275022,3020,1984.278666
456.172713,400,1984.881071
1075.898189,627,1985.779912
3094.845436,893,1987.012498
985.992092,611,1987.903246
4017.513245,2268,1990.942
3269.735273,2131,1993.734174
7648.052986,4469,1999.722033
2950.90609,1757,2002.051454
186.552177,457,2002.741664
8749.408605,4922,2008.917407
2809.646016,1547,2010.919287
168.867931,1035,2012.289702
3465.865278,1603,2014.410868
2786.151114,1738,2016.666017
5681.11351,2968,2020.804395
502.740264,503,2021.551146
1655.147037,1659,2023.704566
4329.743054,1922,2026.202171
3099.002834,1564,2028.259495
4588.298514,3284,2032.503377
160.337651,518,2033.267808
4701.351541,1951,2035.830553
725.368718,557,2036.639672
3848.017312,2435,2039.773772
3852.322623,3062,2044.049652
3986.601068,4104,2049.256606
1373.67835,952,2050.541742
601.823913,607,2051.404423
3534.178837,2077,2054.066054
416.101754,497,2054.785443
2567.598629,1236,2056.428478
3014.697542,1839,2058.845101
4280.209341,2340,2061.825603
4428.419558,3063,2066.166482
8862.428442,3595,2070.735548
3031.823438,1070,2072.1782
3227.985465,1383,2074.04732
360.540135,475,2074.74938
397.120718,511,2075.500252
-234.160039,568,2076.322269
1037.770768,510,2077.075515
3362.492099,1742,2079.383307
717.635676,477,2080.088399
2268.744822,1239,2081.718644
620.813034,565,2082.54388
1065.784745,493,2083.268776
762.771409,560,2084.088739
4325.24977,2188,2087.265975
1241.224685,842,2088.416328
2379.314533,1652,2090.587141
5012.047195,2091,2093.257702
5753.185307,3188,2097.263638
3934.393789,1968,2099.848069
2320.72851,1060,2101.270249
425.614177,525,2102.03626
4292.975649,1783,2104.342184
7073.410072,4632,2110.500825
252.540908,465,2111.195677
464.69596,386,2111.784703
3665.476104,3635,2116.429066
1232.602121,696,2117.397937
2843.705514,1233,2119.051427
2695.592835,1833,2121.447475
2828.583821,1116,2122.947329
602.468485,502,2123.695458
567.513776,603,2124.559388
315.804221,386,2125.152803
3374.857716,2545,2128.409573
5926.206875,2762,2132.289542
602.159942,531,2133.051507
2372.560624,958,2134.349224
1389.56612,1088,2135.780465
4059.084416,2021,2138.397539
5035.109537,2598,2141.713152
2771.568137,1470,2143.652622
4079.693534,2053,2146.316136
507.378618,445,2146.973461
219.949619,422,2147.613346
3050.242354,1562,2149.659503
3045.377648,1751,2152.291918
3233.33609,1470,2154.273085
3343.723102,3174,2158.318777
1187.10229,667,2159.259326
3462.493457,1876,2161.700719
5470.145962,3075,2165.57591
491.88694,618,2166.454775
820.724738,801,2167.547835
1438.334878,1127,2169.052229
367.939694,434,2169.705024
2902.355972,1810,2172.077619
589.634441,484,2172.786223
8214.915161,4986,2179.35613
3957.887263,2742,2182.848172
4077.814371,1879,2185.304093
6117.23844,2909,2189.033984
3876.238303,1758,2191.343132
2804.716044,1299,2193.068099
3775.190019,1545,2195.469969
955.360195,542,2196.245842
3218.679618,2008,2198.868551
5113.867123,3501,2203.333476
2581.942047,1424,2205.261302
3159.702983,2750,2208.832036
1114.595251,587,2209.67154
2725.705445,1879,2212.140095
5488.951412,1828,2214.518625
4017.572866,2846,2218.514027
5844.424644,6398,2226.558536
1837.403449,1813,2228.898743
884.102062,962,2230.20757
3085.577343,1622,2232.330134
9606.920218,5529,2239.561555
9702.886958,5169,2246.030279
2667.317623,1262,2247.721781
632.99461,527,2248.482033
660.73505,705,2249.464783
2974.214732,1519,2251.519135
4399.292192,3360,2255.867278
1911.894818,1862,2258.341001
3104.335261,1352,2260.513459
3548.136963,1631,2262.651248
3896.126894,1816,2265.022094
2888.058815,1215,2266.630407
1125.95884,843,2267.770386
4457.365756,4373,2273.283269
3222.432563,1445,2275.181405
2774.44251,1593,2277.272407
437.422281,630,2278.158349
2360.648949,1269,2279.844088
808.266704,634,2280.733599
655.080922,549,2281.872926
3086.777736,1454,2283.836655
17456.436031,9175,2295.121667
3702.206977,3986,2300.22994
6673.710896,6828,2309.153801
1424.289659,856,2310.32306
-21.837375,612,2311.197308
711.351106,434,2311.854442
3419.972575,1809,2314.216622
3696.268605,2030,2316.842204
5114.057616,2925,2320.539778
2957.138567,1266,2322.243572
2928.780615,1553,2324.649383
3909.492086,1985,2327.253508
-29.018313,696,2328.217551
930.373116,680,2329.170609
4057.026364,2424,2332.325865
1121.981503,960,2333.626929
4227.041221,2567,2336.978023
300.675417,509,2337.735644
6619.16683,3576,2342.284432
2573.837937,1237,2343.947671
4279.882579,2964,2348.099789
2761.234316,1661,2350.283335
1674.004214,953,2351.580635
4244.33657,3081,2355.559819
476.953724,483,2356.278732
4744.704139,3571,2360.860045
2849.688934,1002,2362.214885
4506.840426,1612,2364.382802
492.797147,598,2365.240501
7655.473266,3532,2370.098901
2115.871939,904,2371.338269
2977.092999,1110,2372.868361
448.914217,636,2373.771593
791.387319,673,2374.732481
2363.594764,1041,2376.126192
645.320054,561,2376.939276
3352.649565,1431,2378.863357
2299.430841,1182,2380.454867
6810.630856,3949,2385.496121
3111.787169,1345,2387.280589
5497.019037,2919,2391.361831
2933.783731,1513,2393.371447
2660.022047,1288,2395.082596
3227.561924,1289,2396.809874
12.978129,531,2397.574538
3139.082175,1090,2399.054976
5973.028441,4805,2405.101943
1960.496966,921,2406.363119
604.580366,718,2407.360112
3007.082169,1241,2409.016397
7650.522625,3858,2414.237488
2489.718069,1528,2416.266676
310.786852,462,2416.960564
431.456167,576,2417.794617
4259.396872,2589,2421.110061
1413.070371,896,2422.339072
513.491099,528,2423.113428
11359.648154,7889,2433.399959
3386.538467,1966,2435.960368
2213.69536,1170,2437.519996
141.292952,559,2438.333485
2084.085519,939,2439.61267
3537.138196,2181,2442.466653
757.575208,635,2443.359457
2644.987326,1900,2445.840392
236.714032,489,2446.557055
4157.554111,2262,2449.493176
3532.088824,1361,2451.316437
2756.603667,2044,2453.958441
5875.655439,6565,2462.540035
2076.300439,958,2463.847201
2628.7943,1158,2465.445244
2740.06947,1179,2467.036227
9114.557046,5723,2474.175329
463.01783,487,2474.897708
275.351561,610,2475.768244
3769.80505,1241,2477.780033
-45.547486,574,2478.615996
2247.578793,1141,2480.132565
378.545699,495,2480.852764
6180.555626,4067,2485.971426
1933.716004,916,2487.21233
457.904135,592,2488.051807
466.70662,588,2488.895893
3051.726041,1012,2490.277757
3465.641517,1327,2492.032713
2916.27996,1486,2494.042075
3298.282243,1471,2496.011963
4493.110855,3971,2501.472345
2794.990632,1020,2502.865162
207.083097,545,2503.656866
4423.026162,3566,2508.226931
168.863423,549,2509.025175
8053.26867,4579,2514.841881
360.900274,670,2515.78829
3001.653141,1532,2517.826405
2793.978644,1267,2519.551547
2962.430511,1261,2521.598251
302.205577,520,2522.360218
1658.644473,1079,2523.814235
522.165574,532,2524.585183
3500.055358,1279,2526.304065
2959.110377,1308,2528.063701
9505.615671,5097,2534.45651
724.346419,585,2535.289146
2507.384892,966,2536.607283
1728.573621,802,2537.733794
1737.697439,1109,2539.23992
8691.153219,6272,2547.515513
3735.981474,1337,2549.316562
623.011101,567,2550.141491
2745.600423,1465,2552.117937
3050.446422,1292,2553.861275
2882.827788,1362,2555.669412
2545.975188,1104,2557.181433
581.624433,629,2558.074028
3843.990757,1883,2560.570217
2946.484494,1527,2562.590153
3641.025288,1372,2564.440649
2058.383908,1201,2566.41026
1079.35505,839,2567.548076
3577.223251,2576,2570.895393
1031.112594,836,2572.044972
1892.200753,934,2573.324208
5513.326827,3456,2577.745374
634.622108,828,2578.8962
3055.46754,1236,2580.550049
1197.732215,655,2581.495856
144.732016,599,2582.339176
807.380366,1056,2583.767614
2774.800288,1372,2585.621914
7830.168847,6044,2593.669337
2625.569769,786,2594.768802
3594.689209,1456,2596.7353
3181.15934,1244,2598.412149
230.386469,582,2599.245808
1868.06197,1196,2600.842171
2163.382838,1622,2602.999292
755.56799,936,2604.257713
588.269968,577,2605.092784
7836.580098,5949,2612.943303
7961.593657,7263,2622.069638
3760.686689,1558,2624.122811
449.850081,512,2624.88192
9955.755335,10001,2637.787823
3455.165172,1354,2639.617397
6869.270249,7299,2648.787752
566.917755,731,2649.802157
8601.498797,6160,2657.934042
3143.851632,1396,2659.804375
163.331088,611,2660.692484
636.645719,538,2661.469396
569.56928,784,2662.53832
2608.018565,1454,2664.477601
603.385441,519,2665.242727
1080.969203,654,2666.18042
3495.105221,1073,2667.650257
2352.51288,1209,2669.268905
402.290389,578,2670.099656
612.131874,731,2671.126583
3127.750689,1277,2672.833324
3499.68025,1519,2675.228112
3689.31637,1428,2677.137425
2630.54488,1055,2678.580287
674.031626,551,2679.397113
675.031012,713,2680.408308
529.526043,682,2681.372326
647.332531,607,2682.243336
942.062331,1158,2683.780347
463.394074,798,2684.874478
8294.170634,6354,2692.903629
618.849078,619,2693.787055
3576.162728,2613,2697.55246
3579.25082,1922,2700.080702
14468.696636,10001,2712.512542
3209.776885,2487,2715.739952
4868.673025,3422,2720.482226
3292.312865,1312,2722.239028
4528.56542,4168,2727.575322
682.772284,554,2728.401671
817.995377,779,2729.471488
2428.062868,2955,2733.275929
2840.05017,1341,2735.072879
3598.980164,2420,2738.578947
4094.254705,2555,2741.92447
5020.274949,5249,2748.544461
4169.542425,2265,2751.485503
406.485899,641,2752.383719
650.050604,741,2753.405574
2444.531389,1057,2754.848796
8035.347018,7085,2764.035685
3580.518668,2339,2767.092676
4852.87579,6036,2774.750731
6474.226073,8338,2785.601839
651.582673,609,2786.474099
352.651234,529,2787.251266
128.129103,533,2788.022337
4178.602527,5440,2794.825037
733.176923,689,2795.78313
3821.551082,1786,2798.146235
3222.747004,1207,2799.796735
14875.304353,6974,2808.855387
6838.439936,3861,2813.76067
814.836957,789,2814.8497
14386.788408,10001,2827.735609
3380.71739,1271,2829.4432
8217.019761,7052,2838.296952
3292.570459,2657,2841.76438
2348.176226,1779,2844.121117
776.937393,576,2845.305409
562.110182,756,2846.361167
474.186944,642,2847.268982
2166.613968,967,2848.60013
993.450709,633,2849.494087
2027.477133,917,2850.779899
4216.078375,2035,2853.465988
1879.597234,981,2854.8103
1024.283544,690,2855.791151
3229.222755,1635,2857.947082
2985.359103,2130,2860.780328
517.632426,671,2861.721948
2197.969075,1092,2863.197363
4175.238304,3369,2867.864903
2141.093323,1171,2869.432404
2915.042524,1334,2871.219163
1643.435913,991,2872.561599
2058.760422,950,2873.842542
2941.020991,1293,2875.576033
10288.946312,6502,2883.776717
3008.2695,1078,2885.240216
2558.110724,1694,2887.480667
3788.037932,2170,2890.671314
1066.442583,873,2891.87705
3252.161535,1354,2893.699712
3298.022256,1761,2896.050013
2882.009906,1306,2897.803897
235.390487,707,2898.810684
2514.86417,1135,2900.367083
2174.591667,990,2901.712755
2720.405076,1097,2903.203018
419.218801,495,2903.9307
3002.287445,1318,2905.708613
7337.1191,7122,2914.996576
2424.340072,1235,2916.665552
1843.11028,1159,2918.215263
3953.077769,2708,2921.707921
4789.273928,3145,2925.762757
2709.644044,1325,2927.544927
5410.768348,2973,2931.400066
3009.293211,1577,2933.823266
3818.772844,2366,2936.900049
1337.921998,961,2938.203874
1548.007072,715,2939.233366
2936.345165,1829,2941.674971
2480.474214,1164,2943.241303
3190.370615,1335,2945.040476
3385.564901,1337,2946.825853
3368.64915,2979,2950.666256
6932.290927,4556,2956.818979
7049.116971,6864,2965.404748
846.898855,1141,2966.925045
2966.270549,1384,2968.751414
2707.090394,1462,2970.680394
608.664368,710,2971.688561
2192.959052,973,2973.008005
4608.201595,2584,2976.753093
3620.902782,1273,2978.477007
3682.061659,3114,2982.500209
12072.101577,10001,2994.974891
1996.627243,962,2996.290021
-121.06523,668,2997.24886
4356.673054,2600,3000.99465
2472.804652,1136,3002.540527
1903.272605,979,3003.879638
2588.532108,1073,3005.332489
2864.10928,2382,3008.465528
2803.289174,1773,3010.812066
521.930728,664,3011.754637
6702.984205,3955,3016.72331
2832.593887,1181,3018.305207
3034.598265,1638,3020.841364
4597.7928,3447,3025.259761
1910.019849,945,3026.54368
3070.107384,1227,3028.184846
9793.208792,7082,3037.05398
4478.420693,2709,3040.559376
2038.771727,1074,3042.376129
1492.534234,654,3043.322712
1788.045467,973,3044.656366
2791.293604,1458,3046.598643
3501.206109,1605,3048.734669
1963.353938,1283,3050.433793
5374.81673,4578,3056.252964
9405.158235,5296,3063.281915
2918.115408,1265,3065.004897
601.190835,915,3066.260882
5561.902769,4708,3072.208143
-83.811481,541,3072.996027
1504.076292,606,3073.882395
1200.877677,1264,3075.576083
2041.762839,1037,3076.990609
1991.663642,926,3078.257533
2368.778901,1297,3080.004631
731.167636,884,3081.226364
3489.450761,1974,3083.851393
4455.872133,2797,3087.773776
8199.560308,7099,3096.69215
8113.515626,3778,3101.465991
2684.324928,3535,3106.372784
4024.545698,2855,3110.127588
4735.535614,3437,3114.512455
2512.629784,1502,3116.506322
2007.869109,1155,3118.067889
1181.820986,763,3119.136388
3709.552278,1722,3121.404944
2590.64684,1077,3122.868888
1490.083048,915,3124.144488
2649.396779,2045,3126.834481
4858.627204,3466,3131.634244
1967.887031,1473,3133.574213
2502.756456,1048,3134.991418
176.731964,533,3135.769548
5006.133973,3361,3140.059329
3073.073127,1468,3142.048862
428.423568,658,3142.987699
5331.253151,3181,3147.058244
2576.511257,1922,3149.952176
1866.820322,987,3151.291752
15424.685489,10001,3163.859906
604.298227,777,3164.946663
5270.1152,3939,3169.970268
2860.294669,892,3171.555212
2929.140163,1830,3173.97541
9055.275473,5268,3180.63073
1855.509806,994,3181.984237
2492.464556,1557,3184.052383
2747.912613,1810,3186.484958
1364.02471,862,3187.688212
2156.71558,953,3188.998872
2438.102368,1188,3190.590723
997.058519,1068,3192.046233
186.717348,541,3192.835467
2767.256202,1582,3195.364826
893.229087,1205,3196.969725
1888.534582,1036,3198.370696
2538.294734,1725,3200.643857
2673.1616,1332,3202.441645
1938.977189,1136,3203.985051
202.680953,625,3204.88664
3269.629788,1357,3206.727429
4201.539498,2924,3210.48098
15.694038,713,3211.491102
1943.040127,1220,3213.125226
7859.885766,4993,3219.826312
303.794121,613,3220.718951
4764.582224,2730,3224.256317
3336.264113,1169,3225.842955
1660.820257,1769,3228.143591
2931.453452,1319,3229.904929
2634.742165,1863,3232.372048
2081.78757,1577,3234.449534
2013.80192,973,3235.787612
1984.83981,1366,3237.972253
7421.823077,5890,3245.393301
1512.550721,1065,3246.842805
4639.123636,2646,3250.25766
4723.66475,2170,3253.125288
2774.747486,1487,3255.103406
1512.782938,726,3256.131029
1986.256487,1105,3257.64694
1214.686768,1035,3259.415844
3251.37524,1615,3261.560795
2755.561738,1101,3263.061131
5373.988046,5941,3270.537657
3770.423934,2726,3274.062492
4596.932374,2749,3277.610616
5255.165423,4040,3283.140873
2992.767601,1845,3285.57125
6762.320359,6324,3293.57837
1427.186745,1101,3295.081127
2396.836674,1543,3297.125748
2844.354657,1621,3299.289891
2091.941968,1877,3301.78294
4273.229525,2570,3305.473019
1542.562145,1080,3306.931889
2183.055343,1401,3308.815641
4182.875132,2550,3312.175456
3109.994198,1464,3314.138708
3456.964963,1163,3315.74628
212.889598,677,3316.713461
1300.606308,984,3318.063749
3692.240955,2392,3321.182187
2284.16578,1592,3323.284562
2195.556918,1302,3325.424644
1853.894335,1161,3326.995158
4490.855842,2170,3329.867361
1705.3684,1268,3331.582598
11233.225768,7309,3340.769788
2745.79856,1433,3342.684851
3000.472592,1682,3344.915202
1797.743932,991,3346.656823
4818.045493,4134,3352.017689
5440.711117,4719,3357.958131
1092.174757,963,3359.28454
2854.120543,1541,3361.331448
3162.264062,1730,3363.622473
4340.278767,2893,3367.310237
1376.14294,887,3368.898025
3348.773239,1964,3371.488957
944.563863,931,3372.7853
7465.074102,5616,3379.870784
1235.905081,785,3380.975369
3337.30258,1350,3382.800951
2600.717383,1743,3385.086705
2527.938628,2113,3387.877308
2690.734532,1568,3390.314541
3490.491106,1716,3392.577148
4186.456387,2302,3395.586991
2585.124427,823,3396.714602
2475.85124,1976,3399.317666
3950.286826,2469,3402.568245
21.18324,660,3403.519091
1432.111794,1027,3404.913256
4823.009635,3136,3408.933277
3943.309211,1263,3410.651863
4026.310273,3623,3415.706119
1797.525846,1274,3417.44352
3676.745106,1745,3419.756974
870.662254,975,3421.100107
3630.856608,4700,3427.088691
5455.776939,4332,3432.603251
3230.694387,1864,3435.409704
328.426997,905,3436.645952
3040.776553,1345,3438.413632
3388.388357,2372,3441.479182
2035.040186,1278,3443.172565
1959.586517,1365,3444.998587
6305.238016,3795,3449.805276
2570.719061,2426,3452.959788
6984.231327,4642,3459.223521
1533.747928,1051,3460.690328
2737.661573,1647,3462.857622
763.867802,909,3464.108549
3917.827811,3013,3468.019394
2753.655955,1534,3470.083563
3183.692379,2660,3473.533957
4763.015035,2416,3477.040185
2746.533136,2274,3479.991395
5065.201162,3984,3485.051907
1515.6424,625,3485.948499
4487.036394,3321,3490.17703
2722.316277,1904,3492.687511
2524.449946,1842,3495.079305
2158.999463,1189,3496.653583
3116.895332,1836,3499.407907
6474.256063,4321,3504.878656
4135.629957,3285,3509.048046
3536.658119,2727,3512.578023
3016.725368,1833,3514.999057
3640.023194,3157,3519.058731
1972.041255,1248,3521.092428
3717.250577,1640,3523.256334
2357.944065,2505,3526.498049
1439.234663,2007,3529.100523
2149.979664,1424,3531.001293
3477.004626,1588,3533.080708
3296.840203,2061,3535.771646
1878.730178,870,3536.972209
12911.38495,8210,3547.529102
1263.139218,555,3548.337522
1413.046076,919,3549.603394
2115.108518,1841,3552.004684
5780.491537,3236,3556.135759
2984.548827,1595,3558.234412
6052.980157,3711,3563.310414
3924.92211,3149,3567.327215
930.85215,1011,3568.684577
9991.50878,6139,3576.281916
4651.816538,4315,3581.749062
6912.747471,5826,3589.4362
9557.126402,10001,3601.802478
6960.755885,4007,3607.261491
1791.57906,1489,3609.217494
5400.672909,4769,3615.220654
2725.526919,2063,3617.902827
1557.954322,652,3618.856223
1646.238714,716,3619.848457
748.721286,1410,3621.742758
2443.299946,1879,3624.203402
2264.515184,2492,3627.780063
1732.967776,886,3629.016101
5781.442574,3127,3633.02175
1593.271732,520,3633.808741
-348.756809,1303,3635.564343
3613.728519,1602,3637.703661
1694.83962,850,3638.885716
2807.427401,1841,3641.278893
9239.561452,8002,3651.682468
1705.458292,1807,3654.040706
3549.533506,2244,3656.924565
2402.499062,857,3658.092155
2187.359245,1050,3659.540289
1253.542646,932,3660.827976
10365.106143,6796,3669.696301
1762.018739,1300,3671.41702
3760.119613,2578,3674.793474
1978.938101,1114,3676.317685
1552.141835,521,3677.087481
2906.088407,3598,3681.696834
2414.523764,1520,3683.728863
888.548523,1052,3685.165521
433.846395,816,3686.309304
4032.093248,2784,3689.922996
1257.798138,494,3690.651501
882.087258,658,3691.957764
2114.063651,893,3693.171611
1543.426064,986,3694.506558
1816.100772,1657,3696.708063
1730.908952,1881,3699.233113
2966.407438,2485,3702.478464
3653.216224,1957,3705.040248
3069.16598,2167,3707.898473
546.783616,1098,3709.365705
3809.701939,2017,3712.005234
2159.996956,689,3712.972709
1226.793648,1247,3715.023529
2065.504786,1310,3716.793629
2012.242077,939,3718.069866
13999.474525,9499,3729.887337
809.867109,1654,3732.099294
2796.303759,2177,3735.309355
759.085254,1567,3737.403116
730.077487,1711,3739.657183
4031.188603,2508,3742.941222
1348.149251,948,3744.217191
2965.742915,1850,3746.642074
3467.597217,1868,3749.113281
1476.95796,1182,3750.69748
4357.344875,3332,3754.977139
2112.905045,1597,3757.438122
2592.962717,1684,3759.671846
2008.078754,1466,3761.626988
1842.244372,1868,3764.090891
1610.464316,1858,3766.535769
2435.866822,1822,3768.935405
1762.746032,975,3770.254137
4538.965196,2896,3774.007825
1060.356933,872,3775.225809
2868.497724,2593,3778.616266
2111.70969,1336,3780.770187
3492.049252,2380,3783.905147
3330.994037,2235,3786.827148
2203.283544,1124,3788.356902
2517.852965,1384,3790.204452
2003.958244,1029,3791.614128
749.723289,1371,3793.44679
1915.50683,656,3794.391096
3672.771879,3104,3798.392353
1124.471556,769,3799.469467
1418.415712,2036,3802.473386
2105.889285,1829,3804.885537
2107.705614,1901,3807.419817
1987.972885,623,3808.316586
4038.111404,2707,3811.845363
1193.874115,784,3812.928906
2254.43108,1771,3815.267284
3976.411718,2563,3818.627035
1446.575887,1636,3820.803213
2391.110133,1813,3823.618681
1048.099907,1075,3825.089494
3388.744476,2801,3828.775408
6260.224314,4482,3834.465766
2567.478629,1620,3836.615391
4897.814598,2704,3840.14586
4431.182631,3316,3844.386562
330.128678,1213,3846.392784
1008.731983,1055,3847.818809
428.257067,1000,3849.179012
1797.958683,802,3850.310868
1041.838794,1529,3852.343175
7586.541111,7703,3862.007141
-161.676253,1608,3864.158203
3734.250769,2986,3868.395575
3297.267642,2855,3872.111749
2966.346924,2192,3874.991074
2683.433512,2283,3877.982748
768.927993,1331,3879.763061
2934.409025,1688,3881.97921
2448.325476,1616,3884.124414
1658.350819,2483,3887.34419
847.728154,1114,3889.20387
2146.785352,1491,3891.162446
2617.963891,1551,3893.231298
3241.001733,3027,3897.178762
3941.514609,1275,3898.914795
3759.546778,3148,3902.955077
2493.614463,1780,3905.306713
1967.68857,1572,3907.36796
1029.553328,1225,3909.022232
1134.963494,1014,3910.780189
1228.548677,1204,3912.401967
2648.101932,1317,3914.183953
1570.191382,622,3915.076164
3612.715115,1899,3917.559318
6459.422581,4972,3923.82143
623.915417,683,3924.777289
2313.913456,1738,3927.048429
1505.442855,618,3927.945629
2301.418918,1871,3930.422134
2853.515712,1708,3933.049513
1045.868494,1735,3935.355974
2921.587324,2164,3938.206718
3633.506785,1743,3940.512654
2437.821045,1606,3942.667762
1977.042462,618,3943.558691
3691.507194,2220,3946.485189
1101.123115,987,3947.836201
1565.391342,1056,3949.305115
2287.490596,2072,3952.004081
3432.26351,1995,3955.006507
3727.586764,1896,3957.497494
1337.799045,1234,3959.167179
1963.880121,1195,3960.760367
3820.607477,2729,3964.313749
1802.394393,1070,3965.763658
3347.558501,1310,3967.530829
3887.828458,3184,3971.630195
3155.550713,2851,3975.340158
4563.924491,3011,3979.58655
3515.992868,3040,3983.530145
7820.042472,6144,3991.243243
2287.770747,1259,3992.932666
2031.037321,2619,3996.358874
3559.926045,1822,3999.113893
1889.557103,1499,4001.105859
2240.655026,1551,4003.166851
4623.709462,3599,4007.794254
3914.624467,2491,4011.04488
2903.637358,1397,4012.913434
4802.389739,3750,4017.706185
1063.930605,669,4018.668957
3985.483942,2165,4021.884448
894.218795,1261,4023.574866
1971.449373,1472,4025.537605
5178.549224,4447,4031.178159
1611.464678,1261,4032.870139
885.823407,741,4033.893701
4005.44024,2298,4036.874843
1243.943623,1030,4038.28483
3127.150262,2073,4041.010607
3169.275247,1933,4043.92011
1389.737956,1438,4045.825603
2059.325824,1497,4047.806591
2723.086535,2687,4051.316981
3069.471904,1954,4053.89296
2100.014405,1502,4055.875438
4603.917327,3045,4059.770399
2589.862421,2361,4062.843932
492.290711,731,4064.30467
493.273646,687,4065.270366
4360.615194,2523,4068.533299
4414.549422,3518,4072.998727
2546.055504,1492,4074.9752
6375.024116,4974,4081.263662
8165.724936,7660,4091.136469
490.040407,663,4092.074805
3121.914987,2082,4094.796156
4805.391873,3639,4099.373027
6122.513839,4929,4105.539555
829.781938,1147,4107.430355
3498.357311,2307,4110.459161
2003.496888,1428,4112.353973
594.012967,760,4113.415888
1870.934386,1529,4115.438901
4596.589346,3579,4119.995296
2779.592011,1317,4121.751196
3554.506005,2210,4124.659905
13751.30984,10001,4137.369004
1688.951591,1154,4138.914382
3982.301911,2296,4141.906527
719.990178,1834,4144.30338
1413.186414,2863,4148.023155
2840.409403,1734,4150.639222
1081.597882,577,4151.473621
3651.317467,2734,4154.981337
3574.789084,1236,4156.656579
3665.441718,1281,4158.406298
14243.264963,10001,4171.253893
3947.723335,2827,4174.934857
7603.705173,4814,4181.056619
1969.333274,1418,4182.950603
977.06234,621,4183.835518
3130.442245,1988,4186.435079
7636.745462,5940,4194.303375
4284.149116,2271,4197.286119
3627.371987,2398,4200.413793
3239.801823,1842,4202.837248
4113.694207,2179,4206.0064
1277.18513,1260,4207.830009
991.652013,742,4208.8868
3376.103675,1384,4210.747845
2358.693133,1629,4212.895265
1675.261345,681,4214.221406
2829.551584,1397,4216.074984
2734.40716,1112,4217.607355
3103.356134,1904,4220.100557
2469.611504,1277,4221.812347
4160.796002,2466,4225.057425
760.403695,832,4226.215673
752.242886,942,4227.495616
1030.802681,993,4228.842039
2021.205921,949,4230.12194
3290.568681,2272,4233.106062
2836.406718,1735,4235.396651
2519.792002,1335,4237.538219
2025.7724,1275,4239.261213
3769.222332,1778,4241.604643
1961.261012,1290,4243.346061
3671.378365,1905,4245.858861
2148.8801,995,4247.209731
3383.468254,2519,4250.505373
1762.636746,960,4251.818062
3517.327959,1454,4253.789094
1572.572869,1072,4255.245923
2729.113536,1338,4257.032637
3786.958422,1826,4259.807945
2302.643464,1683,4262.070202
614.240807,787,4263.168872
1045.911456,874,4264.372676
2594.878967,1651,4266.591352
3780.467687,2678,4270.042744
1419.697068,729,4271.064648
2601.449306,1545,4273.136428
4509.811432,2450,4276.286104
2610.071004,1097,4277.767212
3331.937547,1228,4279.414678
625.493477,829,4280.917316
3116.310957,1864,4283.408589
3061.571459,1450,4285.304918
1795.784121,1773,4287.646383
4146.405475,1639,4289.816944
941.679543,901,4291.055901
4074.497372,2614,4294.455526
2919.720819,2097,4297.200716
5251.651985,4632,4303.390049
1934.162898,1038,4304.782599
2405.209188,2653,4308.260073
3052.074975,1215,4309.894585
3647.130214,1444,4311.809294
4123.31455,2699,4315.260567
465.823931,742,4316.28594
3197.17777,1859,4318.731059
10935.354713,6924,4327.718455
3566.234448,2719,4331.254478
4494.936141,1932,4333.785532
3537.85822,1907,4336.293772
3274.534326,2676,4339.757234
898.48462,981,4341.090513
3039.792018,1269,4342.813063
3503.524831,2199,4346.009463
3701.151016,2264,4348.95985
6483.544928,4519,4354.721607
4145.831337,2841,4358.363999
1502.383408,1178,4359.956747
2842.982963,1587,4362.056979
3089.644503,1674,4364.256076
1286.796024,1258,4365.931884
4295.831572,2064,4369.016055
2008.419792,2074,4371.712824
4732.21222,2658,4375.165616
2633.267716,1519,4377.176698
4985.713781,3362,4381.478451
7072.74582,5175,4388.030718
777.956267,650,4389.302055
3608.645828,2960,4393.1583
2495.951984,2305,4396.183966
2252.488445,1558,4398.248047
1478.478212,1097,4399.714804
2590.024396,2022,4402.367038
3411.071138,1694,4404.59976
3519.267766,2201,4407.498009
2245.836738,1142,4409.029173
4478.483369,2350,4412.435366
3523.59486,2233,4415.358229
6375.295685,4709,4421.372416
3558.55931,1319,4423.184364
1377.864334,955,4424.48854
2710.530377,1415,4426.395014
205.464094,678,4427.357593
3837.145178,2386,4430.49267
9687.989409,5264,4437.550494
1763.318769,1087,4439.034797
1987.896554,853,4440.235972
4348.000371,2149,4443.046535
672.407664,727,4444.063538
2524.10107,1392,4445.93932
4150.93042,3172,4450.018949
1814.26158,1799,4452.381214
3590.21361,1829,4455.142303
559.821892,812,4456.287224
2800.770265,1480,4458.28242
3774.73552,1802,4460.675158
2580.320277,2140,4463.54881
3594.250586,1793,4465.944476
2087.46522,962,4467.27418
3680.962459,2270,4470.244315
637.946618,812,4471.385775
2670.745194,1822,4473.793334
3386.556475,1562,4475.897669
1640.444365,779,4477.382926
2406.830205,1735,4479.677032
667.049993,665,4480.625
3336.77384,1623,4482.806128
4849.951195,3693,4487.556186
3635.697356,2020,4490.218085
2852.640084,2041,4492.909296
3213.012603,2329,4495.952571
1904.800313,1335,4497.743627
4042.562876,1646,4500.294207
1623.292321,1271,4502.026811
2656.827211,1999,4504.668329
14283.450563,7857,4514.517628
531.67437,875,4515.734956
4526.955415,2487,4518.983804
3636.147314,1284,4521.088088
2740.123595,1750,4523.412785
1834.418475,1143,4524.941637
3803.685166,2589,4528.314468
2580.02824,1974,4530.917111
3758.134558,2005,4533.548155
1398.216214,1577,4535.612973
2876.703674,1372,4537.481327
3854.469749,1689,4539.709177
13060.859904,6158,4547.81866
2331.055983,1546,4549.882915
4251.064332,2141,4552.711259
1858.032596,1219,4554.353789
3165.390958,1785,4556.709474
4141.998175,2351,4559.752394
4326.04971,2729,4563.297608
2782.63899,1357,4565.55141
2109.682525,1174,4567.141691
2933.244628,1333,4568.925791
4545.679678,2441,4572.10536
7616.42928,3623,4576.735713
10439.157032,5879,4584.172137
2075.148981,1372,4586.35775
6732.318955,3231,4590.491804
3562.996735,1641,4592.6752
3912.203723,2981,4596.555406
4580.642884,2389,4599.654596
4198.097948,3803,4604.560416
3270.304602,2916,4608.765531
4626.181698,2986,4612.59792
2757.53797,1443,4614.53319
7557.858402,3796,4619.402085
1846.141402,1299,4621.147851
4261.940789,2667,4624.629443
4207.843096,2070,4627.359648
2758.40958,2535,4631.007893
4078.656678,2424,4634.191677
4729.902411,1746,4636.529812
3436.51082,2092,4639.315912
5290.274346,2729,4642.867698
4695.935685,2630,4646.289206
5768.982035,3991,4651.777667
3606.513033,1302,4653.56767
6997.698292,4102,4658.758605
3685.584675,1703,4661.058082
5170.553326,2682,4664.531267
4513.993913,2945,4668.337142
3068.831421,2386,4671.462459
3354.042081,1787,4674.253094
4175.43381,2343,4677.322278
2867.321128,1706,4679.618786
3222.208762,1670,4681.865633
3967.402075,2737,4685.421619
4061.358523,2595,4688.829144
3614.379507,2725,4692.441789
6265.972589,3684,4697.517326
2708.38528,1460,4699.466718
2111.873336,1733,4701.760148
2432.72427,1321,4703.557189
3433.707526,1909,4706.070969
4082.036265,2959,4709.909714
5072.653878,3255,4714.08608
5328.594815,2940,4718.254623
1658.038413,1139,4719.799115
5983.881829,3061,4723.766911
3756.054091,2465,4727.009378
4222.276316,3219,4731.231512
3861.387986,1688,4733.505796
2706.545308,2183,4736.418529
982.302877,803,4737.558522
5277.597706,3111,4741.935383
3426.009104,2122,4744.739886
2341.22396,2118,4747.543989
2546.107153,1118,4749.069358
3086.579263,2066,4751.802441
3518.663218,1239,4753.472185
3300.547211,1821,4755.87432
2296.69204,1326,4757.642561
4891.808699,2945,4761.809209
9213.359442,5334,4768.553441
2685.427324,1382,4770.38865
3245.245002,1627,4772.606147
8048.826443,4222,4778.014887
2534.771473,1830,4780.417561
1872.211808,1830,4783.280378
579.169218,693,4784.246454
2499.669039,1568,4786.316221
7000.709895,3989,4791.408136
3780.572181,2585,4794.780625
3584.683715,2380,4797.897609
2309.827568,1591,4799.993132
4959.175357,2455,4803.196165
13162.753089,6627,4812.05985
751.600653,1479,4814.020848
3518.909132,1661,4816.210069
2433.532083,2050,4818.958335
4350.622108,2043,4821.628632
5919.419822,2566,4824.965664
6575.621586,3952,4830.389233
9081.32169,5360,4837.168065
3022.124628,1718,4839.473663
6482.700801,4374,4845.061272
8790.578831,4359,4850.972929
3301.054229,1966,4853.539265
561.070814,721,4854.568107
6291.320163,3982,4859.635701
3372.664664,2587,4862.991326
3387.94578,1490,4865.026436
7435.903865,5675,4872.550772
566.198125,921,4873.807057
3764.280452,2161,4876.64914
3856.450338,3543,4881.157395
6925.68693,4787,4887.225377
6126.532814,4410,4893.167326
7052.67042,3716,4897.908073
5401.603722,3528,4902.506454
3950.692146,2033,4905.171197
2214.199208,2024,4907.866117
3371.535963,2017,4910.51684
3175.13725,1855,4913.320107
5626.449741,3411,4917.626912
-72.398384,1025,4919.015548
4498.637947,2781,4922.59671
3263.21602,2449,4925.776123
3401.169032,2009,4928.397938
4043.229894,2065,4931.08358
3612.757892,3354,4935.755839
7155.931344,4272,4941.183536
8051.120167,5002,4947.524593
3909.874043,2979,4951.347521
1814.347949,1159,4952.903576
4239.009669,3377,4957.601284
2948.743044,1824,4960.011671
1783.306664,1486,4961.976577
6320.278424,4027,4967.086206
4258.638558,2010,4969.76395
3445.0592,1841,4972.211187
4427.570605,2718,4976.129074
4512.426556,2760,4979.732805
3767.828524,1225,4981.414925
2980.863637,1654,4983.631356
3841.670244,1360,4985.481774
4809.249321,2512,4988.737117
1378.539679,1133,4990.271199
2955.279637,1441,4992.22678
3581.397716,2734,4995.750621
3724.567605,3151,5000.213859
1783.571447,1301,5001.960864
4752.833287,3157,5006.042828
5135.183417,2974,5009.877202
7214.37065,2711,5013.39874
2819.626113,1607,5015.536219
4421.450083,3083,5019.886713
5598.224512,3732,5024.713644
9033.652954,6969,5033.507201
3166.930327,1924,5036.065318
4304.036465,1491,5038.0729
5406.246544,2770,5041.997606
3465.720015,2777,5045.638156
4288.207089,2183,5048.477112
14769.878902,10001,5060.941517
9335.878467,4963,5067.649078
4424.062933,3433,5072.102009
5312.900578,2981,5075.957346
2728.204536,1988,5078.563087
2676.488496,1488,5080.558231
3300.850586,2020,5083.216446
2114.501303,1121,5085.082897
2725.057568,1183,5086.683438
7825.216603,4430,5092.315425
11449.066141,6626,5100.645681
6900.606127,4357,5106.537136
5495.26443,3941,5111.623702
6517.586215,4709,5117.658692
5927.810538,3884,5122.63893
7956.005321,4004,5128.13353
9954.100378,9093,5139.463434
10420.116963,8151,5150.081733
8222.536813,4158,5155.386088
2568.891313,1498,5157.37133
6386.44919,5368,5164.137331
2675.829967,1649,5166.342728
9683.242539,6792,5175.230828
4086.668147,2813,5178.924576
2620.752026,1118,5180.447501
2913.875283,2240,5183.400669
6388.245478,4150,5188.648624
3798.350703,2026,5191.691106
9110.992724,5821,5199.042339
3811.093196,2110,5201.82609
4425.895276,2610,5205.228878
3566.256703,2613,5208.649574
4878.430549,2977,5212.858797
3734.969607,2350,5215.89195
8027.329779,4638,5221.784041
2846.608994,1325,5223.599464
2244.867512,1038,5225.012944
16479.206806,9292,5236.982948
3780.889988,2233,5239.931741
4006.477082,1678,5242.183387
4343.794707,2952,5246.004361
2888.541946,1450,5247.971535
6987.368181,4809,5254.105623
7169.995621,4857,5260.58604
4127.059442,1827,5263.004046
3905.11931,2439,5266.179945
6366.682676,3980,5271.215532
10194.041726,5694,5278.73683
6502.452447,3885,5283.69838
3466.195253,3810,5288.596123
3783.755266,1849,5291.000545
9289.678798,5829,5298.655668
3741.744584,2285,5301.644118
9771.403655,5760,5308.891329
3145.990437,1876,5311.371148
3513.899582,1329,5313.169159
4381.976975,1559,5315.259755
5371.731099,2550,5318.932665
6826.040508,3306,5323.180373
3090.14721,1525,5325.224612
8465.237523,6004,5332.792493
2080.581738,983,5334.145478
12730.831109,6639,5342.860845
3429.729325,2343,5345.939505
2405.472359,1535,5347.983783
2962.779571,1752,5350.351899
5492.600288,3778,5355.223259
3519.538971,2422,5358.430322
3329.582482,2183,5361.321795
8222.593415,5249,5368.327452
5306.331085,2989,5372.15409
7861.631492,5287,5378.826023
9423.999808,5314,5385.87576
6113.1759,3628,5390.563679
11269.910591,5805,5397.948767
3825.009819,2259,5400.953693
10531.944955,6910,5409.988771
7200.942015,4857,5416.182458
3835.06083,1652,5418.392351
6634.935888,3612,5423.014044
12295.563167,7448,5432.643368
11036.173935,6591,5440.888211
11013.827457,6097,5448.997713
13770.04274,10001,5461.469715
4270.10281,2045,5464.185198
5606.230469,4438,5470.202194
11778.857763,8428,5480.676891
17237.794461,10001,5493.455644
4580.506889,2557,5496.820605
9427.67103,5786,5504.072649
5230.077288,2896,5507.806744
8878.792959,3365,5512.484545
13817.83255,10001,5524.846104
11804.570966,7052,5534.044115
2828.071244,1319,5535.800305
5535.063527,2905,5539.547269
2352.146252,968,5540.873519
2994.356185,1923,5543.423799
4048.362184,1817,5545.819947
4892.652361,2905,5549.578673
5420.130705,4216,5555.246772
9374.010525,4497,5560.935292
6707.898682,3189,5565.042689
3287.87017,2563,5568.376142
14098.574583,7672,5578.27212
4157.978278,2352,5581.326483
12810.802364,7886,5591.155606
11286.138329,5848,5598.879826
9064.078202,5029,5605.22134
6679.281001,3438,5609.637715
3414.796503,1573,5611.764456
4905.606048,2020,5614.423353
4648.449967,2583,5618.132941
1824.339047,999,5619.494182
8304.152826,4327,5624.950368
3325.288897,1351,5626.767811
6140.83049,3897,5631.679021
3285.217019,1268,5633.392959
4819.39384,2562,5637.050245
2626.893362,1773,5639.41087
3646.293982,1713,5641.706634
6834.950885,4116,5646.964653
2800.732322,1747,5649.312575
9471.462307,8095,5659.762043
14271.883872,7144,5668.671763
6055.16258,3181,5672.759329
7912.620752,3774,5677.571008
5637.372666,3370,5682.278751
2411.257363,1585,5684.404177
2516.898485,2067,5687.154574
3542.727673,2221,5690.072934
7926.693613,4263,5695.533633
3321.936531,1907,5698.074098
5342.378684,2416,5701.589821
8929.734557,4251,5706.999515
12404.151803,7485,5716.336055
9913.069596,5570,5723.738584
9025.244211,4548,5729.576959
7387.437052,3865,5734.50976
4664.372388,3179,5738.624762
8517.249939,6648,5747.357338
2615.621408,1702,5749.636686
13729.085366,7825,5759.4364
5120.982103,3368,5763.768215
2638.875322,1526,5766.156293
6254.450138,2729,5769.715364
4004.40033,2837,5773.406004
5123.112162,3778,5778.274077
8802.677618,5013,5784.635199
5543.783224,3902,5789.980276
7355.389301,4455,5795.630845
3640.096839,1831,5798.058992
9322.170377,5615,5805.139186
5022.509804,2511,5808.889816
2035.400289,1449,5810.830795
5306.807908,2792,5814.467696
2662.605222,1895,5817.001623
2310.470734,1553,5819.097163
5937.274911,4549,5824.888175
4892.773186,3759,5830.056032
7135.522447,5232,5836.628727
6095.978098,3856,5841.569233
3097.899288,1372,5843.432966
3823.939579,1565,5845.521816
9681.943658,7119,5854.810094
3652.603555,2284,5857.832774
7064.062026,4401,5863.470428
8682.559282,5480,5870.46663
7002.960507,3336,5875.095587
5956.017314,5566,5882.159717
1479.21382,1145,5883.695629
3044.729096,2492,5886.958622
6104.818262,4163,5892.260857
2975.216357,1394,5894.493796
2872.225735,1717,5896.794012
3625.786937,1472,5898.792116
6155.547137,3193,5902.925053
2958.504862,1172,5904.537314
5517.615161,3618,5909.168007
5902.704598,4136,5914.484752
6164.974988,4015,5919.997187
2547.991135,2159,5922.862752
4275.643112,1960,5925.451552
5000.702431,1926,5927.993083
6700.731227,4822,5934.138309
5038.509163,2339,5937.578044
3585.870818,1626,5939.804461
8714.99952,5621,5946.8863
6206.806889,4088,5952.152753
4230.592749,2643,5955.548391
7463.342321,4224,5961.295377
6400.130421,4719,5967.283788
5177.250044,2783,5970.892431
3137.733022,2387,5974.034007
4335.377046,2843,5977.676366
3428.362365,2599,5981.406255
1964.035532,1562,5983.530906
2006.328392,1539,5985.616191
7084.43304,5016,5991.992168
3835.474156,1607,5994.186622
10309.872339,5639,6001.64624
3288.801574,1276,6003.372026
5202.683768,3493,6007.852888
2972.703631,1151,6009.431452
3343.336512,1232,6011.093515
6532.271137,4815,6017.222592
3037.662384,1185,6018.828417
3788.614794,1947,6021.359803
9198.380443,5017,6028.09944
5817.214929,4588,6033.934305
7185.338032,3919,6038.922642
16582.187448,9463,6051.005963
3736.197768,2443,6054.171747
6672.582313,3519,6058.645466
8967.037441,6647,6067.312964
3538.694668,1895,6069.827413
5917.542761,4015,6074.91494
3909.388559,2026,6077.558445
5257.78445,2108,6080.325537
1770.471824,950,6081.606534
3777.134685,2545,6084.875573
3830.035975,1725,6087.518785
5847.999835,3054,6091.446666
5347.445226,3431,6095.858988
3848.807036,2860,6099.569685
3319.675887,3553,6104.202918
4400.22386,2261,6107.151413
3166.419459,1538,6109.6026
4427.47467,2596,6112.978711
6618.582458,3819,6117.866718
6671.646628,4660,6123.742742
10437.206911,5230,6130.704674
3469.229566,2829,6134.417077
8468.009724,7435,6143.71164
6675.770652,3998,6148.747334
3224.337576,2466,6152.355227
6623.853137,4262,6157.74794
8790.399486,6812,6166.330602
9557.025432,6160,6174.413816
2284.564781,1517,6176.419783
4933.481703,3240,6180.554119
11195.587753,9592,6192.74994
2859.737882,1613,6194.922334
15157.721502,10001,6207.393444
4350.511039,2190,6210.262355
2381.881106,1667,6212.504934
2905.84757,1534,6214.936733
4701.659606,2991,6218.771225
4743.879098,3890,6223.695251
4029.047674,1879,6226.163754
2936.583822,1848,6228.585671
4180.745914,3288,6232.830271
11976.513175,9676,6245.30204
8143.661788,5228,6251.913463
2873.133642,1271,6253.646674
3479.230669,1614,6255.822668
4746.173784,2708,6259.670985
9427.843542,6049,6267.243614
4621.095142,3882,6272.198602
2941.60433,1027,6273.60643
2980.575694,1652,6275.84878
4101.230485,1826,6278.634777
11974.502745,8444,6289.22992
8381.826288,4813,6295.36361
3554.210494,2568,6299.136135
8743.607629,7332,6308.299952
4025.734452,2490,6311.565436
5252.967814,4818,6317.710802
8360.589618,5523,6325.126225
4019.262806,3426,6329.544656
2662.916466,1884,6332.068254
5159.119805,3026,6335.981243
6073.863591,3873,6340.949345
5785.458116,4830,6347.418108
2976.675031,1136,6349.006909
4650.980088,2602,6352.474735
6657.351168,4216,6357.954072
13099.275696,10001,6370.811512
1316.229978,1443,6372.708603
5093.490368,3418,6377.097142
11242.902282,8279,6387.872452
3847.320678,2572,6391.245375
8334.791041,5321,6397.965759
4179.290864,2829,6401.620475
1838.850755,1215,6403.246065
4079.709595,1591,6405.742883
8324.817499,5073,6412.167535
8973.134984,5654,6419.346049
1929.870925,793,6420.445388
8965.443271,5913,6428.258138
12408.011256,10001,6440.711459
9660.214548,5286,6447.371841
5044.115283,3439,6452.160347
12737.798461,7845,6461.987828
4626.983431,2506,6465.258771
7787.863137,5426,6472.49397
8485.002213,4157,6477.826651
11899.349096,8082,6487.942255
12490.582199,7468,6497.677783
1759.258943,1186,6499.267505
1997.111675,1207,6500.907476
3445.725176,2594,6504.325328
3873.548257,2007,6506.994496
6279.251483,3722,6512.157289
4447.763007,3630,6516.799164
7625.30306,5724,6524.00482
10182.162635,5980,6531.55098
3119.506129,1147,6533.448213
2640.759103,1604,6535.616952
13475.98992,8246,6545.98286
11520.371965,9903,6558.762199
3669.007185,1808,6561.159057
4232.721209,1962,6563.769341
7474.305491,5334,6570.528228
4479.096565,1834,6572.964292
6161.462778,4664,6579.223275
6302.254746,4630,6585.074561
6851.213446,4485,6590.72683
6066.023915,7579,6600.57419
4186.11474,2073,6603.307766
3352.099725,2500,6606.51708
7771.798737,5526,6613.40533
12284.684648,8566,6624.390342
2305.268978,876,6625.607411
3770.989879,1942,6628.155471
7398.937745,3643,6632.799006
