#{"t_start": 1699031841.2340739, "env_id": "modulatingEnv-v0"}
r,l,t
-902.670428,293,2.285558
-1537.124991,257,3.763616
-1299.231578,346,5.345193
-2240.382262,276,6.776495
-1560.545824,267,8.260004
-2926.763207,523,9.971088
-1816.396826,451,11.583823
-2955.707713,725,13.472824
-1197.707839,304,14.918186
-1439.41477,262,16.355461
-1329.608316,390,17.890556
-2315.103744,411,19.481411
-1419.786139,331,20.99571
-1391.256335,338,22.522162
-3210.406514,470,24.171196
-1795.55782,339,25.705856
-1758.188733,313,27.201447
-1577.666075,568,28.937497
-1499.401937,349,30.469442
-1453.45989,240,31.918704
-1701.864415,248,33.363945
-1986.821635,386,34.944813
-2329.993899,564,36.692324
-1257.947309,250,38.164519
-2588.43136,509,39.84849
-2408.287293,332,41.40939
-1211.568969,318,42.930798
-1761.652792,298,44.455983
-1114.771372,279,45.966737
-2250.062945,427,47.606434
-1221.639335,286,49.10056
-2038.760281,404,50.699039
-2433.223425,493,52.345417
-999.979307,378,53.929467
-1597.563036,286,55.424908
-2948.32031,412,56.986095
-1819.319867,288,58.47877
-1235.725545,255,59.963905
-2157.36969,345,61.526495
-2289.811654,444,63.140387
-2209.080515,427,64.76694
-2148.515031,384,66.351536
-1402.16606,284,67.831378
-1664.840123,335,69.373368
-1477.75994,318,71.295576
-1140.992454,329,72.847046
-3080.783498,829,74.795439
-1449.593027,244,76.274354
-1444.545032,301,77.790896
-985.957595,337,79.330305
-2562.624397,519,81.036888
-1296.959637,260,82.505264
-1757.72283,368,84.081139
-1538.577216,291,85.550947
-1039.233061,292,86.989499
-2127.370274,365,88.532354
-2379.657417,406,90.122439
-1686.563724,267,91.612933
-2046.791858,520,93.323773
-575.04634,548,95.026151
-1908.21528,395,96.623085
-1371.905404,233,98.082765
-1386.930069,374,99.613553
-2744.02356,448,101.276462
-1468.478159,255,102.729509
-2331.633586,335,104.288166
-1363.695723,274,105.774008
-2062.930366,336,107.317825
-2003.922694,291,108.830711
-2552.699086,359,110.409694
-1288.552192,248,111.884136
-1374.539349,364,113.463367
-1223.876731,264,114.954045
-2203.623364,493,116.650987
-1830.903733,264,118.126256
-3338.343193,517,119.825973
-3264.867975,698,121.688294
-1833.936031,443,123.322669
-3626.47954,970,125.407722
-2264.139537,505,127.079485
-3687.546621,786,129.007855
-3613.601678,784,130.948221
-3160.763281,613,132.733446
-2405.052249,378,134.714431
-1174.651346,411,136.331667
-2232.98243,549,138.049662
-1687.666317,471,139.702816
-1193.248156,266,141.139249
-2251.978734,393,142.69243
-1822.006934,330,144.166194
-1829.985686,295,145.620287
-1699.111664,284,147.092267
-2793.529571,584,148.814509
-1445.785175,332,150.360039
-1466.492529,331,151.901616
-2201.585108,397,153.496886
-2997.68645,697,155.363341
-1112.459028,265,156.850806
-1382.350822,240,158.322241
-1229.515281,273,159.759324
-1913.472021,365,161.290306
-1448.185762,392,162.869239
-1369.063334,284,164.376043
-1676.510086,398,165.962544
-1598.018248,248,167.44569
-3153.157986,478,169.123676
-1246.042728,414,170.723895
-2484.13855,448,172.366786
-1730.261986,353,173.91429
-1791.458035,354,175.465647
-1545.685447,258,176.887881
-2152.387825,691,178.720044
-2688.407986,491,180.3601
-3297.089247,947,182.406645
-1391.332178,250,183.866189
-994.03607,369,185.429518
-3037.363768,519,187.125273
-1349.289057,356,188.667964
-2187.530107,672,190.490673
-2665.936517,361,192.058691
-1360.224687,263,193.537389
-1427.637969,280,195.040481
-1359.836308,284,196.521067
-2087.671767,312,198.053113
-2101.810292,342,199.989736
-2990.301102,674,201.838058
-1384.001261,288,203.300519
-1902.739647,477,204.974514
-1923.432448,322,206.512885
-1783.875729,311,208.051266
-3173.891034,744,209.951646
-1642.099391,374,211.529534
-1594.720748,336,213.081998
-2813.829546,537,214.817549
-1975.503881,340,216.360144
-2248.717356,307,217.877064
-2127.882296,437,219.514174
-2059.868464,403,221.133802
-1612.164626,408,222.742643
-1961.477352,773,224.652319
-1392.437409,234,226.119406
-3725.430317,559,227.856676
-2759.861053,472,229.531726
-1651.54919,274,231.037209
-2264.925652,448,232.686383
-2283.113165,370,234.266437
-2489.299831,512,235.984729
-2805.874404,417,237.581223
-2270.501304,407,239.171659
-2732.355132,564,240.923358
-2657.281643,411,242.535219
-1878.301187,282,244.036766
-2193.063851,672,245.849078
-1472.01773,391,247.441055
-2274.427135,497,249.120247
-2728.685001,482,250.808454
-2294.875731,288,252.309351
-2604.574635,448,253.960458
-1710.430314,298,255.492905
-2440.609637,434,257.076674
-1557.002311,359,258.586895
-2295.745102,345,260.133366
-1683.185645,425,261.709856
-1758.198592,362,263.646909
-3351.729287,718,265.46983
-1343.759869,385,266.959754
-2011.28094,416,268.484853
-2062.46836,412,269.99974
-2474.152385,487,271.579139
-1945.067221,357,273.090088
-1789.44923,458,274.641702
-2558.853132,390,276.133298
-3232.25663,630,277.850415
-2413.43142,837,279.77282
-1013.412372,416,281.290873
-1431.695206,281,282.721122
-1860.555747,354,284.249074
-1901.101428,399,285.821765
-1510.093614,282,287.232192
-1820.64929,552,288.894398
-3025.885502,365,290.40532
-1860.068621,337,291.82018
-1603.850737,422,293.408645
-2444.777785,360,294.924414
-1119.254647,286,296.390652
-2247.493746,340,297.914929
-2363.584833,395,299.454423
-2161.279843,364,300.931656
-1567.300404,258,302.402967
-1769.092997,678,304.216578
-2674.960694,504,305.897328
-2795.840162,482,307.518244
-2280.796466,495,309.153066
-1983.295039,381,310.719255
-2241.195921,322,312.241109
-1698.276569,548,313.913222
-1576.218185,304,315.403468
-2523.856911,473,317.059482
-1501.151417,335,318.576256
-2006.363034,408,320.188319
-1797.604152,333,321.655683
-1908.444039,330,323.622721
-1430.618894,301,324.989522
-2205.836178,466,326.396719
-2299.251591,320,327.755077
-1857.244689,278,329.163278
-1503.942771,351,330.582471
-1783.9547,340,332.068435
-1292.114568,391,333.616472
-2684.26553,571,335.387684
-2883.178981,430,337.081098
-2299.818868,408,338.731509
-1420.949338,250,340.217983
-1960.787283,390,341.856885
-1356.768054,278,343.206856
-1465.494541,394,344.48055
-914.557825,318,345.974356
-1703.581337,375,347.493265
-1784.480229,353,349.038138
-1447.930205,773,350.787752
-3826.756545,585,352.325319
-2150.22284,574,353.856552
-1119.181251,291,355.236796
-1605.087055,510,356.982527
-1476.855574,306,358.529674
-2015.650978,368,360.147445
-1856.58011,381,361.673875
-3396.875847,805,363.631739
-2059.386313,461,365.187493
-1991.688712,577,366.953966
-1857.343857,353,368.554091
-2577.43669,514,370.055712
-2096.353933,336,371.459442
-2729.169127,571,373.157142
-2450.969545,1006,375.157451
-1312.250267,271,376.488423
-2579.631242,444,377.954337
-1844.971019,392,379.462463
-1552.977109,225,380.919271
-2432.505647,477,382.948019
-1275.978569,382,384.519254
-1918.59657,380,385.951286
-2706.66138,381,387.38743
-2911.054686,444,389.010037
-2487.29653,643,390.869805
-1133.167798,426,392.383132
-1864.766265,558,394.034921
-2797.015791,778,395.738971
-1822.072485,362,397.326819
-2121.786678,349,398.674135
-2218.865165,668,400.485423
-1730.651776,309,401.955152
-2850.069291,776,403.890387
-2264.625677,644,405.747342
-3324.608993,581,407.516685
-1883.338504,379,409.106632
-1197.07893,281,410.556768
-2197.149868,447,411.991432
-3350.513572,621,413.685358
-1286.249598,310,415.063319
-2619.515785,797,417.040578
-1988.669459,356,418.607266
-3361.957567,705,420.564331
-1787.144633,456,422.28576
-1806.569928,680,424.14094
-2070.326808,450,425.554314
-1691.103449,406,427.124728
-1458.454398,346,428.710288
-3172.76715,582,430.486068
-1749.06419,381,432.102849
-2002.267181,636,433.947444
-3913.812398,1147,436.534083
-1328.560693,516,438.205783
-3662.968658,794,440.197116
-2273.248652,536,441.987107
-1575.337212,398,443.659671
-3076.182922,562,445.436806
-1386.994423,413,447.088875
-1106.175842,288,448.564112
-3447.91469,990,450.714274
-2393.758557,708,452.558867
-1561.232277,277,454.0908
-2306.286725,655,455.913659
-1382.724273,335,457.469421
-1551.587241,259,458.930617
-2869.889301,503,460.623595
-1514.46539,567,462.380759
-902.375654,323,463.946702
-1731.756248,358,465.530058
-1790.250719,357,467.147433
-2062.56178,359,468.773538
-1729.291668,607,470.636932
-3252.165238,778,472.638718
-1954.513933,315,474.060277
-1600.879247,330,475.422307
-1508.680545,339,476.979799
-3299.996227,751,478.840214
-1810.207167,357,480.36804
-1802.040322,363,481.953892
-3039.379855,582,483.771415
-2809.025879,756,485.723248
-1874.299362,423,487.368659
-966.23362,303,488.843291
-1323.993718,262,490.340643
-2181.372736,662,492.174376
-2840.046874,534,494.253181
-3632.504241,918,496.306254
-2751.772341,553,498.040774
-1599.598733,317,499.597662
-3524.625998,999,501.596117
-1807.577568,602,503.436466
-1249.234875,551,505.20487
-2039.075445,335,506.803545
-2616.9959,575,508.624592
-2065.439045,456,510.298889
-2811.737687,509,512.027868
-2202.255251,428,513.672695
-1635.641496,431,515.332385
-2229.412995,422,517.01265
-1509.848062,234,518.491759
-706.789481,262,519.97328
-1562.862482,308,521.553029
-2040.625371,352,523.157499
-1113.065742,304,524.726818
-1017.087146,508,526.452163
-2177.828896,550,528.15534
-2231.079046,390,529.757689
-2093.102314,432,531.35714
-2178.465783,387,532.958715
-2466.805567,671,534.756986
-3263.776699,793,536.514163
-2514.546156,484,538.202159
-1601.222309,266,539.745919
-3043.987556,580,541.439978
-1125.095357,414,543.02665
-2238.199259,386,544.642397
-1190.79672,287,546.182042
-2593.083843,412,547.849096
-1012.785853,346,549.424393
-2016.970702,407,550.738898
-2173.378999,406,552.746829
-2513.084787,490,554.46304
-2497.415569,519,556.234918
-2044.688523,299,557.827141
-1556.026724,394,559.446548
-1711.45178,566,561.275874
-1869.40395,374,562.820024
-2525.220754,715,564.79011
-3014.184916,757,566.721687
-2081.369587,481,568.431967
-1413.373252,311,569.888187
-1510.808659,316,571.42001
-1698.730447,336,572.995919
-1606.543481,449,574.667183
-1272.042592,285,576.234992
-1680.549474,461,577.926697
-2528.744012,521,579.713747
-2565.082178,660,581.606691
-1342.900097,570,583.406901
-2856.888481,524,585.13092
-2130.93329,412,586.773228
-1651.441996,341,588.369507
-3554.742419,1446,590.992717
-1330.429283,240,592.460629
-2159.740118,590,594.229193
-1747.425794,343,595.597573
-2567.324971,499,597.272884
-2430.21026,527,599.022824
-1801.954329,362,600.43122
-1023.647804,436,602.072299
-1095.439277,337,603.675745
-1113.256839,349,605.26288
-1448.807451,403,606.922042
-1269.373394,319,608.502262
-2390.445749,416,610.57263
-1987.6715,504,612.279386
-3489.52563,647,614.15598
-914.621129,406,615.736049
-1845.256307,388,617.284778
-861.823044,320,618.785058
-1376.523353,296,620.223601
-2593.829195,540,622.033016
-1299.761649,331,623.582143
-2293.975852,812,625.55791
-2026.687695,484,627.165101
-2198.313399,732,628.891705
-1663.342403,498,630.481422
-2897.255727,937,632.358237
-1999.833698,319,633.952432
-2916.649387,457,635.638043
-2070.352624,561,637.352074
-2901.644839,455,639.005259
-1901.31566,1128,641.303715
-3210.346461,720,643.223881
-2498.96912,365,644.823496
-3498.384098,812,646.771711
-2031.474525,368,648.341684
-2105.838238,631,650.176127
-677.135005,361,651.704435
-3815.75616,771,653.658757
-2735.113367,405,655.350429
-3461.056284,1175,657.751903
-3333.442946,588,659.62151
-2413.189669,454,661.742741
-2267.595255,537,663.457499
-2489.815146,596,665.258955
-2783.206764,585,667.040392
-2533.245535,508,668.781377
-2714.298151,612,670.46962
-2324.622615,529,672.207758
-1105.09358,456,673.902527
-1761.451584,490,675.49352
-2182.809912,401,677.134158
-2829.473826,709,678.832654
-1150.777773,319,680.353663
-2029.582133,365,681.95414
-1068.039521,312,683.308511
-1479.28144,417,684.787795
-1824.020201,604,686.629233
-1887.036116,539,688.296023
-1311.615697,427,689.802077
-1538.472541,437,691.51267
-1269.254819,345,693.096528
-2060.780126,445,694.7752
-1428.332378,348,696.282598
-1476.72197,605,698.069328
-2270.29506,1260,700.499084
-2166.461104,546,702.259355
-1718.346207,440,703.946817
-992.603909,678,705.785274
-3565.0261,550,707.480405
-1685.596107,370,709.089311
-1783.239036,441,710.691845
-884.755411,419,712.334771
-1084.057865,344,713.920606
-1916.980477,379,715.525041
-1778.169984,443,717.630598
-1163.493954,299,719.056583
-1204.338323,378,720.602319
-1647.201012,397,722.201812
-2247.378602,434,723.599395
-1916.759032,454,725.230742
-806.414252,551,727.032433
-2522.540806,451,728.69718
-1720.142354,428,730.315979
-2202.907866,514,732.023207
-2651.926779,1448,734.567819
-1786.876621,375,736.102436
-2022.695646,331,737.534365
-1704.795126,433,739.05104
-1448.309107,447,740.608291
-1321.795422,509,742.325988
-2100.709238,459,744.043592
-2608.979234,1109,746.284378
-1946.035919,374,747.720929
-2476.220173,422,749.37316
-1597.910611,292,750.891735
-1252.307706,346,752.405824
-2888.3539,961,754.529638
-998.192317,634,756.364556
-996.827061,519,758.158175
-655.418817,447,759.829399
-2071.62326,570,761.625358
-2560.154559,428,763.295992
-3058.774842,625,765.123422
-1662.703335,471,766.773667
-2532.599561,521,768.349185
-3267.195935,966,770.725175
-3190.955294,530,772.473869
-1527.743299,310,774.005998
-1842.631473,355,775.659908
-1535.321654,610,777.441682
-1781.526222,362,779.048651
-1737.463327,315,780.600113
-1049.034679,547,782.383091
-2500.330856,705,784.339897
-2553.489599,664,785.97389
-2345.394089,470,787.548111
-2183.756937,377,789.06884
-932.157258,941,791.069438
-1696.805883,356,792.670888
-1357.018652,1082,794.901948
-2242.662089,746,796.672948
-1818.964586,516,798.30069
-1515.529197,310,799.818909
-808.481636,424,801.360313
-1368.786869,402,803.03059
-2779.534605,630,804.841544
-1359.380622,313,806.393248
-1263.754226,429,808.062962
-1765.958988,406,809.707719
-2150.107379,473,811.35093
-1111.928772,349,812.802881
-1925.968152,396,814.390591
-2244.800037,300,815.912836
-2378.299943,533,817.677326
-2222.60253,1202,819.97189
-1311.138225,430,821.57701
-1587.741365,342,822.996327
-2824.859161,491,825.110543
-1250.566476,421,826.673488
-560.780141,544,828.397329
-2394.632554,519,830.100563
-2626.144506,682,831.874746
-1478.284026,398,833.358391
-2503.040634,549,834.950722
-1600.419947,426,836.503663
-1786.440232,739,838.350097
-1489.051001,352,839.933761
-3031.797345,532,841.673137
-1615.446725,362,843.276447
-1858.270096,393,844.780437
-1170.267766,638,846.463083
-1895.808338,322,847.933257
-3377.928574,745,849.827289
-2280.732433,454,851.467993
-1333.610333,348,853.0317
-169.483085,669,854.868854
-1899.219945,573,856.62048
-1716.749544,310,857.887292
-2051.621499,599,859.688224
-1601.732782,657,861.534177
-1939.709961,519,863.246774
-1182.736275,503,865.008502
-1666.982179,553,866.775458
-1632.963071,436,868.407995
-1816.976763,470,870.140721
-2358.24028,542,871.841617
-1211.224642,377,873.391799
-2431.370946,509,875.008843
-3134.606291,640,876.842493
-2332.845605,816,879.173263
-3140.497961,498,880.717505
-1176.538397,703,882.592654
-1749.392388,711,884.373417
-1970.419184,364,885.717477
-1661.71309,733,887.487182
-1432.434916,470,888.973025
-1496.589737,319,890.426868
-3556.330458,891,892.124016
-3597.88025,1624,894.916705
-1219.144587,677,896.694861
-719.666338,653,898.379621
-2494.488949,535,900.135486
-1521.080386,371,901.619855
-960.351151,505,903.222163
-2115.758011,584,904.939846
-2005.582353,549,906.722399
-1588.367934,302,908.251956
-1667.744595,374,909.83776
-2790.988434,533,911.465408
-1684.039796,422,913.083477
-1853.954001,634,914.887568
-1158.914148,606,916.634338
-1861.660859,446,918.222412
-277.136901,507,919.822793
-1847.100967,719,921.65384
-2035.871439,691,923.539056
-2031.289927,591,925.707275
-1284.407279,660,927.552903
-1268.726317,334,929.085744
-1046.903746,394,930.719782
-1513.757806,246,932.161365
-3279.322089,1191,934.43619
-2188.879771,467,936.125478
-2458.617421,399,937.798068
-2306.2734,975,939.880133
-1980.528482,583,941.54822
-1872.32914,409,943.175939
-2785.640763,549,944.977168
-1993.281474,382,946.416467
-1507.936326,801,948.247343
-2199.747892,466,949.916658
-1861.51936,404,951.444183
-1818.650851,475,953.154067
-285.979631,604,954.917891
-2845.848223,522,956.489843
-2814.729291,613,958.23629
-2873.970218,597,960.043047
-797.764681,1347,962.319396
-1390.834003,297,963.627161
-1621.185327,401,965.123764
-1589.084355,577,966.87034
-1484.39806,651,968.718633
-1723.40256,409,970.291305
-1442.704926,364,971.909462
-1537.609167,351,973.389628
-1350.107689,550,975.173264
-1518.018107,434,977.240187
-1316.074697,1269,979.549878
-2037.951556,591,981.30383
-842.20293,398,982.767318
-2385.864169,500,984.32736
-1371.86785,412,986.00597
-1506.785221,426,987.649005
-1257.731384,303,989.166102
-2451.391333,659,991.097404
-990.337139,1710,993.926283
-3045.384773,577,995.740124
-3320.375127,944,997.805238
-1761.515355,373,999.146685
-2843.551453,707,1000.957018
-1252.543318,353,1002.366731
-2766.841259,505,1004.014737
-1173.612116,337,1005.54994
-2325.890753,691,1007.348286
-2116.511457,676,1009.169023
-2128.463312,552,1010.749005
-2806.521063,540,1012.404416
-3172.215613,1164,1014.732355
-2908.552181,758,1016.585896
-1434.21202,278,1018.120834
-2908.700022,509,1019.598029
-1846.410153,566,1021.380933
-109.97484,455,1023.437437
-1267.508377,333,1025.001107
-2600.114876,850,1026.989388
-1640.811012,626,1028.73507
-1383.138772,274,1030.201083
-757.084108,356,1031.691824
-1875.087282,396,1033.301408
-1680.096091,779,1035.283495
-667.257184,354,1036.703208
-2418.511944,885,1038.700694
-1343.987984,578,1040.419909
-1772.603689,345,1041.963379
-3093.501584,794,1043.766175
-1685.674321,318,1045.240081
-846.469462,1226,1047.567811
-1409.734298,405,1049.188689
-1317.744401,370,1050.769239
-2083.112092,508,1052.348267
-1630.579217,306,1053.848644
-1773.663402,754,1055.809505
-2826.561068,733,1057.557565
-665.555413,620,1059.309705
-1912.097579,373,1060.881644
-1646.218262,651,1062.547441
-1475.247223,352,1064.159118
-1266.537459,511,1065.868388
-1062.246173,367,1067.24315
-3195.349102,628,1069.008836
-1462.625916,345,1070.591338
-1605.072471,1075,1072.735644
-1320.19503,369,1074.784153
-716.164046,604,1076.502658
-957.736656,341,1078.011359
-1484.237527,837,1080.037251
-1819.093508,588,1081.74169
-1892.361586,493,1083.464524
-1903.663183,779,1085.392929
-844.608132,393,1087.015992
-1130.497495,571,1088.750018
-1993.058375,959,1090.806911
-1248.390674,466,1092.385797
-1345.557364,526,1093.971913
-1961.91557,549,1095.713952
-170.857604,514,1097.492728
-1426.110424,464,1099.118875
-3026.685291,828,1101.072694
-1828.745104,587,1102.801006
-1655.005793,468,1104.506042
-640.581274,602,1106.325398
-1480.926158,497,1108.002994
-848.371096,453,1109.670017
-917.966463,733,1111.580496
-1504.765818,337,1113.178657
-958.91392,371,1114.853421
-1620.186754,483,1116.556646
-3480.043942,1206,1118.938838
-1963.916519,1729,1122.087816
-1211.034604,376,1123.591753
-1169.276765,561,1125.135887
-695.383575,579,1126.897129
-1573.254896,731,1128.818621
-3083.814478,898,1130.842807
-1177.037069,446,1132.486293
-1053.928318,302,1133.926152
-1757.999805,566,1135.431501
-1216.235,401,1136.809043
-1728.948136,517,1138.552903
-2451.023806,1187,1140.900148
-1696.558285,307,1142.393003
-1319.292459,312,1143.975217
-1928.994954,423,1145.520815
-3490.373101,930,1147.433774
-1365.270987,643,1149.246134
-1633.719852,756,1151.087595
-618.448215,299,1152.520358
-667.323165,461,1154.230646
-1762.435301,751,1156.140455
-2843.161788,679,1157.866398
-2163.701037,493,1159.374574
-2527.852144,489,1160.939167
-3185.345697,900,1162.900508
-1836.651425,422,1164.447317
-686.811446,676,1166.242059
-91.391181,758,1168.058487
-2064.960964,614,1170.274073
272.962797,966,1172.367634
-2467.209946,1082,1174.465688
-2247.381163,1306,1176.929856
-1619.740598,485,1178.679741
-2568.929716,649,1180.520602
-1638.094138,557,1182.231482
-2444.84884,694,1184.016982
1062.63047,1267,1186.379676
-665.320331,677,1188.122157
-3467.264727,1233,1190.385807
-1902.849218,400,1191.902219
-2142.900912,426,1193.423266
-393.875812,775,1195.342747
-772.808193,287,1196.825212
-2018.548631,539,1198.565664
-3000.425377,851,1200.598492
-1873.563279,501,1202.321198
-934.461132,774,1204.282874
-2755.250704,1165,1206.621446
-2562.166433,651,1208.438343
-2213.129137,683,1210.277324
-2453.046692,460,1212.509178
-1081.860236,549,1214.189413
-2248.164059,809,1216.09785
-1989.277205,841,1217.967976
-996.191411,683,1219.869864
-2131.090533,585,1221.682548
2777.897971,1427,1224.086376
-1986.860045,458,1225.780597
-750.517127,512,1227.503723
-2642.523045,447,1229.179869
-2539.846457,753,1231.019122
-3190.807468,1322,1233.441341
-2232.571323,651,1235.223584
61.886437,541,1237.003119
-435.712176,818,1238.824039
-3380.180501,1274,1241.240295
-2836.244546,2783,1244.985466
-2331.045165,629,1246.814233
-961.633491,449,1248.31651
-1079.394103,463,1249.798758
-1105.607375,414,1251.68794
-3724.7293,1976,1254.587051
-2848.192494,1019,1256.833989
-1657.417548,302,1258.282298
-2472.976996,627,1260.023044
-2499.283692,1187,1262.280253
-1807.220532,685,1264.141595
-2092.058727,639,1265.966814
-2927.860797,670,1267.823261
-3059.138135,612,1269.563578
-2903.526066,899,1271.662999
-2044.847791,652,1273.468858
-145.164244,398,1275.015429
921.528005,1484,1277.58434
-1983.569007,414,1279.117275
-2140.438728,675,1280.968363
-2474.166527,739,1282.810899
-2921.926901,1686,1285.57426
-2756.224948,1116,1287.859892
-157.352498,443,1289.932235
-1323.049689,306,1291.424898
-2099.704279,853,1293.403559
-1976.17351,475,1295.096505
-974.460502,529,1296.843496
-1363.806917,721,1298.590874
-593.333645,795,1300.572031
-774.335208,697,1302.472578
-1399.032182,335,1303.956521
-2570.356701,678,1305.849272
-2883.826444,915,1307.916843
-267.482708,422,1309.566513
-1317.610854,287,1311.071683
-2692.132839,672,1312.933121
-1627.002768,1466,1315.48926
-1631.189203,616,1317.338277
165.872888,1642,1320.077409
-1701.89673,728,1322.021214
-3210.582759,914,1323.884813
-1321.182521,469,1325.396418
-2002.702022,776,1327.297332
705.333033,976,1329.256758
-1237.359512,379,1330.748461
-160.867317,564,1332.874103
-1181.437593,580,1334.599658
-3157.079706,577,1336.427792
-1713.158811,764,1338.302324
-1569.848081,1192,1340.552977
-2536.822946,768,1342.44
-1769.975514,686,1344.157206
-851.636357,314,1345.588427
-1234.023526,820,1347.574876
-1694.674862,385,1348.980258
-1791.589093,351,1350.520686
-2212.876665,1127,1352.719324
-3030.685005,660,1354.536077
-797.616022,794,1356.475851
-2298.013235,855,1358.454028
-2351.88139,553,1360.193074
-3250.038673,1053,1362.384767
-2701.495077,698,1364.190943
-2063.212733,668,1366.036475
-741.894098,1121,1368.209177
-3508.360654,1465,1370.682021
-904.263346,343,1372.270554
-2591.604058,675,1374.491069
-624.719582,1865,1377.317393
-1074.268194,3355,1381.383127
-1183.467654,715,1383.292775
-1054.727519,366,1384.871651
602.501764,1438,1387.343475
-2458.881825,740,1389.177753
-3812.185255,2313,1392.385177
-1624.094603,527,1394.041115
5094.353484,2833,1397.632586
-1729.985733,364,1399.139204
-3470.974297,2039,1402.452964
-830.067397,1053,1404.563555
-1044.876287,2774,1408.124954
-2763.80789,1607,1410.690983
-1245.645379,849,1412.704273
-3117.996975,948,1414.725016
-3720.878012,4958,1420.05079
-1884.75959,612,1421.810948
-2894.282553,684,1423.635133
-366.263833,411,1425.243382
-1487.170428,617,1427.02291
-2732.013936,547,1428.780738
-955.33654,412,1430.39841
-2670.499318,700,1432.627436
-1223.15772,805,1434.533942
-2694.623931,685,1436.383877
-2440.091567,662,1438.233081
-1156.69019,1714,1440.945749
-1874.948064,1337,1443.366457
-2335.795774,3404,1447.41604
34.508694,1131,1449.592851
-2145.540349,936,1451.584747
54.212616,1953,1454.429945
-1589.626178,567,1456.163464
-1161.147657,1491,1458.614152
-879.235725,1830,1461.775073
-1201.793645,663,1463.643954
-603.751165,393,1465.240088
-2238.827478,465,1466.929463
-270.260106,483,1468.613462
12144.253941,4705,1474.071995
-1010.544992,378,1475.634724
-2350.807425,884,1477.537138
-1812.885758,1557,1480.084106
4094.386197,3016,1483.851563
-1128.767057,1789,1486.588125
-1139.602851,524,1488.298295
-2981.572912,1014,1490.254323
-2430.090459,1054,1492.763553
-3389.209537,890,1494.757774
-1140.735444,596,1496.434085
-2082.577139,749,1498.341285
-1418.906443,592,1500.047497
-425.949687,1369,1502.43507
-2667.38257,1487,1504.953235
-1194.734637,1153,1507.202442
-1825.970017,762,1509.04684
1888.460915,2397,1512.351737
-1089.014038,396,1513.92345
-1503.605764,362,1515.454183
-1906.684815,443,1517.135159
-1572.83272,1591,1519.688069
-2633.280532,860,1521.714388
-935.135818,592,1523.49876
-3082.029807,899,1525.250387
-1289.310791,1917,1528.634162
-2170.522647,1487,1531.159715
-1058.491901,977,1533.275053
-3483.46777,3155,1537.050707
-3828.818746,883,1539.088333
-2746.493007,1768,1541.771348
690.647761,1729,1544.558263
-3152.960656,1907,1547.363967
-3155.451807,1733,1550.160106
-254.759133,5001,1556.230998
-1983.914358,801,1558.219523
-3801.617988,3112,1562.359371
-1454.34468,373,1563.974276
-784.819145,1359,1566.419034
-111.170479,467,1568.094597
-1531.909066,2547,1571.466826
-765.987845,420,1573.140549
-2301.785138,749,1574.837708
1056.601376,4194,1580.028071
-156.10264,4664,1585.352952
-1707.368189,634,1587.181048
618.18515,2094,1590.292822
-2152.027189,708,1592.166795
471.527304,1654,1594.954509
3637.036694,4737,1600.303144
16.877177,819,1602.707076
-2964.682801,724,1604.559606
3685.758772,5001,1610.285838
14540.242145,5001,1616.03107
-1690.359865,1158,1618.359628
2234.903395,3450,1622.682363
-1244.645819,428,1624.322743
10265.940947,5001,1630.508197
-1199.769815,1266,1632.943291
11056.204026,5001,1638.389466
10867.04129,5001,1644.104648
8717.60161,5001,1650.203392
15871.998728,5001,1655.816559
13967.933078,5001,1661.636823
-1767.599571,956,1663.815533
-1947.557162,721,1665.775192
-1403.894926,415,1667.633049
21269.511088,5001,1673.172984
19874.846943,5001,1678.848862
17182.95178,5001,1684.46874
16485.756146,5001,1690.554673
-1447.150789,580,1692.324013
14778.867514,5001,1697.893457
21108.179552,5001,1703.651239
15269.175928,4791,1709.609862
19291.822581,5001,1715.297219
20307.074597,5001,1720.967909
21127.672901,5001,1727.222246
20305.740064,5001,1732.934008
19857.539025,5001,1738.705861
17582.985987,5001,1744.700344
23442.423093,5001,1750.47276
22994.996154,5001,1756.109651
20898.054274,5001,1761.848874
19553.017931,5001,1768.05047
23078.44806,4860,1773.633564
21790.264171,5001,1779.277665
19723.9675,5001,1785.388861
22942.2365,4796,1790.966346
21468.191351,5001,1796.644427
22005.487713,5001,1802.788079
-228.580295,440,1804.352812
-1052.486972,670,1806.224636
22619.057635,4771,1811.681644
22893.150638,4921,1817.367255
22936.008291,4727,1822.735964
21159.561141,5001,1829.021344
22856.0825,4827,1834.615778
23125.679479,4907,1840.155536
22806.124081,4729,1846.025599
22794.18131,4499,1851.17527
22848.245364,4911,1856.615709
23041.529067,4823,1862.719914
22946.608651,4518,1868.040232
23206.37405,4477,1873.365278
23317.87098,4224,1878.473469
23068.986676,4303,1883.983999
22994.379932,4167,1888.974999
23160.021407,4472,1894.2006
23070.127376,4472,1899.460067
23343.133224,4342,1905.038419
23127.491113,4201,1909.994584
23124.767116,4617,1915.40298
22806.181485,4359,1920.501659
23238.133299,4387,1926.00857
23156.543976,4723,1931.344293
23179.295459,4459,1936.411339
23266.787725,4463,1942.027861
23220.345071,4270,1947.042317
23287.552954,4340,1952.088752
23012.248771,4164,1957.056433
23339.930902,4331,1962.381152
23262.998386,4383,1967.594796
23410.813362,4010,1972.505315
23339.125804,4435,1977.707252
23360.27924,4087,1983.059242
23070.026245,4518,1988.260726
23397.335658,4103,1992.971802
23512.533975,4134,1997.903477
23183.078481,4286,2003.325453
23181.620982,4097,2008.175272
23411.398622,4042,2013.10176
23133.380023,4214,2018.15192
23290.156361,4058,2023.415417
23474.033313,4303,2028.587696
23598.582296,4054,2033.266242
23256.282921,4347,2038.39795
23691.026339,3988,2043.604348
23420.823788,4242,2048.690735
23404.896381,4299,2053.731961
23512.011663,4184,2058.742941
23546.543397,4237,2064.002466
23514.154876,4020,2068.88964
23603.364778,3986,2073.731044
23698.114942,4157,2078.744265
23322.6273,4204,2084.145368
23703.866445,4173,2089.149763
23481.740079,4176,2094.053219
23478.020121,4107,2099.352304
23369.110265,4108,2104.387419
23853.4045,4093,2109.376287
23564.246806,3719,2113.961007
23770.722331,3919,2118.566288
23533.418639,3902,2123.488054
23810.398626,3903,2128.189705
23757.500213,3631,2132.538215
23673.060979,3831,2137.16018
23507.684576,3896,2142.222944
23701.569039,3919,2146.730686
23570.505337,3930,2151.416031
23665.493654,3984,2156.118694
23451.458541,4119,2161.299022
23507.665485,4060,2166.14232
23789.945568,3618,2170.519465
23712.383855,3928,2175.293987
23774.030295,3636,2180.100716
23704.987014,3752,2184.633853
23578.234976,3831,2189.256425
23822.592812,3743,2193.758684
23764.481047,3804,2198.34549
23788.21656,3674,2203.325613
23547.926429,3920,2208.006322
23643.312522,3937,2212.626672
23498.130832,3862,2217.251595
23578.560968,3569,2222.033905
23676.860181,3778,2226.884128
23700.196708,3739,2231.347566
23868.964076,3831,2235.767395
23924.2291,3833,2240.767753
23753.71163,3555,2245.088874
24008.345322,3527,2249.540326
23743.924069,3448,2253.745668
23830.629609,3515,2258.165034
23619.772352,3573,2263.071725
23936.287554,3470,2267.328212
23767.190341,3382,2271.432715
23973.716034,3673,2276.040608
23099.962146,3512,2280.442435
23844.036917,3515,2285.201286
23614.176905,3652,2289.723986
23894.922709,3524,2294.067043
23752.172076,3329,2298.265642
23576.409204,3636,2303.26047
23554.25419,3653,2307.905875
23890.353953,3605,2312.368104
23722.493873,3499,2316.741605
23802.263685,3675,2321.21976
23714.267622,3490,2326.005103
23836.671189,3420,2330.236748
23521.575613,3715,2334.7476
23052.834005,3671,2339.209247
23823.286783,3479,2343.97076
23857.967912,3446,2348.204101
23478.07393,3848,2352.919796
23901.724424,3259,2356.947684
23723.714144,3335,2361.104939
23775.42365,3644,2365.96173
23901.944746,3642,2370.352701
23621.214208,3581,2374.732755
23858.013594,3483,2378.999287
23740.187064,3449,2383.436334
23528.041352,3095,2387.864601
23757.888112,3620,2392.326036
23805.447513,3419,2396.606204
23766.621328,3195,2400.736851
23742.098868,3282,2404.849126
23722.813421,3509,2409.699297
23660.609676,3457,2414.043158
23598.802983,3661,2418.508695
23831.702796,3323,2422.672691
23731.120553,3245,2427.251499
23919.705488,3184,2431.334362
23856.154937,3402,2435.47873
23668.087898,3264,2439.48169
23690.598135,3398,2443.722056
23865.942339,3352,2448.3711
23708.905018,3420,2452.777845
23799.225819,3485,2457.297899
23878.031316,3372,2461.159479
23772.126668,3298,2465.104729
24080.515739,3339,2469.658685
23726.721195,3314,2473.722013
23314.404755,4409,2479.011603
24015.041183,3311,2483.124081
23724.769293,3425,2487.52493
23876.693595,3431,2492.205659
23856.990342,3153,2496.146163
24076.062026,3318,2500.273755
23999.367637,3285,2504.415303
23851.827526,3430,2508.718813
23945.279579,3565,2513.510972
23753.478971,3236,2517.483253
23896.804317,3299,2521.710968
23840.238817,3381,2525.85117
23725.608075,3181,2529.923518
24105.04827,3224,2534.318322
23897.723195,3151,2538.349151
23742.936318,2891,2542.194835
23857.967638,3156,2546.171623
24112.050985,3247,2550.23279
23934.311666,2910,2554.490267
23740.275444,2919,2558.278324
23990.166432,3222,2562.306514
23637.861984,3053,2566.361302
23838.882832,3388,2570.638018
24196.933846,3134,2575.05012
24032.417272,3225,2579.198849
24041.489837,3200,2583.373683
23995.213456,3158,2587.399475
23969.703778,3200,2591.375597
24009.510757,3031,2595.613338
23951.929574,3122,2599.559792
23958.541959,3166,2603.531752
23375.183636,3477,2607.665332
23987.615114,2961,2611.378612
23804.650841,3117,2615.827994
23820.979504,3162,2619.801989
23949.476115,3008,2623.53983
23986.26105,3098,2627.53911
23994.059002,3028,2631.423356
23978.860667,3081,2635.337657
23382.039095,3146,2639.678195
23995.589931,2921,2643.475549
23796.025817,3251,2647.617414
23901.539756,3014,2651.578461
24163.007673,2810,2655.303202
23939.917302,2976,2659.583337
23964.747315,3048,2663.529641
23736.059331,3126,2667.51105
24208.377021,3019,2671.393686
24047.907673,2948,2675.242595
23987.896335,3113,2679.250674
23942.638147,2956,2683.557763
23866.20476,3097,2687.555684
23895.162884,3048,2691.471432
23804.573326,2992,2695.33942
24082.476519,2946,2699.155295
24037.715207,2787,2703.253054
23755.19503,2837,2707.052171
23785.105856,2994,2710.926251
23862.542706,2970,2714.767432
24029.216761,2773,2718.481653
24007.256636,3010,2722.30596
23802.917438,3047,2726.544341
24098.027722,2904,2730.35039
23919.574992,2901,2734.250791
23841.817133,3073,2738.016577
24226.495761,2891,2741.878524
23690.67385,3074,2746.148401
24022.468229,2964,2750.076742
24222.114804,2896,2753.957713
23905.180213,2833,2757.634731
24048.425856,2746,2761.128971
24144.441204,2888,2764.826341
23871.792534,2977,2769.011253
24169.405504,2889,2772.742716
23980.492364,3086,2776.678598
24047.636312,2959,2780.553516
23953.615412,2890,2784.334952
24015.112018,2968,2788.695378
23941.732558,3084,2792.559697
24234.871443,2814,2796.301632
24126.074852,2838,2800.135131
24125.326868,2883,2804.070056
24183.596451,2926,2807.869496
24100.406989,2896,2811.911599
24072.526042,2754,2815.479226
24044.069983,3021,2819.382675
24014.667531,3140,2823.394267
24108.844587,2892,2827.162008
23870.431284,3058,2831.085517
24190.561254,2720,2835.153861
24124.27473,3087,2839.12707
23996.870342,3054,2843.073244
24028.826519,2895,2846.9229
24095.275236,2843,2850.649282
24258.892909,2867,2854.84087
24090.274054,2895,2858.635087
24037.474119,2852,2862.400904
24025.027499,2910,2866.218462
24134.149379,2882,2869.986337
23895.151573,2895,2873.740416
24060.086075,3093,2878.070445
23996.106934,2978,2881.964789
24107.944226,2798,2885.649889
24080.98515,2999,2889.526099
23945.472759,3042,2893.410351
23871.279415,2877,2897.610808
23610.93778,3279,2901.666324
23865.864172,2932,2905.410297
24084.376455,3011,2909.339294
24206.61673,2900,2913.214991
24037.565303,3107,2917.107744
24103.473267,2927,2921.309819
23951.925593,2932,2925.120783
24077.23301,2827,2928.617896
23986.537358,2897,2932.268834
23957.506885,2750,2935.868689
24065.092114,2765,2939.507309
24254.348863,2855,2943.753446
23997.542102,2930,2947.608184
24288.539533,2868,2951.438456
24177.755182,2951,2955.223613
24249.784105,2752,2958.860258
24171.84125,2853,2963.069679
24056.354985,2902,2966.885986
24244.233527,2688,2970.65597
24183.331581,2818,2974.450044
24028.266562,2914,2978.335478
24233.008443,2841,2982.15936
24203.382188,2929,2986.420896
24165.096367,2787,2990.186671
24262.459956,2846,2993.98178
24196.679145,2868,2997.785904
24134.473832,2926,3001.625562
24085.244279,2932,3005.44143
24234.403868,2798,3009.620069
24113.665293,2815,3013.44072
23975.341495,3074,3017.397801
23943.383042,3009,3021.302906
24086.804679,3001,3025.148996
24008.766578,3137,3029.545157
23997.246795,2842,3033.325278
23897.275182,3069,3037.328537
24112.26676,2763,3040.920941
23958.059202,2981,3044.805927
24198.817211,2773,3048.525315
24185.969301,2692,3052.558499
24193.013065,2851,3056.308043
24236.764599,2821,3060.041653
24235.172026,2842,3063.80143
24153.003449,3013,3067.639318
23996.69949,3051,3071.569203
23950.830949,2937,3075.821944
24037.906967,2895,3079.625084
24247.153566,2778,3083.312555
23968.773819,2796,3087.015153
23986.411525,2938,3090.835587
23880.885966,3009,3095.160421
23953.246736,2972,3098.844816
24131.032488,2838,3102.516963
24083.134724,2975,3106.391047
24057.570162,2839,3110.179341
24091.748267,3046,3114.088585
23998.31994,2905,3118.342391
24142.771949,2851,3122.173801
24151.641538,2868,3125.935285
24220.576874,2796,3129.602378
23709.617645,2931,3133.426757
24072.063428,2954,3137.735917
24048.383907,2964,3141.544369
24037.937018,3038,3145.517842
24153.796673,2819,3149.086566
24143.137336,2888,3152.75649
23779.099368,3170,3156.779591
23892.1628,3145,3161.11888
24061.565866,2850,3164.892445
23944.976692,2994,3168.799377
23786.306826,3050,3172.693582
23896.074121,3020,3176.520417
24039.20645,2876,3180.778126
24023.328162,2886,3184.538935
23964.719368,3038,3188.466993
23918.031789,3103,3192.41179
24095.346242,2992,3196.161645
24005.838316,2920,3200.007607
23914.85794,3010,3204.333898
24200.090744,3020,3208.208725
24010.499232,2947,3211.995542
24148.54256,2891,3215.84495
24097.740495,2965,3219.879316
23272.583608,3656,3224.787203
23985.197652,2986,3228.683702
24026.101801,3000,3232.635736
23874.961959,3070,3236.611817
24134.086734,2952,3240.45152
23994.101271,3070,3244.491918
24014.958798,2853,3248.658473
24023.862781,3151,3252.618106
23732.330637,3239,3256.794214
24023.810149,2996,3260.645324
24065.348969,3143,3264.708721
23961.826729,3025,3269.057919
23961.647984,3157,3273.116907
23998.797287,3150,3277.105819
23971.862005,2967,3281.004739
23857.519748,2883,3284.80881
24024.193165,2990,3289.075095
23956.318555,3060,3292.988358
23999.189018,2999,3296.912854
23989.364882,2907,3300.795896
23798.269545,3072,3304.768361
23964.256509,3136,3308.810629
24038.297757,2992,3313.095337
23890.43777,3182,3317.004231
23958.111845,3172,3321.085495
23921.523449,2890,3324.850467
24130.381511,2962,3328.761951
24001.920822,2857,3332.978337
23879.54977,2968,3336.744051
23928.101891,3109,3340.780428
23709.590412,3199,3344.857706
23841.405319,3129,3348.784563
23680.991205,3350,3353.428511
23700.105547,3249,3357.606747
23988.919835,3020,3361.44376
24005.475493,2882,3365.225616
23794.640911,3136,3369.204443
23871.75616,3049,3373.16607
23535.035521,3092,3377.521082
23746.391968,3176,3381.539079
23925.235222,3045,3385.44966
23730.22726,3118,3389.291084
24001.191814,3087,3393.161905
24005.549588,3039,3397.291477
23801.973517,3245,3401.269672
23774.410987,3265,3405.318151
23462.593365,3318,3409.25518
24051.157271,2826,3412.969316
23961.820021,2988,3417.217632
23796.50025,3193,3421.120672
23762.056232,3126,3425.07794
23374.929545,3639,3429.244493
23970.212449,3014,3432.994972
24023.038836,2827,3436.545583
24020.369268,3069,3440.816584
24093.487025,3072,3444.767654
23944.003455,3187,3448.851597
24038.257689,3110,3452.841618
23845.112022,3184,3456.912627
23999.57967,3022,3461.283876
23988.026575,2921,3465.158568
23956.20824,2989,3469.021263
24020.06062,3079,3472.985227
23804.538868,3148,3476.975492
24092.362849,2927,3481.329607
24023.350313,3084,3485.31151
24087.754987,2885,3488.969569
24101.097663,2905,3492.775293
23781.903321,3208,3496.818947
23926.411355,3089,3500.804053
24032.257421,2992,3505.118549
24108.888722,2863,3508.854614
23867.1173,3057,3512.702242
24035.910231,2939,3516.492967
24048.247079,3014,3520.234751
23868.97707,3080,3524.408277
23693.188133,3300,3528.517612
23740.764619,3259,3532.667199
23750.646252,3032,3536.602303
23836.821379,3097,3540.637228
23722.874369,3266,3545.250597
23924.560736,3097,3549.142331
2251.920952,898,3551.160516
23855.220593,3033,3555.052926
24076.906672,2849,3558.852173
23848.398931,3166,3562.827706
23914.260543,2987,3567.234334
24120.415426,2882,3570.772388
23898.536644,3008,3574.693276
23974.396787,2958,3578.60746
23773.947562,3134,3582.565905
2598.253852,908,3584.652073
24154.47425,2873,3588.539126
23993.852794,2947,3592.62484
23889.499871,3147,3596.6563
24134.541816,2911,3600.441555
23909.583255,2962,3604.352277
23944.866558,3097,3608.022292
24182.817197,2713,3612.046146
23720.230946,3192,3616.14204
23720.833349,3306,3620.388414
23818.155703,3067,3624.337955
23966.765665,3057,3628.327205
23950.736457,3092,3632.606847
24155.891512,2787,3636.367386
23834.598205,3002,3640.30162
24235.129766,2807,3643.988499
23816.610181,3247,3648.073221
23898.162727,3138,3652.096087
24042.123793,2905,3656.33974
23817.216687,2954,3660.179373
23954.474136,2980,3663.919874
23682.147209,3322,3667.945274
23784.745641,3097,3671.923144
24156.795546,2998,3676.154548
24101.958764,2833,3679.713666
23862.07287,3163,3683.677322
23943.461824,3018,3687.432827
23854.32995,2957,3691.325141
24019.939258,3067,3695.345244
23849.868972,3248,3699.907077
23975.486924,2995,3703.843428
23985.114123,3019,3707.721597
24025.191433,2987,3711.645345
24021.939209,3023,3715.601421
23890.608512,3124,3720.018789
24042.380548,2984,3723.886796
24172.759907,2867,3727.634512
24050.86153,3013,3731.526315
24114.802889,2788,3735.13696
24119.63855,2834,3738.967948
23938.093746,2951,3743.130084
23800.726381,3041,3746.952769
23826.727417,3058,3750.871641
23938.689029,2945,3754.720262
23709.779211,3047,3758.650315
24037.184803,2920,3763.105404
24023.095602,3005,3767.025509
23933.71615,3006,3770.874333
23871.504098,3049,3774.826792
24173.108975,2831,3778.512099
24202.000968,2992,3782.140195
24091.358897,2896,3786.450953
24197.665411,2936,3790.371385
24074.360385,2918,3794.200145
24078.615755,2955,3798.089757
24101.110613,2964,3802.040877
23858.002969,3111,3806.467173
23895.806526,3003,3810.53493
23971.391951,3071,3814.52961
24061.40427,3059,3818.482831
24106.894988,3030,3822.482546
23881.288464,2909,3826.392029
23878.641267,3108,3830.795776
23742.50703,3099,3834.826128
23799.819985,3194,3838.903608
23901.208667,3108,3842.888348
23868.946014,3061,3846.760811
23748.382254,3176,3851.308059
23810.458375,3275,3855.309618
23647.50483,3455,3859.549531
24150.936765,3013,3863.489306
23867.226837,3061,3867.539144
23772.272493,3223,3871.967583
23935.351621,3156,3875.980426
23829.805629,3202,3880.134253
24170.756773,2790,3883.817495
23866.403715,3249,3888.001258
23896.347116,3111,3892.395699
23903.9884,3004,3896.336284
23549.33847,3329,3900.399325
23528.478959,3141,3904.434499
23800.426772,3237,3908.488494
24079.696143,3022,3912.90765
23846.6294,3162,3916.984311
23930.941837,2902,3920.72611
24109.486586,2953,3924.473921
24105.505618,2871,3928.152149
24140.93315,2897,3931.828601
23873.018758,3103,3936.059019
24074.150067,3005,3939.800844
23818.188538,3302,3943.787787
24041.167039,2884,3947.680416
24017.45767,3085,3951.52735
24046.858584,2907,3955.807994
23824.680105,3026,3959.716737
23915.880998,2982,3963.496389
23915.608053,3241,3967.471505
24273.857637,2820,3971.311426
23802.606644,3174,3975.295751
24104.833291,2879,3979.407654
23963.422359,2843,3983.188625
23971.330159,3043,3987.18968
23909.106448,3134,3991.237212
24106.778384,2874,3994.91395
23823.308805,2984,3999.209305
23842.119438,3135,4003.252629
24148.462855,2712,4006.834889
24197.122353,2901,4010.680548
24169.370352,2830,4014.091646
24136.710741,2914,4017.724039
24068.518131,2896,4021.962704
23922.200228,3112,4025.947279
24041.49042,2854,4029.635843
23641.088026,3463,4033.972537
23852.361719,3268,4038.174566
24115.850542,3025,4042.207361
24311.005968,2702,4045.867902
24083.514289,2933,4049.587891
24101.450215,2917,4053.270964
23750.615101,3197,4057.296474
24022.538708,2987,4061.068017
24019.946653,2895,4065.302063
23712.198686,3187,4069.316273
24228.767894,2906,4073.190882
24162.321862,2956,4077.010598
23993.5119,3121,4080.932983
23677.596582,3321,4085.588495
24082.662685,3019,4089.575938
24081.749849,3121,4093.571392
23672.662123,3226,4097.693319
23582.780914,3217,4101.545165
23937.870312,3027,4105.71041
24211.769203,3009,4109.623874
23680.636958,3303,4113.64481
23739.908401,2994,4117.551066
23724.22733,3318,4121.743649
24129.635856,3017,4126.10186
23573.279662,3292,4130.321691
23794.907823,2880,4134.272897
24095.388231,2764,4137.987896
23544.987855,3373,4142.260286
23835.406379,3217,4146.382842
23370.689734,3626,4151.226988
23765.83667,3211,4155.316125
23717.534303,3162,4159.3573
24164.269831,2879,4163.020229
23731.711219,3165,4167.159225
23674.526665,3194,4171.685046
23889.009781,3040,4175.717106
24053.894756,2925,4179.217304
24301.825358,2791,4182.790992
23317.335369,3660,4187.200834
23898.892067,3092,4191.666083
23473.61554,3255,4195.812256
24041.292354,2874,4199.720371
23916.69137,2920,4203.505374
23514.713615,3384,4207.770536
23710.576148,3268,4212.312436
24127.436569,2891,4216.092216
23635.759894,3177,4220.194998
24116.921865,2936,4224.038846
24139.606541,3061,4227.896454
23913.035188,2987,4231.886896
24088.674824,3063,4236.326428
24039.880142,3097,4240.428321
23905.982359,3175,4244.384464
23988.315444,2795,4248.110306
23942.405974,3217,4252.222862
24204.055037,2935,4256.286475
23851.468644,3159,4260.19713
23869.786201,3140,4264.099852
24005.262479,2952,4267.884192
24046.241087,3155,4271.785127
23546.602373,3554,4276.540979
23880.043028,2905,4280.101389
24181.297735,2809,4283.870534
23897.921171,2924,4287.512516
23904.678466,3044,4291.283138
24219.677895,2855,4294.956401
23843.538741,3300,4299.389992
24204.095843,2837,4303.004726
23756.659573,3165,4306.84484
24203.570342,2735,4310.34672
24073.33727,2812,4313.926971
24030.929256,2980,4318.060164
24221.447649,2907,4321.72007
24182.381986,2817,4325.189098
23874.457849,2925,4328.819318
24029.810561,2753,4332.310388
24201.381556,3179,4336.17715
23992.259443,3028,4340.287694
24060.092731,3039,4344.012028
24122.745974,2912,4347.867246
23991.077411,3105,4351.659214
23893.515085,3129,4355.624519
24182.371815,2853,4359.68645
24124.166752,2997,4363.61622
23937.046961,3090,4367.47057
23746.356469,3456,4371.852541
23971.391897,3001,4375.821583
23973.665898,3141,4379.885786
23944.418468,3063,4384.21268
23980.10749,3104,4388.071973
24117.772645,2950,4391.997616
24145.643553,3012,4395.979383
24126.373359,3143,4400.118665
24031.583967,3095,4404.66401
24223.437642,2903,4408.552398
24002.213635,3129,4412.642418
24134.423599,2953,4416.578056
24117.460944,2814,4420.405178
24065.971103,2870,4424.223173
24299.878237,2786,4428.388272
23955.424599,2972,4432.30858
24014.388066,3091,4436.329234
24029.511325,2891,4440.25806
24078.758187,2938,4444.024618
24317.486758,2843,4448.059677
24265.144201,2766,4451.812228
24164.185581,3137,4455.760273
24158.506182,2717,4459.35644
24234.555534,2903,4463.27973
24066.736787,3001,4467.164596
24185.433406,2903,4471.454067
24180.491578,2943,4475.354531
24142.27377,2892,4479.273755
24277.449262,3060,4483.252419
24077.381342,2897,4487.276786
24239.786841,2726,4490.935241
24177.155262,2693,4494.954149
24116.618459,2683,4498.624253
24214.16835,2645,4502.258455
24204.48062,2802,4505.989417
24135.048362,2845,4509.807197
24278.318107,2736,4513.827371
24241.564623,2934,4517.737392
24125.686536,2794,4521.459821
24176.686351,2825,4525.229069
24194.393799,2728,4528.930612
24172.261343,2782,4532.69435
24298.477964,2819,4536.88964
24261.226684,2776,4540.697225
23998.152043,2900,4544.489462
23884.938771,2748,4548.180189
24319.162833,2682,4551.830001
24090.383784,2832,4555.609043
24219.997116,2806,4559.913732
24249.021993,2712,4563.506138
24277.516641,2590,4567.07681
24150.939195,2698,4570.714953
24014.658078,2917,4574.514776
24178.920522,2818,4578.19617
24013.503629,2743,4582.309729
24036.777293,2694,4585.944654
24240.241498,2801,4589.639273
24212.977863,2824,4593.472547
24216.133081,2756,4597.15225
24001.116008,2789,4600.905229
24317.860907,2659,4604.947448
24114.097816,2694,4608.452971
23958.061886,2794,4612.062462
23933.508827,2750,4615.735248
24350.837676,2799,4619.308152
23607.240303,3002,4623.013834
23705.943532,2826,4627.151853
24329.413818,2620,4630.637552
24350.163742,2578,4634.219323
24328.306505,2715,4637.794427
24191.740462,2834,4641.612949
24231.840088,2667,4645.179598
24089.136675,2886,4649.35776
24262.391315,2794,4653.172933
24394.595673,2759,4656.939094
24195.705181,2773,4660.7178
24006.203443,2669,4664.348368
24311.340572,2884,4668.122889
24132.842541,2789,4672.257012
24084.491484,2832,4676.006703
24242.103659,2615,4679.671969
24078.463849,2691,4683.198455
24197.196933,2670,4686.903926
24351.597017,2764,4690.492527
24238.216381,2622,4694.541764
24172.591125,2760,4698.119934
24154.950686,2636,4701.720384
24034.545685,2738,4705.361423
24387.844391,2730,4709.090989
24312.619477,2600,4712.536291
24361.537548,2740,4716.643913
24140.112521,2568,4720.219685
24225.692344,2785,4723.901085
24142.893132,2758,4727.564584
24151.771042,2730,4731.260993
24371.063142,3019,4735.247982
24138.965161,2660,4739.315627
24287.585856,2644,4742.696924
24350.20903,2631,4746.316422
24120.403998,2746,4749.994835
24292.442452,2612,4753.487704
24170.446826,2609,4757.08515
24230.292554,2681,4761.238266
24066.435196,2608,4764.87316
24372.256437,2557,4768.459217
24305.68665,2623,4771.910391
24448.222323,2691,4775.556091
24104.738702,2723,4779.275284
24248.547691,2708,4783.391045
24314.370023,2607,4786.803891
24341.649805,2696,4790.430884
24324.723457,2611,4793.921695
24264.206663,2643,4797.57978
24370.673242,2722,4801.326345
24363.478528,2548,4805.2523
24132.725119,2687,4808.911944
24307.108028,2547,4812.327269
24352.214388,2732,4815.908696
24260.310682,2663,4819.580449
24210.821974,2595,4823.142139
23912.254027,2675,4826.71557
24222.761556,2629,4830.727856
24250.206281,2709,4834.339673
24016.521827,2638,4837.856423
24360.185114,2609,4841.402801
24223.376125,2593,4844.923821
24251.103159,2572,4848.304617
24226.194697,2564,4852.142034
24287.42148,2606,4855.693809
24244.685578,2670,4859.36034
23992.193511,2890,4863.145423
24278.25692,2728,4866.672376
24373.617243,2551,4870.212731
24232.498268,2528,4874.153641
24316.01682,2649,4877.799229
24335.861601,2619,4881.469712
24362.867572,2492,4884.905821
24084.601127,3030,4888.809249
24294.371309,2564,4892.385054
24293.364826,2619,4896.324075
24187.767015,2576,4899.854243
24209.594603,2667,4903.546866
24249.487777,2582,4907.129141
24216.433069,2739,4910.831645
24357.742807,2648,4914.398893
24286.628364,2674,4918.508989
24259.891549,2725,4922.261001
24409.841072,2464,4925.731226
24269.265758,2618,4929.31367
24117.108926,2546,4932.877817
24271.918133,2845,4936.730396
24105.251663,2594,4940.337384
24165.538158,2868,4944.621401
24295.25387,2565,4948.191781
24326.645528,2569,4951.731762
15933.780368,1878,4954.656395
24231.773555,2661,4958.279188
24318.528849,2491,4961.77856
24151.788645,2494,4965.697447
24244.951346,2649,4969.308858
24126.429952,2701,4972.847647
24293.109128,2550,4976.270074
24271.76122,2621,4979.851887
24234.028971,2539,4983.332066
24426.057653,2533,4986.865318
24210.540238,2747,4991.075261
24352.295709,2618,4994.622394
24116.937518,2678,4998.292473
24412.024352,2494,5001.753436
24177.724022,2683,5005.403427
24188.971697,2561,5008.950723
24188.711181,2601,5012.913944
24384.227378,2517,5016.443623
24332.848626,2539,5019.839194
24302.245856,2596,5023.362421
24237.567882,2522,5026.873488
24359.520528,2497,5030.182327
24380.610122,2684,5034.068503
24224.786805,2444,5037.511559
24381.696023,2592,5041.176583
24311.410646,2687,5044.799033
24105.96361,2574,5048.370195
24346.197665,2749,5052.094636
24387.334261,2509,5055.808484
24427.455395,2602,5059.253003
24317.755937,2654,5062.878986
24385.52915,2543,5066.486345
24167.588358,2527,5069.933237
24313.414493,2870,5073.613202
24179.834616,2852,5077.412584
24211.98848,2553,5081.357174
24298.467418,2455,5084.765147
24198.753623,2673,5088.276433
24306.000417,2607,5091.825903
24403.746834,2537,5095.245733
24368.906834,2583,5098.79753
24274.958179,2792,5103.022432
24361.897083,2613,5106.757601
24395.066194,2492,5110.287697
24243.504783,2749,5113.973453
24050.83848,2567,5117.510123
24307.270294,2527,5120.937476
24380.014074,2484,5124.874749
24159.345556,2665,5128.525007
24319.701228,2644,5132.160107
24411.591114,2691,5135.830705
24302.761745,2573,5139.385338
24119.012755,2615,5142.952176
24346.666649,2587,5146.506548
24296.799938,2731,5150.565521
24294.772841,2531,5154.04483
24132.604155,2755,5157.749982
24343.520727,2576,5161.306978
24270.875898,2689,5164.929089
24308.144664,2544,5168.502037
24383.591527,2652,5172.640995
24077.373116,2566,5176.054539
24404.072085,2592,5179.565216
24202.114336,2632,5182.894619
24368.278418,2618,5186.478811
24334.819535,2538,5190.087745
24119.195322,2631,5194.182683
24270.281382,2575,5197.653524
24110.909252,2491,5201.012645
21695.575878,2334,5204.297966
24078.111403,2499,5207.749074
24377.272504,2524,5211.289762
24239.302043,2393,5214.688094
24230.982768,2585,5218.609204
24417.85126,2577,5222.182938
24292.379576,2386,5225.559775
24297.967772,2522,5229.041699
24269.805298,2458,5232.43845
24133.128971,2426,5235.819734
24245.059925,2476,5239.582539
24147.248767,2736,5243.226343
24331.814839,2507,5246.789702
24334.995898,2592,5250.264459
24360.450213,2545,5253.760823
24262.804069,2466,5257.244402
24353.04274,2476,5260.605501
24262.369193,2594,5264.582689
24339.771311,2548,5268.136662
24317.263659,2543,5271.577155
24142.653788,2490,5274.794338
24085.298432,2482,5278.202605
24354.740799,2632,5281.742671
24323.919781,2518,5285.649645
24052.816413,2534,5289.006918
24214.407776,2534,5292.54164
24357.91445,2614,5296.114183
24223.896482,2580,5299.592115
24278.408908,2542,5303.13628
23993.793244,2496,5307.026947
23932.271768,2582,5310.635998
24219.080262,2362,5314.032856
24377.789014,2460,5317.581332
24229.687261,2587,5321.23723
24356.405441,2533,5324.816991
24388.055307,2517,5328.304319
24074.624345,2537,5332.327262
24274.994022,2499,5335.899919
24275.54236,2587,5339.392431
24359.627595,2421,5342.79659
24167.923016,2470,5346.220797
24345.715145,2407,5349.630408
24314.799428,2544,5353.066438
24329.468813,2406,5356.755212
24150.613257,2495,5360.261251
24271.685912,2558,5363.71067
24368.787643,2640,5367.135857
24325.742496,2522,5370.538485
24174.095141,2556,5373.76406
24299.694465,2501,5377.642744
24333.774349,2566,5381.077931
24390.525869,2499,5384.47722
24251.895404,2548,5387.958202
24279.22341,2560,5391.42187
24260.213249,2467,5394.889168
24210.100641,2602,5398.459484
24291.378759,2502,5402.320388
24258.072686,2485,5405.763844
24424.501176,2485,5409.207135
24196.088964,2448,5412.675066
24400.481261,2641,5416.267547
24151.565447,2789,5420.040753
24407.217607,2509,5424.004644
24426.705377,2466,5427.444143
24305.814604,2535,5430.979694
24178.519982,2997,5434.879076
24368.219904,2528,5438.398081
24347.048069,2538,5441.917204
24374.260011,2597,5445.92655
24282.411683,2439,5449.326102
24388.227246,2571,5452.807074
24364.204843,2478,5456.271245
24374.736395,2558,5459.74652
24355.514122,2537,5463.260601
24391.845682,2623,5466.728135
24417.780083,2554,5470.69214
24145.169315,2593,5474.266417
24195.556819,2735,5477.891332
24370.309531,2557,5481.437702
24257.455096,2671,5485.016335
24420.668785,2619,5488.562746
24301.345392,2496,5492.497474
24370.821513,2523,5495.957526
24400.338932,2580,5499.521154
24386.971774,2570,5503.080993
24434.505725,2648,5506.659449
24279.546584,2530,5510.107911
24174.311721,2656,5513.97051
24242.813429,2883,5517.719874
24314.313987,2405,5521.14141
24377.535178,2602,5524.689978
24365.317699,2630,5528.420556
24319.277406,2490,5531.890574
24240.656514,2541,5535.365804
24400.291238,2575,5539.314992
23940.012549,2568,5542.857935
24338.768005,2442,5546.380228
24334.496333,2594,5550.130193
24405.868735,2516,5553.732148
24396.126388,2520,5557.05799
24350.398479,2450,5560.876912
24381.282864,2494,5564.309442
24449.625387,2412,5567.796736
24474.993322,2383,5571.214045
24390.839713,2575,5574.872407
24272.169948,2450,5578.380296
24250.552101,2505,5581.805608
24363.462293,2580,5585.843626
24222.38995,2543,5589.323912
24377.7171,2548,5592.82275
24227.702909,2525,5596.024006
24373.156175,2553,5599.465409
24418.446492,2396,5603.038758
24376.39957,2544,5606.850083
24216.803216,2555,5610.287353
24418.48199,2478,5613.691874
24376.043724,2415,5616.971597
24381.579562,2575,5620.542512
24370.654156,2462,5623.962737
24407.353867,2498,5627.450263
24399.971633,2452,5631.240266
24422.249351,2459,5634.633678
4456.404868,800,5636.576833
24416.144442,2468,5640.039175
24283.740017,2634,5643.619664
24392.928498,2439,5647.1828
24342.882137,2485,5650.742593
24428.111384,2488,5654.648115
24419.717242,2604,5658.255905
24247.691313,2472,5661.574373
24449.454912,2449,5665.00898
24446.022354,2520,5668.480203
24313.031269,2430,5671.965961
24430.825702,2487,5675.379698
24372.423928,2358,5679.055266
24315.376663,2512,5682.517292
24413.026317,2540,5685.937917
24395.678493,2508,5689.490043
24407.272696,2544,5693.005791
24363.724353,2488,5696.449667
24259.64751,2456,5700.343927
24411.561385,2493,5703.804068
24436.402427,2412,5707.234215
24359.412814,2319,5710.566437
24413.465339,2383,5713.931453
24283.593608,2370,5717.290806
24441.400723,2493,5720.707417
24297.607235,2634,5724.570505
24333.600881,2485,5728.02922
24239.463012,2545,5731.508529
24400.899418,2341,5734.874289
24429.915799,2466,5738.315228
24269.236098,2615,5741.929089
15574.673726,1734,5744.773261
24236.003873,2541,5748.843688
24446.17189,2516,5752.350151
24403.722222,2559,5755.850775
24350.632281,2480,5759.345639
24435.184141,2334,5762.699954
24397.054867,2444,5766.124663
24332.920883,2570,5770.12263
24401.971984,2568,5773.546081
24403.048403,2627,5777.161948
24362.114803,2445,5780.690922
24272.247136,2560,5784.322135
24370.649011,2522,5787.855988
24455.62756,2480,5791.227044
24413.537222,2566,5795.15303
24421.362475,2504,5798.582067
24383.417391,2684,5802.167288
24446.53103,2464,5805.574427
24293.500058,2569,5809.066436
-373.377459,772,5810.782727
24469.389186,2409,5814.04335
24396.439925,2532,5817.941715
24260.961764,2452,5821.425229
24203.956649,2490,5824.909122
24282.045751,2454,5828.418032
24196.372704,2580,5831.96274
24268.25917,2584,5835.436912
24357.277396,2539,5839.03642
24401.81533,2495,5843.008938
24272.860724,2569,5846.605878
24351.836619,2552,5850.027976
24414.529253,2418,5853.434001
24448.641332,2531,5856.918867
24475.075908,2424,5860.389189
24407.303497,2511,5864.254616
24372.085972,2575,5867.678907
24302.361938,2588,5871.198488
24111.304941,2446,5874.664899
24395.060154,2449,5878.00864
24384.837875,2627,5881.576058
24272.958784,2594,5885.173466
24285.892328,2578,5889.143546
24373.056189,2487,5892.656452
24385.302538,2514,5896.271374
24356.474192,2548,5899.849352
24399.794041,2553,5903.27599
24461.537925,2518,5906.796525
24293.712938,2512,5910.775625
24285.740452,2667,5914.344022
24361.803299,2780,5917.93101
24353.352517,2556,5921.525559
24348.072823,2602,5925.058493
24412.001728,2554,5928.582069
24355.608181,2583,5932.537543
24429.98702,2559,5935.854956
24352.304745,2585,5939.383341
24288.00705,2588,5942.911336
24426.719235,2583,5946.448009
24295.020399,2666,5950.044652
24443.456358,2583,5953.546971
24308.180852,2835,5957.765932
24293.209543,2652,5961.43395
24353.766697,2532,5964.867701
24359.108575,2608,5968.398574
24359.709386,2468,5971.843027
24225.638228,2549,5975.434417
24346.229515,2528,5979.399411
-601.462165,424,5981.049646
24325.758434,2883,5984.804473
24310.922265,2628,5988.326034
24245.828017,2718,5992.025424
24403.772282,2571,5995.476439
24406.887122,2539,5999.005379
24305.41296,2633,6003.023597
24233.578213,2637,6006.526906
24212.363097,2781,6010.13903
24287.242997,2654,6013.667821
24349.32605,2625,6017.232644
24419.056148,2654,6020.847762
24336.575388,2507,6024.678937
24400.301423,2717,6028.38987
24236.334217,2706,6032.110658
24284.600072,2632,6035.703595
24251.363837,2577,6039.313502
24173.595009,2607,6042.922039
24224.67579,2800,6047.032601
24158.73933,2838,6050.838447
24326.562686,2666,6054.391815
24261.617742,2546,6057.946106
24380.466976,2696,6061.570375
24233.61327,2658,6065.164033
24094.835354,2530,6069.124405
24286.461147,2820,6072.893152
-635.844031,453,6074.594717
24294.689238,2553,6078.144289
24108.497026,2580,6081.672083
24224.034526,2509,6085.182505
24359.735812,2841,6088.997878
24233.181189,2802,6093.207187
24184.917944,2680,6096.834035
24303.014405,2670,6100.565297
24328.492607,2644,6104.22409
24308.659683,2581,6107.739177
24399.020851,2934,6111.697174
24374.809334,2481,6115.629563
24238.969558,2802,6119.428347
24337.241306,2678,6123.083728
24370.230929,2725,6126.751169
24195.702066,2733,6130.512323
24416.055992,2706,6134.157883
24327.964372,2743,6138.22308
24254.15906,2584,6141.666767
24404.143531,2692,6145.294544
24276.279688,2591,6148.873118
24206.396138,2710,6152.495421
24324.846584,2782,6156.210198
24380.959043,2639,6159.863037
24306.055748,2602,6163.814405
24326.154472,2820,6167.560051
24289.578733,2677,6171.163056
24369.622495,2621,6174.774609
24316.732519,2612,6178.349699
24259.849208,2702,6181.962527
24381.060359,2441,6185.844979
24267.984604,2665,6189.517628
24383.876375,2798,6193.251086
24370.37282,2546,6196.793076
24272.155621,2950,6200.724714
24294.146734,2601,6204.233852
24403.224212,2598,6208.040684
24311.496064,2656,6211.531747
24379.690855,2590,6215.027953
24315.362077,2582,6218.510872
24291.381276,2585,6221.989362
24246.341803,2573,6225.390444
24375.899548,2752,6229.442972
24291.897275,2621,6232.871672
24258.599332,2672,6236.396139
24404.157943,2527,6239.813192
24321.113208,2555,6243.211088
24380.51499,2761,6246.89554
24326.305846,2574,6250.908759
24403.289152,2607,6254.472856
24315.975038,2647,6258.141438
24133.069099,2543,6261.696079
24268.849151,2588,6265.423149
24399.928939,2538,6268.95937
24213.275772,2652,6272.458002
24297.452578,2531,6276.332152
24320.155934,2727,6280.032995
24359.999511,2556,6283.420119
24143.862092,2942,6287.167604
24370.036658,2797,6290.813493
24347.955083,2514,6294.213373
24387.92268,2706,6298.224101
24387.473887,2531,6301.731275
24331.810007,2715,6305.301109
24235.842919,2574,6308.562066
24364.751401,2664,6312.108553
24209.330997,2452,6315.416124
24271.752983,2663,6319.1498
24390.930435,2662,6322.721161
24368.352741,2640,6326.279915
24419.065851,2496,6329.606178
24408.209654,2509,6332.991629
24403.320499,2667,6336.562516
24215.467874,2637,6340.59009
24158.75911,2542,6344.041372
24367.076188,2662,6347.688325
24258.641829,2557,6351.353235
24407.452665,2660,6354.948851
24388.839974,2897,6358.731313
24364.708088,2411,6361.813943
24377.388396,2710,6365.76261
24374.639111,2578,6369.307063
24412.28075,2560,6372.84539
24367.179927,2585,6376.137028
24399.206243,2553,6379.576168
24350.939097,2626,6382.982092
24264.089201,2522,6386.95657
24391.772576,2636,6390.517506
24294.457317,2524,6393.972847
24209.229522,2633,6397.450364
24302.435645,2788,6400.977361
24275.954449,2474,6404.359189
24372.934388,2627,6408.261965
24226.302895,2620,6411.643506
24365.020783,2651,6415.231943
24162.453938,2620,6418.743191
24322.758058,2651,6422.248613
24350.658458,2693,6425.755183
24235.918539,2647,6429.723738
24407.053387,2565,6433.213354
24112.050875,2523,6436.55903
24252.427739,2700,6440.118184
24272.060127,2438,6443.577831
24263.236357,2658,6447.162949
24329.04093,2681,6450.717929
24398.587914,2571,6454.774692
24416.612356,2477,6458.197699
24406.992335,2464,6461.638101
24137.359273,2563,6465.146776
24363.614053,2607,6468.756948
24377.170089,2622,6472.240989
24303.022903,2531,6476.032306
24395.904961,2573,6479.567672
24308.589315,2513,6483.07399
24218.409418,2578,6486.625722
24404.962211,2527,6490.163548
24290.810951,2845,6493.957976
24302.262271,2451,6497.373046
24404.827882,2600,6501.262719
24298.464411,2503,6504.77921
24288.813622,2428,6508.21701
24277.33184,2523,6511.745616
24361.358442,2623,6515.333575
24353.10452,2505,6518.84107
24324.938976,2535,6522.758952
24413.72777,2470,6526.208607
24438.319858,2619,6529.795103
24304.283506,2621,6533.25952
24360.951251,2607,6536.784751
24283.158764,2484,6540.195126
24301.370072,2694,6544.259927
24353.38263,2516,6547.698381
24354.422144,2599,6551.280259
24311.832673,2688,6554.775527
24283.192723,2528,6558.300073
24412.606598,2442,6561.741734
24413.989691,2510,6565.251605
23994.731668,2461,6569.064343
24308.716521,2590,6572.650964
24458.948955,2534,6576.106257
24149.000523,2531,6579.651615
24394.265056,2653,6583.21052
23718.760156,2684,6586.956401
24265.890285,2649,6591.068299
24270.20318,2453,6594.523815
24293.003092,2565,6598.028466
23976.484568,2593,6601.594709
24250.110424,2581,6605.150343
24408.264146,2667,6608.696105
24046.840853,2547,6612.264878
24377.022431,2585,6616.258934
24351.158579,2654,6619.896845
24383.480962,2555,6623.39616
24304.542325,2564,6626.951835
24154.886244,2547,6630.419659
24423.772968,2571,6633.913661
24334.544278,2485,6637.811995
24347.580954,2486,6641.21323
24420.978921,2457,6644.63915
24314.423176,2313,6647.933928
24330.862319,2539,6651.581996
24274.974788,2462,6655.10938
24185.69498,2408,6658.18466
24412.351122,2624,6662.022346
24341.306084,2850,6665.867666
24278.820742,2667,6669.327588
24385.002766,2653,6672.80966
24363.151813,2583,6676.288068
24319.106783,2451,6679.495117
24337.64088,2413,6683.307934
24382.264502,2642,6686.869331
24326.015822,2546,6690.412472
24300.999711,2510,6693.901087
24360.76919,2765,6697.619416
24241.631763,2430,6700.977453
24364.241837,2436,6704.802022
24263.709305,2565,6708.362179
24259.019213,2552,6711.796954
24232.105499,2551,6715.194726
24355.85206,2481,6718.685906
24288.466539,2574,6722.206326
24243.806202,2467,6725.697987
24344.256513,2509,6729.55149
24358.176275,2557,6733.113979
24434.764184,2445,6736.616246
24374.29056,2479,6740.058904
24178.685299,2694,6743.678267
24366.545612,2550,6747.101748
24363.174621,2524,6751.073523
24410.433587,2600,6754.649065
24363.573919,2558,6758.204899
24377.328476,2625,6761.814457
24277.062502,2688,6765.466711
24148.745126,2592,6769.028016
24411.458231,2530,6772.373509
24402.907201,2638,6776.201036
24369.332396,2692,6779.843702
24436.85022,2604,6783.435046
24372.575577,2537,6786.893827
24333.961616,2467,6790.361609
24329.519955,2368,6793.61178
24194.632864,2709,6797.693664
24223.931486,2461,6801.116675
24300.464263,2464,6804.584107
24422.780375,2408,6808.033383
24319.892849,2574,6811.449767
24410.884952,2469,6814.843198
24318.010925,2582,6818.722715
24351.443501,2466,6822.185927
24458.24234,2542,6825.601308
24077.004172,2544,6829.106851
24395.761581,2478,6832.59069
24316.420301,2557,6836.110075
24372.606122,2575,6839.579559
24361.964838,2457,6843.386336
24364.563513,2536,6846.897657
24239.491221,2471,6850.318618
24466.143191,2359,6853.69036
24279.247407,2349,6857.130382
24281.09514,2551,6860.710289
24341.682517,2513,6864.164498
24137.093671,2409,6867.995518
24339.456762,2498,6871.505822
24340.462004,2481,6874.886068
24411.41838,2540,6878.409991
24442.683929,2432,6881.812698
24313.384157,2538,6885.29845
24234.009631,2423,6889.084571
24036.747703,2459,6892.374945
24281.09488,2346,6895.561835
24396.902112,2495,6899.071997
24179.763691,2471,6902.568429
-730.046011,496,6904.197269
24194.971778,2384,6907.555331
24402.997756,2394,6910.835831
24458.241378,2479,6914.62466
24326.561034,2461,6918.06561
24322.780964,2367,6921.207895
24315.967541,2292,6924.303394
24371.241601,2424,6927.707007
24412.707054,2407,6931.047357
24409.971139,2412,6934.279164
24310.010058,2539,6938.011922
24217.393348,2841,6941.661416
24155.009929,2538,6945.170835
24444.420213,2512,6948.665154
24407.950282,2528,6952.096543
13276.394403,1546,6954.724269
24337.720439,2518,6958.6531
24298.582608,2352,6961.978759
24011.299329,2435,6965.23862
24411.93427,2351,6968.517674
24262.559616,2391,6971.84753
24354.996972,2383,6975.12663
24343.871283,2525,6978.712393
24275.110572,2516,6982.732461
24213.609935,2485,6986.189261
24408.518237,2522,6989.602411
24358.53684,2433,6993.02979
24306.844615,2464,6996.484951
24039.290914,2682,7000.075104
24085.382963,2442,7003.506196
24443.407591,2287,7007.185661
24221.819647,2424,7010.574851
24427.627427,2311,7013.893776
24309.706253,2477,7017.275092
24312.701962,2402,7020.605258
24352.381204,2490,7023.804095
24245.816807,2488,7027.556842
24312.011896,2570,7031.037955
24365.998285,2368,7034.369771
24414.322826,2496,7037.745431
24394.210916,2601,7041.357152
24471.635806,2470,7044.757131
24396.10494,2283,7047.99029
24377.837352,2369,7051.722798
24175.36731,2283,7054.968819
24305.792165,2416,7058.345137
24436.186695,2457,7061.722698
24410.575688,2428,7065.236324
24385.018486,2545,7068.741864
24456.184916,2458,7072.258592
24390.752109,2475,7076.162184
24162.387475,2408,7079.565311
24369.952046,2380,7082.90542
24417.822861,2414,7086.263804
24440.846557,2423,7089.65312
24343.505484,2353,7092.981527
24282.550537,2818,7097.047348
24388.071381,2386,7100.323655
24409.573868,2414,7103.651896
24129.519417,2287,7106.792761
24438.651532,2541,7110.028237
24275.246451,2388,7113.385716
24274.284265,2510,7116.858885
24217.878625,2367,7120.693993
24439.194262,2333,7124.099833
24340.223015,2336,7127.409065
24422.176761,2377,7130.844095
24384.498531,2474,7134.019927
24325.28144,2378,7137.261598
24407.139906,2344,7140.351291
24248.915032,2526,7144.061936
24424.035331,2413,7147.330946
24435.180361,2324,7150.628562
24318.078813,2610,7154.091625
24382.568213,2497,7157.526083
24051.846672,2581,7161.058104
24166.698456,2575,7164.623032
24389.272762,2390,7168.478547
24343.401032,2353,7171.838981
24321.525721,2392,7175.302772
24466.178694,2352,7178.703468
24365.932804,2507,7182.218016
24252.401811,2283,7185.490239
24357.122569,2349,7188.789196
24316.089429,2394,7192.592434
24311.044869,2375,7195.94294
24330.401503,2425,7199.412039
24189.150281,2651,7202.863796
24277.898455,2359,7206.222941
24335.226303,2406,7209.640095
24364.566069,2325,7213.352226
24346.218196,2475,7216.73134
24479.38467,2310,7219.992547
24480.821149,2393,7223.281951
24344.257236,2520,7226.636348
24349.368674,2472,7230.156885
24336.948882,2465,7233.524728
24250.267087,2616,7237.583595
24276.78783,2379,7240.940223
24293.790114,2543,7244.463719
24448.370083,2423,7247.808125
24399.159869,2416,7250.943277
24326.359259,2394,7254.162036
24413.820979,2510,7257.561181
24302.515368,2609,7261.55088
24220.022159,2292,7264.813014
24431.122457,2344,7268.104363
24328.040406,2620,7271.735939
24299.306615,2446,7275.174803
24361.141611,2456,7278.594407
23939.408464,2389,7282.372751
23982.911932,2318,7285.610003
24228.375456,2577,7289.131364
24358.361315,2345,7292.485984
24371.946521,2396,7295.794623
24330.62388,2312,7298.962408
24344.475971,2489,7302.450384
24383.191031,2385,7306.256039
24336.342691,2567,7309.818913
24248.988682,2464,7313.257024
24409.321095,2261,7316.551924
24065.212824,2344,7319.811944
24364.886654,2489,7323.31206
24371.701787,2277,7326.503531
24263.423518,2516,7330.275232
24383.345625,2405,7333.600302
14616.735919,1638,7336.203876
24179.27118,2263,7339.476484
24294.49893,2300,7342.79387
24146.900757,2296,7346.050873
24398.734014,2438,7349.44999
24363.715199,2293,7353.04368
24289.801609,2416,7356.275333
24441.939204,2397,7359.628746
24427.60861,2328,7362.952276
24237.569054,2424,7366.342461
24300.544152,2398,7369.641431
24393.761521,2556,7373.143054
24352.399998,2380,7376.921179
24179.919089,2359,7380.224235
24348.05939,2423,7383.566961
24400.264178,2258,7386.816582
24214.023623,2540,7390.089611
24380.896889,2279,7393.369334
24372.839622,2310,7396.746402
24319.04305,2399,7400.51438
24388.376913,2408,7403.911922
24400.239427,2428,7407.359962
24253.977877,2481,7410.844364
24150.432841,2452,7414.215278
24417.445041,2422,7417.620351
24385.754759,2335,7420.948325
24378.499069,2302,7424.656869
17098.971274,1880,7427.639464
11998.469335,1350,7430.157028
24418.055268,2329,7433.514389
24324.007202,2372,7436.878964
24381.767097,2241,7440.135396
24416.950779,2311,7443.43328
24239.645786,2339,7447.225089
23888.722538,2312,7450.562261
10.175169,806,7452.569594
24224.01523,2471,7455.953819
24392.941252,2485,7459.382098
24220.456092,2275,7462.668568
24238.547339,2280,7466.01862
24183.31441,2403,7469.219439
24307.861396,2410,7473.128174
24372.760311,2393,7476.610836
23979.762688,2892,7480.425641
24438.062518,2336,7483.777565
24397.170348,2333,7487.083047
10720.083832,1439,7489.567424
24375.33506,2171,7492.711519
24240.880455,2248,7496.341073
24439.053476,2288,7499.613456
24357.862428,2221,7502.883901
24252.353421,2385,7506.28942
24324.512158,2227,7509.560741
24429.713973,2283,7512.879794
24365.956736,2306,7516.111275
24363.657643,2312,7519.654025
24389.583889,2242,7522.965579
24425.207959,2266,7526.248118
24305.138334,2330,7529.544264
24317.900596,2470,7532.932149
24318.802218,2341,7536.256958
24398.223835,2303,7539.667565
24270.637351,2443,7543.497559
24417.699639,2160,7546.551311
24386.314005,2342,7549.77436
13254.96535,1410,7552.214105
24239.746121,2525,7555.557084
24245.126644,2237,7558.711946
24400.11585,2288,7561.910209
24286.150409,2227,7565.064397
24356.119649,2317,7568.695356
24366.236103,2243,7571.841767
24415.473954,2186,7574.97776
-1349.111214,652,7576.794424
24369.906187,2424,7580.13097
24352.040995,2456,7583.479484
24454.029206,2229,7586.610845
18137.267113,2055,7589.580953
