#{"t_start": 1696450220.255014, "env_id": "plainCPGEnv-v0"}
r,l,t
-2377.514717,456,1.400119
-2180.035959,451,1.869056
-1894.599735,808,2.640215
-2198.852507,752,3.367288
-2841.4872,2358,5.351904
-2400.502262,719,6.00695
-2370.529165,498,6.499983
-1463.399319,602,7.08022
-2225.320119,1164,8.122654
-2303.07882,721,8.799049
-1274.636757,573,9.359531
-2182.347296,822,10.136867
-2279.076254,639,10.767268
-2233.974527,721,11.449795
-2390.48972,679,12.092764
-2397.696438,976,12.95925
-2347.545995,891,13.772687
-1886.540188,456,14.238009
-2368.909121,1049,15.175021
-1386.55651,479,15.662277
-2007.633271,482,16.144484
-2203.145283,1263,17.67275
-2082.066368,526,18.21324
-2307.416222,1560,19.599828
-2089.337215,579,20.175794
-2089.36382,903,21.00899
-2119.116647,1210,22.101833
-2302.747198,624,22.704352
-1830.503877,541,23.229108
-2322.185389,931,24.074598
-1886.645308,1400,25.299926
-1984.363346,409,25.72338
-2074.080799,956,26.586983
-2469.559253,1474,27.900004
-2236.864052,982,28.795595
-1709.741774,909,29.628769
-1905.841167,934,30.485908
-2243.818544,926,31.334858
-1565.410568,417,32.106911
-1751.178733,1252,33.213425
-1821.506125,576,33.786284
-2100.992288,1364,34.986356
-351.240552,999,35.883932
-3043.95376,2613,38.092844
-2247.448652,1012,38.997212
-1886.572989,731,39.695853
-2378.868887,865,40.490312
-1883.026958,638,41.107615
-2257.039898,832,41.87929
-3055.061495,2235,43.77739
-2339.709166,616,44.360075
-1958.537476,951,45.225527
-2513.536157,992,46.121733
-2029.039032,514,46.637148
-2059.134572,1297,48.147205
-1367.42584,848,48.943052
-1985.279561,510,49.446773
-2207.62366,669,50.090913
-427.831156,984,50.9874
-2588.583442,2268,52.899642
-961.184927,611,53.484343
-2283.954777,959,54.33942
-1302.622974,1368,55.537723
-1826.087312,723,56.214481
-1891.410282,480,56.700419
-1093.09141,508,57.199911
-697.503254,629,57.793069
39.205218,892,58.594136
-2144.299927,1722,60.071018
-2197.899645,523,60.587942
-2254.28805,503,61.088929
-2361.054014,592,61.654773
-2279.743918,552,62.549787
-1998.423686,695,63.184795
-1986.661688,777,63.894026
-1409.504849,756,64.578917
-2068.627758,1807,66.114064
-1908.31499,762,66.811861
-1914.05904,696,67.449948
-1637.518632,574,68.001163
-1663.481576,608,68.578011
1116.747961,1030,69.473697
-2675.510845,1318,70.619256
-1657.746641,848,71.391311
-1908.636478,734,72.070248
-878.517926,479,72.541727
-2198.996884,639,73.141832
-1696.037121,829,73.902663
-1254.585395,1588,75.240602
-2064.767005,585,75.793356
-1596.880887,1481,77.053811
-2656.043216,2149,79.21405
-2228.956175,905,80.024969
-2131.943208,930,80.845668
-2057.787724,853,81.605298
-1736.22444,1053,82.516298
-1143.962499,1678,83.953919
-1100.116556,593,84.524801
-2143.783791,910,85.338247
-2096.969466,705,85.988244
-2148.509852,791,86.714537
-1231.20533,1748,88.215053
-2323.683598,648,88.836122
-836.286248,562,89.377302
-2020.475411,473,89.850911
-1293.744731,534,90.377284
-639.714831,541,90.896434
-2188.726446,1034,91.81468
-1527.805963,617,92.766752
-2241.2589,779,93.476451
-876.29837,880,94.283799
-430.396765,780,94.990025
3715.723868,1531,96.296384
-496.644336,892,97.085692
-2048.970102,887,97.874275
1217.558292,1599,99.249918
-1271.996845,645,99.853058
-1226.453098,921,100.694853
289.663622,893,101.492195
-1332.151699,531,102.001777
-1708.900526,646,102.613122
-1180.300164,570,103.166399
266.739119,531,103.680011
-116.279473,1408,104.892203
-2415.128389,1495,106.176737
523.642521,2846,108.913519
-281.562297,906,109.738195
1760.400873,1855,111.316691
2677.269861,1512,112.617531
1923.202032,2362,114.627656
-1635.786706,895,115.430456
-2154.45287,786,116.159621
-2117.332127,1048,117.092739
-602.857128,1921,118.731116
5311.081115,2152,120.534127
-750.557603,446,120.986022
1197.838114,2486,123.433413
475.27926,967,124.312768
10856.533789,5001,128.41685
628.306468,1544,129.741335
-1081.319846,559,130.284336
958.137203,1046,131.204874
-409.594341,661,131.822188
2880.988202,2394,133.821249
-931.047123,1597,135.202661
-735.392743,1876,137.189285
-405.816969,1285,138.328271
-1886.775779,591,138.889314
7842.419817,2853,141.257541
-1280.315518,746,141.943629
4357.074429,1609,143.314875
10023.544938,3178,145.93948
-1300.677627,989,146.827977
636.81667,969,147.700915
-1122.557184,619,148.287536
3628.517516,1592,149.648878
1709.391584,952,150.493658
-886.685176,602,151.40942
6462.689822,1846,152.968554
8703.797409,2357,154.93145
847.730327,1740,156.406153
3429.502483,1049,157.330498
555.630573,1992,159.019821
1131.906984,1378,160.214046
4987.986622,3349,162.984748
3710.124309,2543,165.457849
3423.056284,1736,166.921542
243.77682,1524,168.236226
6434.054389,2480,170.321922
599.168777,1014,171.225104
-511.311931,460,171.688737
3759.897982,1359,172.859816
-2318.411055,1036,173.797087
-232.061192,999,174.704786
-617.34994,521,175.20917
4405.35295,1732,176.696651
-249.172908,881,177.494212
-1451.505413,571,178.04698
6029.039674,2008,180.101963
62.074331,520,180.610958
-897.571274,766,181.320836
18332.566892,5001,185.424574
-476.838396,441,185.875253
1119.010955,1281,187.015669
1067.785842,801,187.753401
-131.87918,649,188.382873
1654.871974,765,189.091215
765.222775,1217,190.176517
2461.688692,1285,191.318391
6681.108012,2333,193.283059
8179.223212,2417,195.693037
270.232376,760,196.389225
6820.889903,2302,198.329473
1266.621662,1228,199.403078
3003.324667,1218,200.47803
2143.657748,1481,201.777593
5290.411175,1810,203.313903
3063.263966,1316,204.474115
60.333661,828,205.23017
5864.548405,2210,207.115342
2714.254332,1119,208.107585
1712.438881,1204,209.5212
1109.831896,1148,210.551913
-224.258552,582,211.115481
-512.122672,575,211.675524
78.999769,616,212.262513
-228.5889,952,213.131799
3357.926763,1444,214.393181
-612.936642,421,214.839047
2414.96665,971,215.729337
3077.603198,1354,216.933087
376.688394,576,217.491776
574.874347,529,218.006598
177.656855,869,218.802657
1049.127207,1636,220.236331
1752.8116,1007,221.133891
2881.02392,1504,222.442648
-46.906194,525,222.961887
7302.696234,2246,225.207191
1751.701306,1625,226.613914
4810.309619,1692,228.093673
625.911333,827,228.859784
-538.730256,516,229.369712
-1632.837254,685,230.017304
-559.58372,540,230.541157
9578.415463,3028,233.035387
2042.969638,1665,234.467141
5879.593773,2130,236.259243
-484.2942,525,236.78977
-14.246862,486,237.260978
-572.002301,744,237.958813
846.466478,654,238.575639
441.958086,819,239.657833
2232.516593,1286,240.793041
13959.684632,3929,244.038435
2364.995606,1110,245.02353
8663.022699,2922,247.468197
14.827571,537,247.991915
-106.017428,502,248.488283
-2045.089124,639,249.090441
-518.753138,643,249.703955
-249.868562,510,250.207582
2749.282672,1299,251.348146
2783.580504,1460,252.598218
3365.583041,1477,254.227941
1761.637137,762,254.924682
3466.981391,1295,256.064278
850.447443,938,256.908701
145.953785,525,257.414129
3241.451501,1623,258.797785
1458.971509,790,259.527646
1061.550489,884,260.329773
1214.768681,924,261.15488
410.592627,737,261.830692
-242.46281,702,262.489136
1113.493505,1329,263.666407
2857.079427,1573,265.025114
1354.553906,1062,265.961961
1418.021432,994,266.852623
3059.038933,1284,267.973135
-325.977052,439,268.757334
1480.90358,929,269.584035
2059.981871,1218,270.646111
-100.034227,976,271.516627
521.223282,685,272.157628
816.492279,1382,273.368126
829.663548,1012,274.272376
93.97433,779,274.987494
-894.484885,645,275.597162
1162.719979,1044,276.516532
2336.460655,1185,277.545377
4777.509663,1749,279.01072
1149.467203,681,279.646606
1891.209492,1227,280.723791
2494.038682,1236,281.809951
453.267341,775,282.527384
306.017249,557,283.058887
-44.63938,665,284.017396
1639.31826,785,284.736987
267.226756,1277,285.857626
5868.837712,2107,287.638476
2309.906964,1399,288.831087
830.883115,720,289.494058
4479.672605,1689,290.926955
444.570347,934,291.755644
985.393594,818,292.485746
-72.588459,966,293.340029
135.351257,663,293.961052
3239.297495,1233,295.03763
-941.209782,442,295.489955
-1030.784125,748,296.172553
2063.782813,1193,297.202796
-457.516402,1184,298.605542
387.432669,596,299.163809
512.26928,661,299.777848
1517.0904,1193,300.841944
7212.288262,2328,302.78907
-60.081076,773,303.495178
3019.07956,1509,304.800507
773.908949,784,305.521884
-195.099076,551,306.061632
290.168254,888,306.884789
697.618296,805,307.631354
512.751124,790,308.367094
3511.9363,1599,309.727452
-183.319672,584,310.293793
1151.292651,1120,311.298968
-1047.250388,1076,312.260786
6620.487678,2287,314.522822
243.057111,509,315.021744
121.278205,787,315.744787
2113.325633,850,316.518692
505.471994,772,317.228541
1262.599595,888,318.030406
-815.808718,597,318.605907
1503.941518,1026,319.535707
2217.259642,939,320.375513
178.0225,781,321.091529
1384.968858,933,321.944075
-834.164588,595,322.518348
1469.111987,936,323.367586
1567.14356,1076,324.333948
756.972853,601,324.912268
-268.064562,505,325.418557
1531.062425,933,326.255968
1271.27127,1178,327.284706
2157.590323,1192,328.678192
511.298984,891,329.469494
2000.550034,1163,330.494607
3496.62053,1643,331.899748
-21.689875,658,332.512614
692.975601,922,333.341448
1351.535723,1707,334.81469
1015.364964,682,335.460354
3505.809896,1931,337.096967
864.003045,763,337.788568
723.399876,759,338.484883
389.174631,1091,339.454708
-1056.89279,439,339.902136
4945.823848,1776,341.402085
472.334841,731,342.069683
-528.224922,517,342.577583
-897.000199,592,343.506739
98.455763,770,344.228842
3963.227796,1366,345.44665
-348.576172,872,346.244597
-442.900892,472,346.723271
2804.3328,1395,347.956116
959.823811,944,348.809796
1842.307005,1119,349.807776
-2209.911851,551,350.337861
1147.016793,1137,351.340939
4829.407508,2262,353.277118
-679.221162,901,354.114408
4505.876297,2085,355.90433
-797.114518,908,356.74539
3368.363479,1321,357.897604
2658.991125,1103,359.240069
444.506825,603,359.842005
3488.770713,1446,361.143438
-14.375824,997,362.048107
2171.396877,912,362.883127
3049.772272,986,363.772759
-1023.328666,525,364.295887
3533.935223,1168,365.345961
4772.524371,1551,366.69674
1523.115236,1091,367.673599
2166.161293,892,368.49164
1361.295086,804,369.23663
1279.476066,1258,370.331139
164.589939,712,370.988459
2741.773151,1408,372.225601
3968.521,1292,373.709297
6065.545759,1943,375.381458
306.106743,607,375.965911
671.135308,923,376.805762
5415.553563,2104,378.610554
2013.028072,969,379.480842
2832.802517,1448,380.759303
394.096823,852,381.546928
5718.460415,1893,383.17438
693.567984,650,383.794202
-612.302489,690,384.436878
6264.577565,2276,386.378877
-173.202002,865,387.168388
6925.051645,1607,388.928746
2582.147051,1034,389.850212
927.763321,689,390.514871
2148.239212,829,391.292399
-2562.274243,1161,392.326831
-2087.131573,1917,393.9719
4907.782426,1800,395.529988
928.358922,922,396.362165
8274.985375,2237,398.265656
2296.883402,1012,399.164878
2573.473459,1103,400.136964
184.288284,667,400.764405
3950.326104,1170,401.808527
-2016.935885,1156,402.832406
960.866105,578,403.746433
-710.52066,468,404.219337
2944.942908,1046,405.157872
4717.356566,1579,406.51472
3325.849418,1104,407.490255
3653.244606,1841,409.072465
7025.061694,1692,410.524006
533.69858,658,411.126561
2379.547943,889,411.931067
-2250.450267,1077,412.87869
-1968.829912,1111,413.82927
1679.527925,1220,414.904276
420.617157,612,415.477639
1287.07197,773,416.185095
2653.189203,1128,417.192147
409.950699,570,417.744373
8575.021521,1803,419.623852
745.951633,726,420.291968
3118.469925,1195,421.350896
2624.287536,1095,422.331169
2464.718339,1203,423.393651
-1000.453659,1415,424.659605
-177.715985,519,425.17435
5687.550429,1503,426.571663
-68.280857,1011,427.533242
4929.95884,1167,428.678634
443.369026,530,429.250084
4506.833419,1239,430.358404
210.000499,1107,431.420425
446.842255,977,432.333829
19.037661,516,432.85795
3370.535969,1253,434.382171
345.776558,1084,435.370539
294.879364,1050,436.353058
4056.074155,1522,437.758785
107.738498,1201,438.913456
2541.801895,1151,439.971004
-244.07921,1973,441.691866
2929.880514,1194,442.798794
789.191226,824,443.652278
4406.268614,1436,444.970885
11663.763247,3351,447.911871
1736.21439,992,449.150764
1081.540334,595,449.724264
2403.184327,896,450.536989
1448.1612,903,451.358347
2224.508675,1213,452.476164
2221.273895,1150,453.500847
909.865831,747,454.184598
730.679057,525,454.697432
296.819068,683,455.334238
369.80804,1788,456.878877
228.604564,1850,458.453946
6294.103996,1763,459.966923
659.866523,671,460.578794
3044.926244,1016,461.491799
5986.926244,1586,462.858312
1076.502026,759,463.540972
6163.67422,1676,465.338368
508.043176,606,465.914535
9622.647261,1996,467.629267
1463.076908,689,468.271554
21.866588,536,468.800696
6488.397517,1952,470.47155
1043.463995,699,471.126363
2612.823385,891,471.946543
3745.93887,999,472.837609
1660.75512,823,473.599965
-14.185537,726,474.292493
2378.365264,1156,475.316906
5473.188247,1427,476.548616
1658.489876,883,477.359601
9416.667701,3014,480.261497
460.518901,896,481.073917
959.64223,492,481.557841
-211.268565,619,482.140682
8074.168205,1988,483.85337
669.789271,858,484.644789
4257.488245,1706,486.11095
5539.990633,1625,487.546019
86.166694,759,488.240048
2903.109392,1083,489.200736
834.892617,840,489.994388
-513.498923,422,490.428971
4738.252003,1627,491.913477
-598.708887,481,492.457984
143.471136,921,493.380838
353.517599,806,494.515016
8835.406736,2539,496.825495
510.486144,574,497.391251
455.572023,549,497.941585
1604.502956,894,498.763979
2957.766973,1343,499.971668
298.876044,572,500.520146
758.498366,750,501.227068
521.988291,866,502.030239
-622.089636,950,502.919777
131.632356,934,503.781489
575.261283,635,504.412326
202.880174,671,505.065618
3042.956312,1036,506.022676
11882.495323,2364,508.103689
2764.709587,988,509.013731
2439.023071,1202,510.453682
277.937039,884,511.29182
183.541286,575,511.861583
3554.838337,1290,513.012841
3470.432721,1081,513.992457
6098.041051,1992,515.712859
495.083977,511,516.223812
4090.788335,1371,517.437532
-113.937394,603,518.025546
19214.64344,3750,521.185416
2995.305637,1520,522.522301
1662.910683,1062,523.489344
2882.67804,1189,524.93204
6385.216422,2770,527.300566
4472.153083,1867,528.939541
34.911368,730,529.63006
5190.289664,1655,531.077319
293.559578,704,531.747748
1668.318997,837,532.524108
745.390469,757,533.237623
435.209471,647,533.862753
1322.501092,815,534.62441
6918.324501,2052,536.418256
917.127398,763,537.137044
-715.915898,610,537.735204
1283.199576,748,538.437424
932.008054,962,539.309186
16049.368303,3853,542.876311
-0.730452,790,543.613011
1613.45427,967,544.556286
6330.980645,1773,546.146737
603.80908,783,546.960088
284.047904,561,547.534352
-465.843294,805,548.346559
3244.653122,1221,549.443611
248.43204,605,550.096614
439.073189,747,550.796844
4043.594529,1338,551.995087
43.608837,563,552.547322
2930.652588,1226,553.630894
738.23782,668,554.271458
2573.742183,923,555.467314
1757.652473,1013,556.380214
3407.190222,1126,557.396287
2104.914245,1055,558.350001
561.81243,609,558.942997
3196.868633,1150,559.973588
-235.55947,635,560.575061
440.251502,528,561.09777
1131.953901,547,561.637899
7535.517353,2353,563.694554
99.086784,451,564.174684
3367.336701,1049,565.128424
2297.936681,1407,566.359137
3165.465914,1170,567.400115
1456.0624,848,568.193426
1125.040112,768,568.90461
760.132468,778,569.62275
754.853507,896,570.793561
2458.529957,889,571.622703
6443.206693,1584,573.009513
1737.430648,837,573.771388
3693.583542,1294,574.914306
7631.900969,1945,576.587214
576.633118,625,577.180421
153.608703,436,577.622399
6799.934418,1794,579.16477
836.238507,683,579.809117
6772.435629,1790,581.347412
-424.337075,1193,582.398353
350.511348,1311,583.559777
3515.541476,1007,584.459786
43.484777,740,585.140776
3260.73449,1242,586.568509
2061.663911,951,587.415054
4673.10299,1245,588.498991
658.565826,533,589.016826
139.369857,636,589.619124
6366.513604,1695,591.077402
317.71159,746,591.771754
3378.941287,1128,592.77675
1642.402222,1002,593.667036
1458.767047,891,594.467741
2181.652768,929,595.301805
543.017994,717,595.96861
6783.445522,1643,597.37539
-749.271413,856,598.15652
3871.659063,1606,599.5614
1778.487553,1099,600.871722
3013.611218,926,601.70562
2890.415696,945,602.550168
5342.5336,1532,603.864624
501.428979,506,604.359254
1103.205295,734,605.02987
3424.264024,1035,605.952544
1781.880306,807,606.688674
1722.016967,798,607.422638
1787.496368,708,608.071687
5915.740067,1548,609.399263
603.139783,717,610.059074
173.71319,673,610.683685
1164.170331,831,611.440159
3739.393613,1419,612.686225
1466.614201,660,613.303605
164.110226,610,613.884413
9317.921307,2413,616.251078
5027.55002,1429,617.510027
2534.569367,891,618.317564
3760.82335,1165,619.357061
1176.046711,752,620.046969
754.476108,677,620.671543
1262.626904,724,621.335623
1199.86939,847,622.106917
1593.688281,792,622.840256
836.822701,924,623.691278
5123.367984,1647,625.102676
2847.691239,1039,626.011812
2319.495037,1513,627.321432
2449.896346,996,628.20434
1991.215238,830,628.94838
2998.44117,1013,629.860736
3975.52527,1167,631.229463
9179.757665,2508,633.321271
1534.423502,655,633.927844
5071.795021,1770,635.436745
3696.471791,1031,636.361224
6396.782213,2572,638.510116
2978.274426,1044,639.434648
1733.833256,863,640.220484
4588.042092,1221,641.300882
502.146997,675,641.946377
1763.881841,936,642.805741
-5.954756,634,643.420137
834.981696,629,644.028301
740.090892,604,644.608397
-83.86503,766,645.653791
2940.256631,977,646.54126
1799.826649,937,647.40826
1626.276418,1583,648.760579
1515.080727,850,649.531753
3408.399651,997,650.438282
1255.613915,949,651.296887
761.919451,822,652.044546
68.094822,629,652.652036
2671.921233,963,653.503558
4871.49066,1482,654.786271
1602.258306,899,655.635196
284.153572,609,656.243756
3269.678503,1032,657.197744
1080.666783,920,658.061234
3285.615324,1148,659.106466
399.601078,540,659.645809
643.342376,577,660.224589
2793.845665,1196,661.668715
3985.971957,1251,662.806668
498.94344,623,663.398299
1130.12111,713,664.069404
1893.534882,880,664.871068
3500.052031,987,665.757602
1133.447851,862,666.545413
3004.29998,929,667.401287
2032.573115,896,668.219379
2568.121587,1209,669.298893
1433.00987,846,670.067985
3228.805074,984,670.940896
1745.532748,760,671.650537
1883.738227,1003,672.544343
5326.934996,1829,674.134296
-186.572581,668,674.770995
5152.012049,1665,676.567115
2236.808235,1050,677.502021
7170.623539,2125,679.289759
3415.578473,1071,680.233943
1846.779712,973,681.107035
3837.607327,1686,682.575971
5359.489494,1509,683.880864
6798.075601,2003,685.62849
6718.987237,1769,687.158306
1956.859099,1031,688.098115
2086.961139,875,688.903179
2795.242186,909,689.745746
5058.280715,1699,691.594435
4276.22562,1145,692.652617
2679.188212,1163,693.705508
1252.031185,745,694.396967
464.472832,754,695.124371
3000.860394,929,695.959361
1683.854058,818,696.844336
3885.236833,1377,698.164815
1956.589887,723,698.838393
3211.996773,1273,700.036461
3876.992911,1599,701.48154
4205.859943,1252,702.599953
-1902.289357,1418,703.833316
3127.938885,966,704.696234
1980.307695,814,705.448566
5368.322108,2419,707.885939
2953.030641,1031,708.811438
4013.638836,1239,709.918456
3450.120357,921,710.765862
-371.041158,596,711.34313
2368.818491,1029,712.279682
2837.953818,909,713.120014
4043.117667,1564,714.504806
10661.848712,2977,717.036998
2618.881215,1015,717.951691
3062.978948,1090,718.926296
4243.855234,1593,720.3199
1461.605751,991,721.586961
3555.78459,1490,722.906382
202.329305,666,723.548558
4011.693906,1202,724.629552
11641.160679,2750,726.991875
12045.421747,2816,729.429521
3087.978905,987,730.335318
2455.573341,925,731.181227
589.136053,621,731.780626
5699.844252,1744,733.306013
6371.803386,1931,734.997731
682.150913,727,736.051355
2426.894077,957,736.919284
4899.930306,1179,737.974656
12662.874927,2875,740.421406
3181.463977,1056,741.366414
919.86315,778,742.088776
3280.134987,1220,743.169595
4725.556406,1357,744.365224
2559.495623,890,745.170403
3315.968477,1039,746.105042
1119.195051,669,746.736796
2927.261773,1078,747.699959
4406.644682,1287,748.831078
4027.764735,1154,749.852733
3477.161629,1021,751.099805
2257.045779,1072,752.066881
6158.443072,1599,753.471542
4512.330763,1394,754.710368
3971.505916,1218,755.800822
4604.983759,1379,757.018909
559.943013,679,757.653393
6418.107667,1639,759.076434
9432.590952,3436,761.987069
2297.464411,1063,762.956833
2748.19322,1238,764.07126
11458.560882,3145,767.117693
3853.789398,1133,768.132457
5679.282091,1709,769.61541
8263.444217,2134,771.43119
767.04457,685,772.078157
3701.345412,1274,773.198447
1837.60496,689,773.843834
3745.19936,1986,775.528697
4571.154323,2426,777.567728
6012.603317,1792,779.098451
1888.624996,776,780.147569
4706.478236,1552,781.484251
879.272203,718,782.15345
-629.881587,712,782.813824
4883.713973,1396,784.028104
1398.337038,854,784.812827
1189.555344,805,785.549455
-176.703598,629,786.15183
7595.512036,1955,787.811308
3380.327719,1248,788.898224
857.340937,724,789.573662
8437.085877,2248,791.461491
3653.45463,1149,792.46848
642.352465,750,793.170329
4937.657158,1386,794.372117
3404.736474,1758,796.238032
8398.514676,2189,798.080498
1005.623881,685,798.726542
2480.743412,1271,799.848944
15572.730631,3543,802.823759
2816.244694,927,803.665379
6212.646116,1962,805.351809
260.523832,638,805.957332
5638.742951,1513,807.272977
11.870716,845,808.03991
303.449934,704,808.697536
7244.030102,1931,810.739646
1171.200186,847,811.526283
4714.594084,1317,812.687788
5494.824421,1967,814.402932
805.316087,651,815.028536
13907.545912,3534,818.037024
448.350267,779,818.766454
2432.154498,985,819.668135
400.817154,849,820.475289
7846.92231,2107,822.329396
3746.864905,1285,823.480889
8228.802326,2176,825.752949
7816.679606,1977,827.4845
2513.875211,1207,828.579964
3193.689729,1193,829.668042
671.989292,752,830.388939
2078.909747,1203,831.46777
5000.706941,1299,832.62179
3048.906547,1044,833.564788
18225.745905,4184,837.079687
6440.984974,1768,838.602688
8678.4824,2177,840.819604
2.893224,737,841.504614
17862.858318,4451,845.174706
2213.543224,1105,846.144701
-107.226591,706,846.802731
290.018368,585,847.36368
4887.703379,1528,848.680146
5520.804934,1720,850.158338
1554.96651,1216,851.232203
371.542787,992,852.127404
6765.336346,1921,854.101385
1207.340615,1097,855.08179
4158.245032,1381,856.30124
10676.677052,2952,858.799741
3783.953833,1276,859.936247
10162.512424,2795,862.308322
9732.932301,2585,864.512878
4883.440234,1826,866.075832
4358.97663,2100,868.199554
8040.557582,2307,870.117841
1135.797954,901,870.924394
1256.403602,775,871.632992
7755.273042,2881,874.052594
-16.37582,678,874.691702
3067.041618,1967,876.349746
12934.280519,3668,879.357244
3004.436639,1211,880.424907
521.724471,657,881.04441
3690.871639,1571,882.748542
-359.299712,743,883.446504
6522.061237,2151,885.315581
939.970663,719,885.996566
4052.172774,1392,887.284201
10674.344123,2859,889.755391
3795.62905,1419,890.997302
1982.272843,846,891.761109
3172.708425,1239,892.837362
13702.660207,3325,895.562638
4231.071687,1521,897.195025
5193.25661,2291,899.11459
5717.606907,2173,900.930751
4565.379562,1490,902.204837
6371.858172,2271,904.13326
2985.401909,1525,905.440746
3501.792471,1212,906.506504
1003.56782,888,907.3155
22943.982258,5001,911.778335
1594.391947,1024,912.693479
247.570276,652,913.314824
4431.318295,1179,914.370448
539.883791,654,914.991028
4874.531496,1624,916.409927
3296.261629,1236,917.503993
5702.483981,1713,918.971812
7838.468645,2144,920.792172
10148.116208,3096,923.406329
12755.693134,3311,926.537755
3890.297961,1578,927.940773
3415.368143,1386,929.183182
7528.657452,2020,930.928367
4986.43262,1562,932.302262
271.870886,681,932.952173
2816.097238,1648,934.36492
5000.172269,1525,935.684251
3691.099895,1327,936.847749
9435.525826,2265,938.762614
4196.260474,1248,939.857923
4317.751193,1221,941.26497
5122.389254,1652,942.693636
4570.437797,1697,944.145367
2136.824719,1004,945.037211
6532.925803,2001,946.72631
4168.343693,1441,947.978132
1539.287897,1116,948.991947
2091.037314,949,949.84281
22673.346576,5001,953.993099
2935.426572,1243,955.436832
367.284038,940,956.31414
761.634298,681,956.962545
4136.3766,1289,958.087928
4508.381402,1311,959.231249
5759.135499,1591,960.618297
5938.02078,2025,962.332806
22979.177782,5001,966.485553
4204.643931,1315,967.630309
4682.187886,1464,969.254619
3137.511633,1243,970.348859
4025.734443,1064,971.297676
4010.918562,1184,972.341808
4841.337222,1350,973.518939
4777.970386,1892,975.139023
9015.327272,2158,976.975437
9318.420045,3074,979.593873
5713.958619,1680,981.051426
5361.039579,1497,982.347335
9720.473777,2685,984.958459
12415.975584,3746,988.104008
11161.061651,3147,990.753406
22822.442754,5001,994.899928
2447.133621,1103,995.887642
4895.144028,1931,997.891657
4880.031599,1415,999.127113
18494.184397,5001,1003.307255
9451.953141,3151,1005.973102
4152.506223,1373,1007.180241
15067.272157,3895,1010.447413
4718.341653,1724,1012.263938
3798.268314,1341,1013.455625
8318.671255,2228,1015.359419
22614.160381,5001,1019.541478
3775.675636,1823,1021.127942
15352.930976,3297,1023.911267
7582.734594,2146,1025.740684
2957.496869,1130,1027.090294
2595.591995,1108,1028.081153
7719.657872,2227,1029.976603
5995.910455,2077,1031.757644
21158.137473,5001,1035.918202
3901.634382,1568,1037.274981
7124.685604,2020,1039.007197
6767.66886,2292,1041.297397
5623.349432,1746,1042.820183
7273.125891,1871,1044.426842
7742.715298,1882,1046.053988
356.139836,889,1046.858728
6711.355566,2327,1048.854796
7121.746981,2376,1050.882026
11837.456735,3132,1053.522535
5656.404033,1667,1055.324713
1639.12035,959,1056.190497
4750.62081,1702,1057.653931
3267.738278,1080,1058.612398
2189.527664,1233,1059.699411
15715.420958,4169,1063.169762
12994.408108,3564,1066.171324
6022.9528,2472,1068.287035
6802.8612,2019,1070.369127
2783.097328,1571,1071.738829
4099.296884,1037,1072.669911
3168.886177,964,1073.544054
8567.075446,2687,1075.819817
4316.041521,1687,1077.283472
20981.99912,5001,1081.454816
3077.761741,1110,1082.448326
3948.015666,1447,1084.045472
3273.669864,1165,1085.089587
4263.040827,1201,1086.160146
8370.374893,2533,1088.30391
6303.365813,1818,1089.871665
2077.49164,1048,1090.814914
22124.556962,5001,1094.979635
18460.985952,4624,1099.181317
10514.846724,2554,1101.351449
12881.470326,3269,1104.091184
15813.849692,3965,1107.397038
5880.458639,1673,1108.854022
4489.86566,1426,1110.093771
22982.09343,5001,1114.615077
4303.899335,1674,1116.078543
2921.178694,1213,1117.162041
3488.585213,1135,1118.169822
20722.211958,5001,1122.316453
3082.791404,1332,1123.491991
23276.364054,4859,1127.866858
9032.050318,2558,1130.03756
3226.573231,1350,1131.220037
22463.555361,5001,1135.375003
6922.201976,2366,1137.409156
12682.571829,3353,1140.214857
10184.697699,2910,1142.987206
2500.678822,1137,1143.996672
2670.472284,1377,1145.212843
5129.941563,1503,1146.516529
20687.833917,5001,1150.662229
22035.763799,5001,1155.16094
23274.050185,4868,1159.16871
1115.1264,859,1159.944156
5340.618382,1894,1161.574976
2228.974086,1271,1162.722194
22736.002804,5001,1166.858169
14346.209054,3803,1170.410132
12816.558315,3535,1173.389226
2910.918063,982,1174.285979
20204.484664,5001,1178.414197
22763.194805,5001,1182.587073
22984.796416,5001,1187.103745
71.574129,883,1187.922772
20780.143846,5001,1192.114259
1347.772829,841,1192.89373
8965.061412,2789,1195.253185
11564.02795,2821,1197.974482
3043.379162,991,1198.871185
6872.277614,2123,1200.690884
14030.724238,3390,1203.534982
20913.21153,5001,1207.714643
4109.75859,1550,1209.070483
17442.908838,4556,1213.245749
22779.802856,5001,1217.407419
12206.955137,3067,1219.995814
1991.481087,1074,1220.972812
13986.746701,4014,1224.352891
10582.04382,2455,1226.785441
5257.786104,1927,1228.461162
5148.097872,1858,1230.064149
8378.856797,2237,1231.984798
7968.691568,2607,1234.202674
8562.036746,2297,1236.175282
5268.782901,1940,1237.846588
4954.630106,1402,1239.077543
23105.256827,4915,1243.509501
13164.569419,3259,1246.231837
19466.021274,5001,1250.408424
11810.595757,3481,1253.345827
13068.963748,4416,1257.367996
2215.693588,1024,1258.29255
3998.773678,1432,1259.556512
6964.203346,2075,1261.3223
17976.496525,4163,1264.793738
8401.297,2612,1267.003376
12185.203971,5001,1271.543948
7609.28407,2183,1273.390121
20781.199727,5001,1277.534702
8485.068591,2283,1279.447614
7884.303408,2162,1281.276688
5568.806513,2318,1283.618322
13198.987475,4597,1287.43187
6808.947476,2564,1289.61486
6506.609137,2494,1291.714613
8063.26948,2182,1293.562775
22667.26526,5001,1298.057722
2512.618366,1025,1298.970698
5217.676054,1873,1300.581459
4584.696643,1651,1302.035515
14959.97441,3595,1305.080377
4969.35278,1774,1306.629164
4008.830556,1286,1307.760976
6213.166989,1738,1309.269889
787.320582,1168,1310.327516
10578.159857,2732,1312.982548
1514.185202,1267,1314.110116
666.205523,808,1314.846637
17489.422685,4062,1318.237731
21501.211879,5001,1322.349756
5379.325909,1772,1323.852607
20712.363982,5001,1328.364094
8238.043353,2069,1330.135868
22838.156207,5001,1334.242491
11764.426112,2940,1336.700192
11448.123438,3145,1339.677626
19423.417016,4624,1343.477123
3568.61182,1488,1344.763124
23433.474311,4789,1348.698591
8753.947374,2658,1350.902605
21725.494839,5001,1355.354606
15713.301701,3829,1358.503613
23261.939918,5001,1362.64193
18469.883961,4037,1366.007766
8418.639012,2238,1368.268011
5522.510647,1649,1369.669782
23456.561234,4887,1373.730559
14483.784801,3417,1376.611878
7212.922262,2206,1378.501819
23484.730874,4727,1382.793731
13571.878671,3576,1385.784701
23350.914338,4924,1389.862589
6764.504969,2140,1391.689923
23473.229102,4904,1396.100116
23077.803276,5001,1400.251249
2492.19335,1339,1401.44164
1001.99368,904,1402.272648
17931.303,3980,1405.597812
19189.445296,5001,1410.136936
9210.091893,2175,1412.015537
23358.89238,4979,1416.189801
2194.434919,915,1417.022179
465.776693,859,1417.806299
18106.45874,4800,1421.818567
1451.876431,1000,1422.718437
20170.805002,4911,1427.179692
14646.021599,3345,1430.024611
4495.825751,1559,1431.38862
23272.88852,4757,1435.358139
23388.301327,4961,1439.854128
23161.814473,5001,1444.024058
23126.008518,4979,1448.205968
22740.529168,5001,1452.727729
1331.242,915,1453.576627
13594.120788,3290,1456.38245
23381.870522,4977,1460.525226
8642.156396,2881,1462.95011
1064.933537,804,1463.710693
22974.699383,5001,1468.295128
22422.848319,5001,1472.461593
22993.044481,5001,1476.651878
11917.84423,3100,1479.29997
14410.756708,3556,1482.644069
23334.740155,4848,1486.712442
11562.846591,2741,1489.054954
15677.496225,5001,1493.23138
22395.047754,5001,1497.765085
23418.42194,4893,1501.855085
11262.866733,3557,1504.844218
13370.001337,4228,1508.735715
23444.085444,4789,1512.754246
23383.210401,5001,1516.931813
23539.897973,4787,1520.942415
22150.144305,5001,1525.433395
23561.493649,4600,1529.216014
5826.219284,1813,1530.789924
23434.39238,4959,1534.95504
22958.59213,5001,1539.495393
7590.934861,2374,1541.515228
5087.94376,1863,1543.132197
19475.620754,4129,1546.590191
18051.210984,5001,1551.09434
11902.361138,3269,1553.826954
23124.79491,5001,1558.00824
14074.17436,3224,1560.720491
2162.316008,851,1561.498305
3889.761983,1777,1563.011117
23631.231657,4450,1567.03616
22597.524256,5001,1571.175387
23447.892904,4973,1575.305177
23404.217852,4929,1579.750253
22500.142956,5001,1583.938451
23509.72512,4610,1587.787813
9491.592787,2567,1589.972711
23432.705362,4722,1594.257938
23575.821815,4588,1598.048925
2016.583699,1108,1599.037306
23485.456153,4757,1602.958073
22913.752357,5001,1607.397411
23498.597066,4791,1611.411643
23578.035465,4650,1615.330893
23679.118636,4537,1619.157962
6108.969372,2136,1621.344265
1699.079612,934,1622.189053
23497.292938,4702,1626.153582
21709.535964,5001,1630.35588
23332.986227,4938,1634.510117
23622.313019,4560,1638.687643
22878.498374,5001,1642.889367
23559.679103,4878,1646.991613
23589.003976,4547,1651.176693
14408.117409,3406,1654.065335
1312.682843,831,1654.836421
1694.063365,812,1655.593151
23575.862797,4640,1659.497382
23405.322341,4802,1663.887287
23599.020119,4709,1667.884941
23522.754605,4728,1671.876522
23045.148927,5001,1676.088799
23605.181048,4613,1680.327912
23637.88335,4545,1684.098421
23484.633154,4730,1688.035052
1892.901933,836,1688.803233
23584.951711,4587,1692.993748
23617.960913,4606,1696.852482
13935.716204,3648,1699.940748
23604.695736,4414,1703.653774
3409.505305,1529,1704.989795
1946.934696,1009,1706.236295
23462.642551,4805,1710.244046
23582.545111,4602,1714.068604
23446.571139,4630,1717.924427
23578.026202,4558,1722.094325
15437.337615,3327,1724.914753
10758.162781,2384,1726.953502
19111.966834,4401,1730.651539
4719.608287,1322,1731.816704
22756.921814,5001,1736.354961
12904.778591,3222,1739.068258
19660.159433,3954,1742.370134
11790.492345,2996,1744.880038
11809.335485,3081,1747.496912
6484.91334,1992,1749.553887
23231.0878,4841,1753.614038
5998.53859,1724,1755.114103
23421.415613,4540,1758.947156
23457.944385,4584,1763.147263
23433.804897,4868,1767.211934
23361.492047,4736,1771.191347
3657.950423,1196,1772.250117
9101.991863,3096,1774.874476
23655.045878,4262,1778.821113
17754.202812,3913,1782.118784
23345.176196,4746,1786.121153
23656.826465,4235,1789.705429
23666.719923,4570,1793.913156
23509.462017,4477,1797.715818
22322.199622,5001,1801.955953
23652.993319,4347,1806.029162
23055.005341,4843,1810.142965
23482.682353,4644,1814.059979
14273.309013,3108,1816.702123
23189.418506,5001,1821.238805
23375.791275,4525,1825.062876
23629.975492,4548,1828.85354
22120.259777,5001,1833.01491
23568.637999,4391,1837.015261
23618.730235,4415,1840.728038
23490.566452,4471,1844.469206
23535.707072,4488,1848.568831
23512.762364,4684,1852.500626
23479.528296,4658,1856.400764
23530.048238,4610,1860.257943
23455.376629,4463,1864.36732
23495.308107,4796,1868.373918
3055.492196,868,1869.169899
23669.587119,4385,1872.853808
23564.766309,4553,1876.994675
23488.39322,4698,1880.892459
22313.760763,5001,1884.969362
23089.975504,5001,1889.07913
22565.36026,5001,1893.569799
14167.13168,3537,1896.509884
22425.549162,5001,1900.646679
23472.611805,4754,1904.967441
1131.269945,542,1905.502191
23544.242844,4850,1909.521286
23058.986867,5001,1913.653016
23678.722737,4437,1917.363401
3281.277139,2016,1919.417201
21666.844462,5001,1923.573232
23226.317379,4993,1927.717007
13516.679485,3765,1930.863266
23611.010099,4631,1935.090163
23618.392559,4565,1938.877399
3394.767642,1633,1940.278317
23435.668612,5001,1944.482143
23726.756704,4410,1948.568837
11089.702523,2906,1951.045781
19628.338768,5001,1955.250172
1094.749429,1202,1956.32479
23069.242598,5001,1960.864743
9732.468405,2941,1963.371545
1464.934196,817,1964.129347
2685.394758,929,1964.976393
23383.970977,4888,1969.02354
23361.849199,4827,1973.043133
8891.443811,2417,1975.434128
2440.580471,1210,1976.506846
22889.218435,5001,1980.71612
3947.944596,1443,1981.976782
22854.24839,5001,1986.141185
23533.9575,4452,1990.219508
23465.535529,4693,1994.139784
2792.421153,1094,1995.131338
5912.618082,1978,1996.826417
23250.185863,4847,2000.863721
23378.915293,4853,2005.266059
21827.208874,5001,2009.440944
1599.522268,807,2010.185368
23327.128447,5001,2014.358178
23303.111172,4866,2018.749998
23513.584227,4682,2022.698632
23492.890403,4637,2026.612313
23604.698266,4436,2030.350596
23205.434155,4976,2034.83727
5666.668713,1702,2036.314576
23674.690182,4408,2040.00363
3084.889928,956,2040.8863
23359.247164,4901,2045.315975
23610.9073,4462,2049.101075
23355.545244,4882,2053.14903
2715.854409,1170,2054.182891
22880.369959,5001,2058.330084
3695.494441,1458,2059.94362
6082.648771,1766,2061.494233
19537.695228,5001,2065.685195
6500.021051,1868,2067.285967
21190.656455,5001,2071.433539
22684.022891,5001,2075.945864
4110.778618,2212,2077.819423
23432.504475,4870,2081.858438
23195.076289,4849,2085.895169
22031.792014,5001,2090.375599
21458.333517,4488,2094.115187
6060.962467,1929,2095.769337
23452.592843,4763,2099.737079
6426.561966,1853,2101.677517
14273.31328,3965,2105.018719
21678.177805,4954,2109.117033
4133.329321,1351,2110.304012
10118.84231,2556,2112.4639
3392.100759,1293,2113.616072
17222.638019,3868,2117.196141
23443.956114,4558,2121.002557
22702.551831,5001,2125.13939
7759.355641,2215,2127.020767
14749.169132,3442,2130.265038
23566.755412,4586,2134.072717
22042.932166,5001,2138.220362
23205.068996,4975,2142.34851
4180.78934,1660,2144.107311
22257.086281,5001,2148.260685
11528.211393,2855,2150.66506
23454.089113,4585,2154.473506
3184.772374,905,2155.297649
11655.15887,2753,2157.954181
23607.415813,4650,2161.865339
23513.669695,4820,2165.92572
5627.333789,1573,2167.312396
23586.721636,4526,2171.111653
23371.236256,4805,2175.453755
23691.483899,4293,2179.033235
17090.695102,4105,2182.438297
23401.262926,4834,2186.80228
23548.679074,4509,2190.561907
23766.67974,4270,2194.113749
23437.562203,4830,2198.141655
23342.475,4673,2202.394362
23503.854926,4342,2206.016981
11357.421856,2732,2208.325327
23526.033526,4398,2212.013755
23361.609759,4556,2216.152734
23419.535798,4274,2219.716698
23675.872361,4282,2223.312197
23620.547109,4316,2226.912634
23717.064304,4235,2230.825027
23668.436899,4088,2234.238085
23519.574389,4360,2237.870258
23693.013,4210,2241.386182
23347.298871,4634,2245.585518
23637.900397,4220,2249.115546
23673.042273,4008,2252.46704
23574.393266,4323,2256.427097
23723.069092,4122,2259.909371
23461.464378,4452,2263.599171
8337.594685,2099,2265.401049
23350.59599,4499,2269.124621
23449.929715,4389,2273.137735
23532.917323,4574,2276.94456
22015.891721,5001,2281.071491
23605.554087,4311,2285.002892
19576.57019,4210,2288.521251
23586.95983,4624,2292.376348
18433.593393,4191,2295.8865
23377.43233,4878,2300.276321
23372.264183,4596,2304.100297
16230.65732,3391,2306.971086
23573.057713,4532,2310.760325
23512.768368,4586,2314.935704
23443.495883,4540,2318.729703
23290.834327,4583,2322.521719
3076.66542,1594,2323.900828
23351.924803,4905,2328.32887
23507.183229,4341,2331.968325
23501.466051,4476,2335.741414
23157.711776,4991,2340.252859
23103.884575,5001,2344.386466
23445.367678,4729,2348.342057
23633.337071,4403,2352.035688
23432.399116,4674,2356.26454
23440.958079,4778,2360.190549
23365.141985,4520,2363.974724
23656.074967,4471,2367.637714
23577.217367,4634,2371.844853
23591.820396,4522,2375.623014
23627.81148,4558,2379.454618
23637.103125,4529,2383.622333
23557.83656,4448,2387.36048
23523.245457,4423,2391.069983
23668.794381,4437,2394.800613
23642.642969,4527,2398.960665
23763.1179,4144,2402.459439
23673.997962,4196,2405.965019
23503.197446,4457,2409.698173
23625.552712,4229,2413.56606
23409.587637,4785,2417.539558
23734.902168,4304,2421.165622
22923.824045,5001,2425.72402
23339.295814,4653,2429.62392
23582.254372,4287,2433.230278
19125.499611,4023,2436.597422
23742.491427,4365,2440.621317
23488.613131,4502,2444.422135
23745.431174,4264,2448.032051
23793.095628,4108,2451.471525
23394.930539,4746,2455.76093
23510.955656,4449,2459.479299
23698.31306,4314,2463.084356
23664.076979,4511,2467.222929
22296.513432,5001,2471.400081
23676.261552,4187,2474.894407
23820.655867,4102,2478.322948
23424.622067,4678,2482.597041
23718.163252,4240,2486.187817
23307.139593,4923,2490.332621
23756.241629,4138,2493.837762
23809.651937,4106,2497.654588
23871.017315,4062,2501.074161
23713.935846,4272,2504.661123
23802.063109,4044,2508.086248
14872.207114,3737,2511.625152
23728.681481,4206,2515.184091
23771.648192,4192,2518.714678
23503.070433,4453,2522.391591
23591.7423,4402,2526.426877
23852.284465,4055,2529.840083
23690.24494,4142,2533.292295
23857.121337,4098,2536.720146
23859.408967,4115,2540.533487
23711.934149,4189,2544.071971
23782.694997,4267,2547.664932
23630.076473,4409,2551.694009
23651.977411,4299,2555.30393
8068.611156,1797,2556.857283
23769.784375,4252,2560.455301
23631.75921,4257,2564.036549
23651.502497,4362,2568.05992
23567.186076,4501,2571.84474
23757.719389,4241,2575.407808
23710.62269,4343,2579.053205
23788.250072,4121,2582.869888
23744.842519,4347,2586.538547
23561.468799,4612,2590.405677
23535.508882,4538,2594.546576
23881.997395,4047,2597.954705
23334.703923,4900,2602.044841
23824.229129,4172,2605.560278
23771.80244,4015,2609.281623
23796.698038,4304,2612.891242
23831.646692,4149,2616.378836
23560.207912,4732,2620.326535
23839.047772,4170,2624.172184
19179.016503,5001,2628.347898
23789.507993,4262,2631.943911
23786.396581,4306,2635.593133
23567.210022,4578,2639.812368
23515.368859,4632,2643.699505
23651.310878,4401,2647.408185
23832.373958,4275,2651.291506
23799.123742,4210,2654.841154
23405.926409,4859,2658.910444
23204.098685,4894,2663.02221
23734.463953,4246,2666.890289
23672.172344,4206,2670.397858
23702.360517,4314,2674.054867
23358.929626,4772,2678.346142
23715.143699,4101,2681.747351
23627.079271,4386,2685.441127
23674.946043,4321,2689.07721
23848.264801,4211,2692.970246
23572.459603,4665,2696.884183
23748.691934,4306,2700.496567
23763.899463,4196,2704.021516
23807.380214,4214,2707.906543
23483.562342,4509,2711.700728
23622.19714,4434,2715.470994
23639.436849,4755,2719.498458
23703.668621,4421,2723.565458
16649.837976,3762,2726.766102
23702.474211,4219,2730.27508
23557.00602,4845,2734.26482
23683.637243,4367,2738.219962
23701.998545,4163,2741.7128
23891.657393,4006,2745.073011
23956.567099,3891,2748.328426
2848.786692,1245,2749.780752
23689.231357,4370,2753.473768
23556.991443,4630,2757.374141
23418.031186,4888,2761.438628
23853.505115,4118,2765.261801
23772.820403,4188,2768.797487
12801.461216,2856,2771.212717
23706.45748,4494,2774.998915
9409.869078,2905,2777.799645
21868.721766,5001,2781.954022
23701.9965,4377,2785.64379
23879.67289,4035,2789.053941
23592.841987,4593,2793.238166
23537.099029,4482,2796.99592
23699.625217,4354,2800.613067
23760.0682,4339,2804.229262
23496.00002,4640,2808.409718
23093.013951,4642,2812.26303
23608.36576,4624,2816.113998
23880.949703,4111,2819.888261
1513.607625,946,2820.747504
23783.685036,4318,2824.354762
23508.156123,4596,2828.182319
23505.398674,4563,2831.970111
23868.630236,3958,2835.621655
23650.286806,4610,2839.468055
23689.674592,4410,2843.131524
23594.957423,4638,2847.329854
23168.257274,5001,2851.489912
23920.909143,4075,2854.92068
23443.422802,4790,2858.900685
23942.753242,4167,2862.731355
23907.361843,4064,2866.128713
23961.025627,4051,2869.535041
23817.69016,4230,2873.091663
23904.487833,3997,2876.801597
23605.605873,4494,2880.543458
23826.798611,4131,2884.000695
24012.105862,3901,2887.282218
23375.382292,4711,2891.573835
23915.338516,4105,2895.01825
23398.41894,4937,2899.122595
24033.867905,3941,2902.450624
18616.562077,4256,2906.357813
23834.871513,4173,2909.898447
23829.609912,3864,2913.182622
24016.020725,3966,2916.569856
23971.493624,3863,2920.178531
23939.416695,4018,2923.567757
23979.711958,3999,2926.927555
24145.225851,3680,2930.04754
23765.266777,4319,2934.013013
24142.354155,3831,2937.263709
24047.361659,3981,2940.639969
23969.919627,3773,2943.854501
24056.576283,3964,2947.577764
24042.949268,3962,2950.932348
23783.578719,3915,2954.223968
23871.051922,4258,2957.792155
23958.494018,3766,2961.334479
23998.378793,3800,2964.555567
23992.678001,4116,2968.021332
23762.637297,4129,2971.515672
23870.720504,3916,2975.192198
24152.406768,3671,2978.301458
24014.595569,4091,2981.726006
24057.948796,3810,2984.913973
24111.78252,3928,2988.213308
24069.792921,3850,2991.810913
23885.297223,3970,2995.182966
23944.84842,3910,2998.448929
23686.437848,3971,3001.785239
23876.087589,3808,3005.343399
24105.127092,3743,3008.50083
24224.775708,3704,3011.644885
24057.535402,3865,3014.907578
23901.059041,3681,3018.371598
23789.384528,4246,3021.946368
23789.352285,4238,3025.532183
23981.421294,3854,3028.800615
24044.26052,3781,3032.348636
23789.420679,4232,3035.902773
23959.313686,3734,3039.074012
24072.847068,3729,3042.23822
24075.231602,3783,3045.792736
23999.507248,3734,3048.969736
24223.349806,3595,3052.054149
23958.175965,3702,3055.199143
23923.50352,3901,3058.503209
23888.700706,3955,3062.22099
24020.313491,3831,3065.493509
23385.948108,4274,3069.112687
24213.948324,3482,3072.090989
24155.05806,3526,3075.427492
23963.657183,3660,3078.524044
24080.206774,3484,3081.467203
24134.738697,3556,3084.477527
24113.434433,3591,3087.521042
24120.23233,3779,3091.102907
23946.765651,3771,3094.300265
23942.686198,3478,3097.254343
24131.123778,3395,3100.160753
24048.349549,3565,3103.548624
23855.734281,3585,3106.613742
24025.964407,3508,3109.597409
24093.321715,3539,3112.618909
24177.811972,3500,3115.581045
24234.375105,3424,3118.861894
24174.756799,3428,3121.799767
23541.997095,4057,3125.17634
24006.188274,3572,3128.192744
24006.484312,3498,3131.529026
23996.734423,3615,3134.595273
24051.16807,3647,3137.711519
24032.025072,3525,3140.723548
23971.661215,3546,3143.757247
23840.219079,3606,3147.177262
23720.65579,3678,3150.329638
24129.060896,3627,3153.430006
23933.373674,3677,3156.582915
23995.614582,3480,3159.915622
23656.629719,3830,3163.188646
23991.053154,3556,3166.208395
24161.316387,3467,3169.176034
24102.604976,3460,3172.129416
23933.946468,3530,3175.482672
24004.391075,3511,3178.471212
24045.273224,3467,3181.437866
23882.886848,3580,3184.472916
23956.216019,3415,3187.365699
24163.907499,3398,3190.612483
21460.433177,3545,3193.642038
24158.124367,3385,3196.532218
24128.103029,3308,3199.358638
24073.920489,3739,3202.83119
24029.677756,3334,3205.713128
23874.73916,3957,3209.073504
24125.596294,3472,3212.04729
23943.674645,3360,3214.926994
23839.161801,3573,3218.306478
23682.663605,3548,3221.332355
24051.187341,3362,3224.221358
24093.117172,3440,3227.161565
23940.426511,3896,3230.481788
24027.820536,3426,3233.731098
23765.86811,3532,3236.733573
24074.359366,3463,3239.705453
24083.375023,3322,3242.568389
23826.906058,3620,3246.014552
23901.086871,3285,3248.862827
23836.148094,3463,3251.836194
23419.701324,4158,3255.376891
23907.254785,3421,3258.324657
23805.727475,3607,3261.765107
24139.056269,3296,3264.642152
23784.505264,3485,3267.644656
24057.970187,3514,3270.6689
24032.963574,3365,3273.575067
24043.305242,3462,3276.851929
23743.999786,3658,3279.930306
23863.154544,3449,3282.839787
23706.095209,3446,3285.743747
24022.386865,3478,3289.036491
23848.226013,3461,3291.988785
23802.901076,3450,3294.88528
23918.840694,3343,3297.681098
24022.231659,3345,3300.49203
23766.890995,3743,3303.993437
23774.39087,3351,3306.828403
24016.202588,3510,3309.797166
23679.445314,3608,3312.840285
23873.586318,3549,3315.892989
23983.378745,3266,3319.019748
24082.863856,3348,3321.857123
23821.274957,3341,3324.673101
23832.797234,3317,3327.484701
23855.288194,3286,3330.24159
23952.076237,3313,3333.344937
23687.956896,3515,3336.254622
24016.947908,3296,3339.004611
24085.802184,3274,3341.7358
24045.840048,3498,3344.643272
23928.056555,3485,3347.889456
23620.119387,3556,3350.832745
23984.699297,3250,3353.563298
23787.618275,3366,3356.379423
24099.802917,3485,3359.628154
24094.335747,3346,3362.458172
23769.270082,3306,3365.240831
23806.446259,3211,3367.916765
23793.457675,3326,3370.683528
23541.809298,3326,3373.807061
24155.976686,3259,3376.558674
23896.520084,3282,3379.329818
23765.987681,3454,3382.197614
23984.065782,3276,3384.986653
23888.795943,3394,3388.169064
23868.348801,3317,3390.950005
23831.557985,3273,3393.725804
23824.835066,3250,3396.477915
23793.451709,3473,3399.413091
24065.671873,3163,3402.4396
24076.326487,3231,3405.200401
23779.755849,3256,3407.957956
23597.720786,3364,3410.775054
23899.12899,3225,3413.497649
23773.753979,3394,3416.720213
23471.491883,3551,3419.73042
23872.051479,3470,3422.659683
24065.411485,3158,3425.297434
19509.877778,4073,3428.701806
23698.465892,3296,3431.850596
23886.502364,3201,3434.545214
23730.234593,3209,3437.246427
23838.621715,3253,3439.975908
18469.984594,3057,3442.555567
23954.594889,3250,3445.657313
23637.001353,3309,3448.455144
23879.509491,3249,3451.218185
23730.008132,3255,3453.964762
23639.785199,3314,3456.753384
23655.894825,3144,3459.74072
24074.893893,3013,3462.325129
24049.517466,3021,3464.912479
23273.810988,3495,3467.859435
23241.166251,3936,3471.168995
23493.058361,3539,3474.492514
23740.313702,3200,3477.190118
23891.5931,3220,3479.929334
24050.865452,3064,3482.530539
23893.32524,3191,3485.241727
23547.066145,3179,3488.300642
23517.455158,3706,3491.445952
23439.424784,3957,3494.776441
22483.437518,4661,3498.664384
23629.714613,3171,3501.736963
23471.953659,3895,3505.063855
23582.22497,3139,3507.733715
23867.915955,3177,3510.422142
23673.59021,3074,3512.978417
23860.590516,3139,3515.925231
23501.65674,3242,3518.615149
16422.602494,3615,3521.603776
23879.615836,3037,3524.149141
23940.200689,3160,3526.785099
23802.540705,3247,3529.850335
23885.788966,3104,3532.472613
23828.528443,3083,3535.088724
24111.312904,3146,3537.75821
23582.404436,3220,3540.462925
23356.2134,3634,3543.836875
23549.151946,3247,3546.575511
23747.201541,3082,3549.158479
23553.287022,3154,3551.813385
23588.053648,3151,3554.464649
23496.523655,3134,3557.098706
23536.738458,3171,3560.166224
23616.590744,3461,3563.108922
23324.563503,3275,3565.928176
23622.46642,3080,3568.520395
23401.920629,3348,3571.324888
23119.253256,3971,3575.024966
23329.2626,3420,3577.90385
23881.441783,3040,3580.490298
23751.844419,3206,3583.218364
23653.858769,3082,3586.165505
23553.0578,3231,3588.910633
23462.049302,3159,3591.610991
23668.814729,3241,3594.344464
23452.04045,3146,3597.018639
23697.292387,3045,3599.613322
21026.660897,3127,3602.621156
23679.364194,3088,3605.224875
23725.023089,3166,3607.917882
23418.920645,3133,3610.571808
23459.562497,3214,3613.277271
23463.597726,3184,3616.295908
23527.86944,3168,3619.011195
23257.243977,3217,3621.749636
23398.876102,3100,3624.357702
23655.963813,2949,3626.856724
23280.187682,3111,3629.838725
23507.528045,3106,3632.465031
23529.791861,2999,3635.020226
23483.774436,3054,3637.598904
23389.01482,3332,3640.409282
23361.579487,3079,3643.392732
23222.553747,3313,3646.200498
23186.148928,3272,3648.965915
23406.523419,3258,3651.724271
23265.624199,3283,3654.511745
23389.422134,3075,3657.494226
23349.489731,3144,3660.173399
15993.433115,2925,3662.663559
23265.690361,3184,3665.359818
22533.704304,3544,3668.371994
23182.730018,3038,3670.964801
23300.059793,3198,3674.044034
23112.006755,3377,3676.931359
23172.628804,3232,3679.66371
22890.375382,3270,3682.419109
23178.380132,3342,3685.239626
23303.550984,3146,3688.247663
23056.529709,3108,3690.875673
23316.240985,3102,3693.497901
23255.465514,3220,3696.218762
23220.155887,3147,3698.876342
23388.868807,2960,3701.723815
23112.441076,3300,3704.507165
22912.882771,3278,3707.27603
23108.970749,3139,3709.930914
22836.228885,3338,3712.728548
23179.94206,3184,3715.752829
22933.697162,3277,3718.495028
22884.063465,3164,3721.149992
23091.693276,3148,3723.798127
23453.10127,3086,3726.391034
22883.592023,3100,3729.342844
23102.156984,3155,3731.979606
12404.141474,2407,3734.020376
22911.434593,3326,3736.803979
18677.314427,2782,3739.131627
22982.601608,3090,3741.710652
22900.342622,3193,3744.723173
22744.256547,3320,3747.507005
23100.887098,3199,3750.173563
23025.520634,3066,3752.734641
23221.465372,3254,3755.435007
22464.06012,3636,3758.770603
23284.784837,2960,3761.247017
22789.984278,3117,3763.858113
22452.812964,3494,3766.756245
22832.963949,3178,3769.41299
22581.725945,3203,3772.464475
22663.094132,3133,3775.095508
22901.765408,3099,3777.709202
22945.307466,3029,3780.266333
22624.590669,3205,3782.974593
22501.425352,3876,3786.577104
22992.36017,3110,3789.204405
22655.194046,3178,3791.900768
22747.39627,3180,3794.601648
22624.053765,3137,3797.268806
22732.120168,3206,3800.312373
23011.333401,3107,3802.92041
22550.800654,3247,3805.672061
22958.282955,3184,3808.355451
23018.833901,3056,3810.93992
23001.574091,3235,3814.007243
22710.352934,3407,3816.86046
22934.758901,3014,3819.401986
22783.429478,3197,3822.083897
22766.514462,3224,3824.805578
22404.289994,3095,3827.756086
22950.415218,3058,3830.357673
22647.772239,3124,3833.008465
22392.395816,3389,3835.864271
21939.800858,3715,3838.969479
22869.7524,3306,3842.082214
22650.078464,3117,3844.706254
22325.732112,3355,3847.517371
22516.550229,3218,3850.211347
22371.47064,3338,3853.013696
21613.234581,3591,3856.35623
22263.564864,3175,3859.031193
22554.527823,3243,3861.754062
22300.214006,3336,3864.560867
22538.837557,3083,3867.179026
22224.288902,3514,3870.49208
22481.33387,3168,3873.165824
22177.08737,3048,3875.791302
22136.019663,3604,3878.834981
22536.980304,3154,3881.511603
22467.056142,3177,3884.543312
22533.887478,3372,3887.36518
21991.018222,3475,3890.278006
22393.754491,3119,3892.895292
22341.854649,3252,3895.624146
22418.78176,3217,3898.659205
22484.134381,3280,3901.410954
5706.397443,1536,3902.747261
22298.879994,3289,3905.515285
22081.415793,3529,3908.463271
22217.929259,3245,3911.199223
22454.038694,2984,3914.062462
21787.327805,3466,3916.963704
22394.616058,3430,3919.849776
22487.079656,3327,3922.628792
22562.968597,3235,3925.348001
21880.62984,3344,3928.492728
22335.424405,3437,3931.379201
22129.255114,3318,3934.177457
22305.09611,3236,3936.902075
21833.23487,3632,3940.296929
22252.671055,3245,3943.039618
22298.307531,3214,3945.758229
22476.000468,3040,3948.323536
22220.318607,3109,3950.949626
22486.201646,3430,3954.168997
22571.091224,3222,3956.891635
22007.385359,3133,3959.539882
22110.304355,3400,3962.412049
21972.302416,3338,3965.232335
22067.553233,3358,3968.40112
21732.091055,3460,3971.318366
22476.963952,3445,3974.240756
22047.267851,3785,3977.417242
22295.961388,3370,3980.26423
22121.1488,3489,3983.539736
22402.312249,3268,3986.303566
21962.469164,3442,3989.210225
22437.728745,3191,3991.900829
22357.878207,3286,3994.65241
22640.112741,3149,3997.639043
22421.630402,3156,4000.300524
21960.050331,3462,4003.213946
22105.816382,3555,4006.207465
22156.462764,3216,4008.918162
22596.193028,3272,4012.01163
22323.847068,3222,4014.726402
22432.224129,3732,4017.867404
21932.988494,3332,4020.666988
22547.001534,3323,4023.476636
21636.238874,3591,4026.84335
22656.405988,3270,4029.608839
22752.393259,3297,4032.399741
22719.294795,3408,4035.289048
21944.363432,3789,4038.487341
22272.910242,3510,4041.773997
21331.744175,4931,4045.855623
22165.897778,3613,4048.893212
22959.335045,3211,4051.625243
22021.594497,3762,4055.160986
22008.324972,4025,4058.536061
22204.695542,3636,4061.609964
22079.614758,3772,4064.778911
22298.207547,3567,4068.145228
22734.566871,3418,4071.080887
21038.535065,4190,4074.604816
22029.638,3880,4077.887267
22224.92916,3573,4080.910818
22219.092966,3587,4084.283645
22375.936706,3845,4087.534268
21958.961929,3661,4090.624605
22500.724578,3538,4093.613912
21813.250818,3590,4096.978184
21835.744548,3751,4100.110317
21827.259376,3708,4103.203493
22175.102158,3593,4106.206612
22017.621612,3682,4109.270018
22454.74456,3363,4112.455604
21918.920145,3715,4115.593936
22273.357157,3494,4118.552682
20919.174548,4291,4122.156449
22531.057725,3593,4125.522067
21798.056639,3827,4128.771321
21928.544722,3711,4131.907413
22167.22887,3566,4134.899385
13174.510122,3310,4137.678176
22067.788834,3594,4141.082938
22087.403588,3525,4144.044715
22104.818918,3550,4147.043849
22489.610055,3430,4149.932159
22321.008578,3460,4153.172535
21732.035555,3808,4156.376
22502.06708,3556,4159.393893
21726.375605,3740,4162.52488
20204.458378,4761,4166.896334
21168.157536,4455,4170.63699
22051.328626,3609,4173.694113
21960.554929,3700,4176.854807
21887.88878,3669,4179.939898
22398.641294,3514,4183.250643
21951.850019,3371,4186.109786
22237.266374,3502,4189.083323
21697.191531,3554,4192.100062
21907.551152,3616,4195.501739
6058.960954,1718,4196.997008
22213.291464,3851,4200.225026
22183.636757,3681,4203.335381
22459.895643,3551,4206.342842
21197.233393,4476,4210.42817
22461.980216,3573,4213.45007
1871.214396,1315,4214.612876
21271.433107,3990,4217.969945
22139.107817,3320,4220.79099
22389.155758,3467,4224.068113
22254.015969,3558,4227.104289
21884.489474,3489,4230.049011
22320.631524,3558,4233.041558
21654.723468,3666,4236.12099
21717.851085,4013,4239.860085
22072.954552,3581,4242.918608
22183.761219,3694,4246.061092
21820.859257,3810,4249.306302
22265.230108,3664,4252.776613
22096.175095,3597,4255.82999
21807.487715,3725,4258.987479
22045.686677,3686,4262.104714
22655.583167,3263,4264.896665
14302.107857,3092,4267.894072
22419.808477,3494,4270.891742
22637.857148,3238,4273.662721
22871.235672,3173,4276.390252
22059.608417,3989,4279.783773
22831.030449,3187,4282.819358
22635.524108,3459,4285.746945
21988.889336,3868,4288.980184
22494.234729,3460,4291.898215
22293.090023,3454,4295.2061
22101.685537,3785,4298.3911
22617.30355,3330,4301.21957
22362.806154,3596,4304.256132
22883.448791,3281,4307.068196
22248.671628,3410,4310.322745
22664.487476,3221,4313.066177
22515.190941,3384,4315.931196
21519.715515,3892,4319.207341
22117.093767,3404,4322.087874
22061.089599,3716,4325.572566
22365.352363,3640,4328.669559
21367.968875,3661,4331.770865
21922.753192,3760,4334.96398
21412.788207,3481,4338.246538
22110.184446,3701,4341.351728
22295.47392,3294,4344.137823
21114.637496,4326,4347.769132
22782.317362,3136,4350.453126
22218.047806,3633,4353.879525
23101.030484,3219,4356.623769
22467.402848,3435,4359.552041
23587.868188,2986,4362.123473
21665.944987,3516,4365.147551
23350.530437,3091,4368.128674
22086.547917,3780,4371.341167
23029.409198,3246,4374.135194
22836.451521,3318,4376.991528
