#{"t_start": 1697910546.072652, "env_id": "fullEnv-v0"}
r,l,t
-3291.382877,1317,2.281209
-3994.211675,1041,3.678805
-3503.472499,603,4.571022
-3804.77249,1601,6.684453
-3949.079143,1606,8.813098
-3276.497955,1866,11.228312
-3822.420556,1314,12.990284
-4075.699052,2010,15.596815
-1661.962677,1596,17.690368
-2542.369351,1168,19.252157
-4030.127014,1793,21.561674
-3457.813211,2108,24.666389
-3956.434815,1303,26.417394
-4007.897789,1501,28.420526
-3929.898334,1978,30.994965
-2942.178016,1775,33.311028
-2545.261839,865,34.522822
-5808.304449,7681,44.487436
-4317.135344,2353,47.567495
-3599.205512,1023,48.974633
-4205.556705,2309,51.98721
-2840.365087,2354,55.028503
-3884.75159,1230,56.691428
-1697.591333,605,57.572691
-3554.110525,904,58.829244
-4852.132065,3141,62.853074
-2411.230017,1163,64.428668
-2055.210995,923,65.687843
-3957.889808,1432,67.956016
-3729.052148,1938,70.479933
-3907.630759,2121,73.240975
-3261.352539,1423,75.130768
-3737.234583,1073,76.5822
-5326.994053,4879,82.775439
-3811.314604,1516,84.774598
-4557.213617,2753,88.698912
-1911.15149,814,89.850498
-2438.316524,698,90.836354
-2811.485701,1431,92.771535
-3775.922844,1682,95.013894
-3698.092313,1718,97.28694
-791.865483,2819,100.929339
-4645.532853,7226,110.455259
-7008.737244,7516,119.963491
-3165.862365,10001,132.928862
579.036265,3281,137.167752
-3578.690721,836,138.324658
-5130.787455,5159,144.914385
-3332.717336,826,146.05712
-2842.756416,2210,148.955315
-2214.333081,532,149.739701
-3754.438491,810,150.869735
576.581507,4293,156.800889
-4746.324776,3066,160.729032
-2237.352007,1390,162.554988
-3551.702848,2363,165.630959
1333.973542,2379,168.737739
-4991.528154,2702,172.207798
-3890.726313,3684,177.302566
-6344.776424,9727,189.741469
-267.761709,835,190.896308
-121.1872,1592,193.033931
-1176.815657,1487,195.01083
1325.45714,4081,200.66159
-448.105407,4154,206.023525
42.646559,5849,213.530904
-150.504729,4999,220.283964
1371.494731,4259,225.749746
-414.426342,4094,230.940186
-640.517134,3337,235.243449
1312.347845,2661,239.072063
-7483.864404,10001,251.703847
-403.198714,3348,256.032957
1969.242419,3145,260.467683
-378.268021,1383,262.287765
1838.122445,1691,264.535483
2462.93292,1827,266.94548
1935.728729,1488,268.947339
1852.87633,2002,271.602666
598.843115,2281,274.577291
1788.502806,2595,277.97867
442.296351,1687,280.204613
909.613725,4520,286.332569
2291.000293,2339,289.38476
2633.686983,2819,293.011652
1039.227379,1835,295.427274
-1228.624125,329,295.949033
-151.150151,2824,299.606966
354.632278,2408,302.755858
2663.19554,1937,305.656101
791.065191,6085,313.446335
2504.634267,2124,316.247482
1074.489288,4798,322.434435
2339.193426,3523,327.319305
3305.547198,2512,330.575471
2909.207561,1842,333.008116
3016.862271,2244,335.942956
3964.234022,1594,338.035009
1624.184971,2529,341.329287
2078.837418,2736,344.882151
3251.68619,2630,348.636339
-1833.436322,627,349.525345
-3219.533635,850,350.687965
2843.100538,1924,353.219404
2621.934614,1561,355.318316
3345.146768,2765,358.900179
3093.362074,2855,362.587966
-2606.651367,1802,364.945541
2824.687378,1508,366.967334
3434.633499,2989,371.197976
2587.27382,1980,373.769123
-1048.073497,562,374.588467
4209.727605,1827,376.987489
2673.694137,1802,379.375791
-133.165449,1954,381.939017
5156.481108,3217,386.075639
4455.70505,2870,390.121758
2893.952438,2474,393.336602
3904.050817,1795,395.696863
987.46493,1383,397.554654
3242.926582,3238,401.754601
2546.66793,1716,404.055208
3252.030618,1833,406.489632
3629.745973,2135,409.266514
3430.603883,1760,411.610988
3542.910613,1549,414.011507
1641.692646,1614,416.152987
2705.466537,1771,418.485813
3749.571913,1716,420.74522
2900.695624,1962,423.315241
3450.671971,1415,425.198673
3474.901941,2157,428.007455
3749.356221,2175,430.836056
3789.839876,1981,433.415497
2495.735216,2190,436.649253
4742.316749,2305,439.665577
3361.215077,1846,442.103968
2968.434697,2199,444.978487
1324.255924,2232,447.893388
6399.290579,2912,451.668803
3987.974164,2220,454.555768
4774.123289,2724,458.463712
5414.783653,2949,462.259325
-677.511629,866,463.434226
4461.390932,2068,466.113849
2820.609219,2136,468.910215
2293.300089,2712,472.447531
3780.467437,2002,475.077407
4852.688081,1861,477.886776
3367.71355,1968,480.461842
5231.749258,2497,483.672456
3081.120678,2118,486.451916
3715.680298,1799,488.801147
3515.354432,2062,491.507583
4129.813533,2039,494.159716
2473.494486,2340,497.234636
2741.162301,3317,501.84936
3324.413906,1766,504.177082
4488.342352,3110,508.19207
2159.410784,1705,510.445859
782.656113,1466,512.394531
1536.554078,2130,515.182639
3149.236272,2046,517.85535
3348.676819,2398,521.356618
1146.129438,1301,523.116862
3599.547664,2176,525.964105
3344.355457,1798,528.328907
4178.854309,1790,530.660122
2564.263582,1400,532.532247
3891.067741,2842,536.218692
12364.735566,4390,541.770455
3430.590706,1475,544.069046
3337.586833,1827,546.47929
9270.416308,3988,551.553261
3638.985571,2198,554.397944
3664.606681,2034,557.053005
4409.459173,2601,560.401866
3400.283095,1708,562.665887
3131.713661,1528,565.044353
3026.967295,2308,568.069687
3556.531866,2024,570.716788
3079.991382,1665,572.937757
3378.338711,2012,575.597745
2209.316086,2081,578.328626
2033.992393,1842,580.737132
3771.287165,1992,583.374785
4513.879463,2292,586.708263
2560.913898,1543,588.75129
4706.086026,2252,591.667489
6510.58672,2954,595.478367
1249.850803,1002,596.853091
3685.727693,1658,599.039784
3903.740461,2279,601.973833
2154.007324,1159,603.521284
3378.778408,1669,605.710157
3376.812251,1490,608.035035
3234.567211,2187,610.866647
6429.005207,2999,614.710619
3236.416383,1537,616.754283
2285.046518,1391,618.604485
5386.536106,2455,621.800416
7511.836656,3322,626.074584
4039.109189,1916,628.589955
4182.465344,2203,631.821422
4465.928006,1841,634.239446
3319.82886,1872,636.694241
1958.635551,2497,639.951852
2846.178551,1478,641.907904
3401.571348,2532,645.204181
4521.35381,2361,648.28298
3769.091665,2368,651.724897
2891.132861,2488,654.996845
4767.306984,2623,658.384756
2945.238122,1734,660.677339
2049.463848,902,661.92011
4646.724906,1945,664.466911
3169.326714,2397,667.592926
-757.056077,836,668.751471
4124.898565,2456,671.931486
3386.445169,1726,674.552604
3443.024561,1191,676.154495
2917.521115,1766,678.490673
3022.383152,1785,680.827621
3188.91939,1448,682.739122
3324.340591,2348,685.773679
477.349803,1312,687.538739
3332.004815,1634,689.696521
4569.775454,2219,692.566065
4983.725513,2040,695.537506
3193.437698,1655,697.745854
3861.73929,1991,700.342916
410.706426,991,701.688736
3472.060349,1886,704.16896
3492.225294,1511,706.184189
3709.297992,1965,708.770516
-593.546178,636,709.682492
4087.238461,1995,712.278052
1914.162352,1962,714.870007
4479.175975,2032,717.903521
3228.252224,1628,720.04878
1752.823811,2139,722.854948
3436.284042,1884,725.322591
2637.553889,2215,728.218837
5073.929715,2152,731.002445
3999.166857,2743,734.553707
3698.407821,1916,737.070609
3379.310514,1792,739.811472
3030.748519,1404,741.715935
3428.11863,1962,744.328318
3030.752641,1921,746.860097
5043.812457,1981,749.467411
5026.788514,2003,752.087612
2921.151898,1508,754.102431
3788.026918,1741,756.39661
2934.123598,1565,758.484844
2720.796286,1351,760.305364
1869.243657,1202,762.300468
3588.684427,1764,764.639005
4735.577611,2591,767.994465
2214.663443,1376,769.842945
3673.419079,1951,772.413213
3149.130463,1712,774.68997
6217.99998,2653,778.107109
3241.172531,2001,780.743541
3008.957737,2020,783.787356
6053.050705,3414,788.160939
1481.999624,1270,789.8835
3194.209352,1416,791.760185
4642.819446,2095,794.479532
7062.535953,3389,798.804831
4684.290659,1800,801.15716
2792.300478,2171,804.041008
4010.223641,1748,806.674062
5290.401619,2528,809.915315
2635.059088,1192,811.515678
2959.753049,1993,814.129787
3016.976661,1926,816.627669
3179.337984,1773,818.953653
3310.376745,2009,821.590424
1451.287719,2529,824.861038
3849.197111,1759,827.542879
1490.623152,2163,830.462983
3024.86277,1890,832.965316
2041.478762,1052,834.423301
3084.412103,1455,836.375051
3994.780908,1865,838.842378
3585.104786,1368,840.693759
-3005.766826,2596,844.093047
2481.197467,4851,850.708633
4823.910684,2396,853.797633
11449.252545,4319,859.261485
2257.43942,1541,861.289378
3569.240196,1851,863.736765
2792.835193,1841,866.151535
7866.004124,3132,870.513901
6599.663882,3045,874.444186
2526.786769,2415,877.622966
8251.127038,4192,882.989506
-46.603907,754,884.059802
-435.840118,6695,893.01671
9167.22978,4035,898.128692
1957.505097,1134,899.673477
7367.814779,3818,904.677634
6628.953046,2946,908.458318
2608.449038,1694,910.701954
3258.576966,1542,912.743734
2894.43244,1666,915.307011
12505.702227,5012,921.64916
1009.192495,1102,923.137579
3812.094537,2103,925.910783
3546.193665,1795,928.270096
2320.992798,1617,930.414999
4338.459207,2302,933.419965
3198.102636,2072,936.516953
3720.188296,1982,939.109831
3051.309444,1831,941.557034
-2271.570406,9349,953.469753
4786.929956,2492,957.05816
11845.261117,4200,962.4015
6761.494657,3446,966.817475
2798.501824,1477,968.792904
4227.325518,2058,971.516128
3455.146622,1883,973.987354
2009.279844,912,975.245633
3556.675484,1886,977.707116
2117.182394,1317,979.857816
3460.293078,1820,982.263388
3279.425808,1992,984.836916
3269.413653,1919,987.380234
2700.42261,1669,989.57917
2194.804181,1559,991.634714
5253.219303,2736,995.176805
3551.393426,1824,997.573026
3907.91295,1994,1000.526376
3892.194691,1958,1003.076272
3467.115448,2600,1006.43139
3926.741924,2076,1009.130788
2355.612467,1663,1011.3295
3386.263897,1858,1013.755442
3833.438805,2123,1016.541692
10743.824914,3453,1020.976115
2955.341145,1901,1023.837599
3904.723615,1759,1026.151128
3795.014565,2439,1029.283028
1962.087972,972,1030.60428
3096.79987,1513,1032.602875
2478.04756,874,1033.803735
4003.450771,2265,1036.767492
6175.493015,3077,1040.68766
4456.888049,2309,1044.046617
3296.264904,1362,1045.870641
4465.744324,2486,1049.099764
3244.832775,1868,1051.555436
1649.043491,753,1052.597852
3473.131282,1840,1055.014393
1785.669697,1391,1056.876366
3654.731822,1600,1058.971735
4144.18634,2074,1061.678087
3042.675776,1923,1064.203832
3666.743751,1908,1067.083277
3460.212993,2208,1069.938123
4806.612232,2194,1072.799011
2544.42235,964,1074.106883
3384.90066,1953,1076.654805
2776.983797,1861,1079.079844
7675.031138,2973,1082.890724
11677.113366,3796,1088.107944
2419.011423,1291,1089.807765
7937.640919,3272,1094.012964
3971.878477,1990,1096.618941
10496.988802,5037,1103.019809
3108.371345,1861,1105.470512
1293.548759,993,1106.810364
5234.527498,2512,1110.440337
2619.189261,1455,1112.387415
4982.512936,2106,1115.132957
5142.055601,2026,1117.755476
5089.837421,2518,1121.014614
3617.113101,2095,1123.756426
5423.942352,2651,1127.208915
3387.609185,1868,1129.676828
2655.614791,1104,1131.557039
1781.19422,882,1132.758891
3806.131502,2134,1135.559266
4602.37136,2861,1139.294068
4163.092395,2241,1142.247236
8880.953197,3152,1146.36301
7003.296422,3309,1150.667622
4291.673112,2205,1153.9108
5870.813725,2620,1157.29914
3017.255055,1765,1159.646649
5715.59836,2760,1163.195899
2801.534889,2743,1166.747177
3090.60413,1917,1169.229766
4050.075178,1922,1171.729024
1777.685447,787,1172.800627
2137.725364,1415,1175.04361
4684.728243,2414,1178.213172
134.736346,2206,1181.139261
1895.126081,1112,1182.647431
2007.627865,1023,1184.040648
5428.709822,2646,1187.490915
4002.955141,2480,1190.727751
5112.913203,2243,1193.653343
3563.573248,1781,1196.373979
7255.674903,3147,1200.387708
2491.3793,1104,1201.880614
4327.21652,2492,1205.09598
8206.146753,3553,1209.6351
3065.607782,1917,1212.127415
783.783237,864,1213.300017
3604.106381,2144,1216.072579
4302.924629,2592,1219.783303
16292.681395,6539,1228.037316
1583.225012,1016,1229.414948
3952.040434,1884,1231.908613
3167.346652,2054,1234.628049
2289.219464,897,1235.851195
6049.020969,2882,1239.922809
3714.138355,2038,1242.58378
3541.08622,2200,1245.432121
2892.401715,2196,1248.262607
3816.276274,2221,1251.155637
3397.862013,3231,1255.299975
5279.581515,2716,1258.798532
2373.876903,952,1260.114199
2484.160318,1371,1262.268177
5538.813284,2702,1265.776099
3459.392664,1882,1268.234404
3445.278733,1792,1270.593821
2342.694771,1280,1272.30009
5862.841673,2652,1275.746417
2384.012217,920,1277.020563
2492.789976,1264,1278.718405
2999.480758,1636,1280.884269
7453.120029,2710,1284.754272
2816.375422,1985,1287.347624
10562.954445,3998,1292.466705
2980.431436,2566,1295.784961
7387.187541,3031,1299.68113
2396.725029,1484,1301.631865
7344.428425,3133,1306.037272
2736.074077,1370,1307.862472
3230.950714,2022,1310.515785
2524.070823,1166,1312.072242
2411.287275,1203,1313.699158
2428.089999,1125,1315.218042
2843.593194,1760,1317.516551
4956.791773,2652,1320.958499
3902.636798,2159,1323.77313
2157.071535,943,1325.051446
6762.452483,2756,1328.952457
1944.703729,840,1330.09717
4023.573938,2182,1332.933781
1527.080282,924,1334.178293
3251.209545,1468,1336.120767
8957.357148,3673,1340.793579
1773.036116,885,1341.992869
4728.973431,1908,1344.483482
6296.981012,2736,1348.367453
1623.286199,815,1349.502728
2172.608967,1627,1351.657687
2403.569673,1073,1353.116538
8772.343807,2994,1357.012401
2451.356968,1088,1358.475374
6559.04952,2434,1361.640073
2215.510754,878,1362.854783
7126.032324,2766,1366.469433
3345.948047,1773,1368.817981
3493.576983,1910,1371.715312
3508.649246,1731,1373.978234
27172.162049,7392,1383.175673
3313.746156,2579,1386.52936
3429.923342,1944,1389.06857
2542.840359,1861,1391.887173
2261.634712,1336,1393.662162
6353.893305,2527,1396.971233
7511.856463,3020,1400.902136
3809.683447,2114,1403.666228
2467.140775,1222,1405.306272
1581.810772,855,1406.487938
4580.255037,2235,1409.425048
4883.429828,2319,1412.471168
3016.632417,1687,1415.077264
3918.836454,2993,1418.954683
13195.478421,5139,1425.565094
2108.140604,863,1426.76196
7074.029337,3787,1431.633201
7549.92692,3175,1436.119134
2812.414118,1986,1438.702963
3204.098607,2012,1441.415764
4606.345949,2336,1444.473895
5815.799576,2440,1447.689838
7238.361006,3113,1451.764661
3866.335921,2393,1454.899734
5636.180315,2210,1458.148922
3323.123825,2384,1461.266383
2670.484681,1338,1463.045031
2565.074569,834,1464.197574
5014.612118,2165,1467.060871
5464.373421,2404,1470.208979
2019.120756,983,1471.550695
1471.096721,1061,1472.982723
10420.165298,4242,1478.822928
2846.322162,1205,1480.494263
1906.08724,887,1481.717078
4779.562183,2235,1484.682837
6624.500665,2937,1488.529837
4586.63236,2258,1491.507444
3471.561124,1693,1493.732776
3149.940589,1294,1495.472386
6333.512131,2303,1498.501785
7620.439025,2415,1502.077164
2202.088266,1800,1504.420661
4485.371415,2416,1507.579388
3256.641795,1776,1509.90368
12691.094431,4540,1515.789826
5931.411914,2532,1519.101328
4138.583238,1794,1521.483633
9180.12905,3571,1526.440809
2072.055786,1289,1528.204726
3345.274485,1856,1530.655012
13068.621377,4225,1536.14736
10739.238321,3447,1540.573722
5952.204015,2878,1544.684328
4617.117803,2391,1547.79466
2927.239126,1149,1549.336911
2664.817013,1748,1551.630869
2229.622436,1919,1554.136833
9284.03454,3659,1558.830109
2790.863123,1092,1560.29134
12112.247854,4085,1565.86908
21711.645668,6004,1573.563058
3844.9273,2110,1576.325463
2162.412052,1056,1577.766797
2178.873329,1006,1579.140132
1771.357839,761,1580.207875
3687.37546,1903,1582.705542
3111.176648,1546,1584.747088
3214.309376,1780,1587.111292
4263.035967,2012,1590.12127
3033.058973,1359,1591.958719
6783.107476,3441,1596.450082
4311.968162,2091,1599.168828
3569.442389,1319,1600.939464
3151.328948,1388,1602.774976
26258.519111,6482,1611.327935
1860.811818,905,1612.569889
3571.762944,2251,1615.521109
3644.996147,1866,1618.003665
2641.166074,1170,1619.611904
16589.87209,5357,1626.492494
5403.401756,3058,1630.467465
6025.468652,2641,1634.283368
3624.819368,1964,1636.854725
2423.436955,1303,1638.636613
15624.116047,5199,1645.19703
3254.15876,1624,1647.329741
14281.054234,4694,1653.733706
3077.973027,2221,1656.655018
13631.438244,3820,1661.568752
3429.526431,1683,1663.78013
3552.994846,1755,1666.102175
2736.376403,1436,1668.008421
3687.816799,2779,1671.640627
2769.048582,1673,1673.849341
24664.404859,7071,1683.105583
7346.70828,3504,1687.671833
3162.890158,2023,1690.313747
5203.74911,2353,1693.37334
12996.660472,4417,1699.474835
7378.535044,2867,1703.230211
7002.006976,3076,1707.260599
11068.453304,4279,1712.83036
12496.739758,5235,1719.825044
11316.872921,3870,1724.771442
2777.265111,1074,1726.227173
4782.100073,2138,1729.00893
10140.89133,3096,1733.033593
1352.518776,1582,1735.140124
3418.085626,1614,1737.260684
3398.29415,1863,1740.091573
13228.088483,3829,1745.057998
2884.515191,927,1746.35237
2282.137893,823,1747.505704
6541.245138,3050,1751.442845
3676.657031,2076,1754.170493
2783.213039,1003,1755.572586
33161.435204,8937,1767.190546
3777.904866,2177,1770.025748
11982.940697,4469,1775.730983
10023.894864,3352,1780.079603
9665.851706,3262,1784.685383
33350.28504,7609,1794.208961
7492.195812,2903,1797.986652
4294.019706,2436,1801.176398
4560.252599,2183,1804.408873
3231.785763,2394,1807.530813
3244.878403,1909,1810.078825
3358.103892,1827,1812.477403
4525.916862,2112,1815.23258
3452.845305,1953,1817.79934
9875.594602,4123,1823.033106
1950.439978,793,1824.126649
10785.288162,3772,1829.394679
3786.742709,2000,1832.005538
31918.689449,7309,1841.207942
2131.057789,940,1842.48977
21259.416499,5777,1850.105265
20226.065231,6479,1858.403741
15075.485986,5518,1865.397483
4187.479767,1739,1868.066936
6470.886037,3308,1872.315853
2643.707511,1009,1873.705656
6550.911087,2600,1877.11017
10929.934734,3911,1882.157544
5318.513676,2422,1885.301685
3274.247562,1705,1887.56804
3483.226724,1695,1890.1403
6397.287283,3020,1894.047256
24992.294559,6686,1902.435607
27474.885386,7840,1912.627846
35377.776531,7787,1922.349178
9816.043609,3127,1926.398361
2904.537701,2516,1929.699098
3250.480507,1430,1931.939327
3091.887468,1790,1934.293345
3352.627094,1533,1936.324052
4318.20259,2435,1939.473813
30985.380889,8486,1950.114074
8712.828292,3953,1955.551569
12382.457451,4286,1960.983596
5005.504414,2591,1964.362094
3352.672131,1572,1966.449176
3473.403712,1176,1968.045034
3336.113176,1889,1970.522944
4673.137814,2130,1973.307413
3718.537256,1874,1976.124555
2425.500359,1563,1978.202878
3902.171143,1439,1980.103729
36466.901403,8084,1990.122188
4402.432237,2596,1993.516261
2885.6456,2139,1996.671334
36045.570397,7898,2006.670918
10071.530682,3441,2011.156292
3094.987414,1360,2012.975302
42676.51944,8633,2024.123435
36906.725138,8784,2035.053964
5293.858234,2490,2038.639283
8722.385372,3695,2043.423487
3171.820192,1205,2045.063095
26636.456275,6421,2053.120033
3208.770427,1375,2054.975501
14069.186022,4963,2061.673597
2789.967976,952,2062.9862
10110.673508,3507,2067.510018
6094.421364,2538,2070.814257
34717.862995,8359,2081.753208
2885.300575,1573,2083.851936
3575.77402,1173,2085.450999
3909.492589,1857,2087.900138
40298.242402,9386,2099.653423
3695.458232,2384,2103.177463
2689.841619,1649,2105.346634
14032.189614,4493,2111.09506
3059.366848,1505,2113.116083
7838.513184,4481,2118.789879
3622.117958,1207,2120.437258
31778.536303,8755,2131.806509
5309.312924,2894,2135.572765
34763.959832,7962,2145.998912
3073.230663,1381,2147.840614
3499.554068,1650,2150.013122
19686.832069,6008,2157.70867
3675.22606,1403,2159.578701
2719.633795,1278,2161.286489
4203.174067,2259,2164.258047
19357.611726,5132,2171.276758
3675.81192,2000,2173.908564
2518.99032,2535,2177.223322
32963.042445,7589,2186.745733
3283.913414,1182,2188.716305
3410.182813,1881,2191.18325
27568.81193,6431,2199.208875
4078.268727,1966,2201.797484
29908.649984,5961,2209.648578
3007.683415,1510,2211.678073
3695.394045,2116,2214.491076
16182.181523,5329,2221.28268
6930.120554,2945,2225.090117
3784.275023,2183,2227.944407
6908.344763,3748,2233.062706
30749.517624,9525,2244.93792
3709.103914,2072,2247.674729
12262.326528,4319,2253.624748
31138.368673,8179,2263.925913
2409.348578,1416,2265.84105
13287.24492,4047,2271.067909
3427.933494,1763,2273.739484
3308.606623,2152,2276.55672
2643.531467,1206,2278.162923
3389.983995,1961,2280.744522
4106.762611,2253,2283.698048
3677.545426,2199,2286.563913
4060.75071,3001,2290.452747
4001.834624,1567,2292.531043
4964.54951,1884,2295.327009
3388.221251,1153,2296.924005
11277.698386,4242,2302.437437
32811.881078,7526,2311.935076
3244.433065,1504,2313.926806
3781.547152,1569,2316.02656
48055.393622,8755,2327.258037
3211.76935,1395,2329.120095
4233.768991,1658,2331.307913
4122.365245,1688,2333.516215
4148.497164,1794,2335.866782
4161.215939,1703,2338.458542
22497.822566,5825,2345.874968
28178.601071,8304,2356.303659
3662.914101,2131,2359.471603
2886.97606,2095,2362.222764
4338.245721,2569,2365.557234
30206.560025,7829,2375.378951
12975.238672,4099,2380.985291
2032.761021,1465,2382.940495
3981.489632,3049,2386.876901
6979.065306,3490,2391.377074
9994.919917,3223,2395.560101
9388.175316,3524,2400.150654
4443.503823,2187,2403.369345
3729.263964,1725,2405.618903
3555.828848,1475,2407.573674
26776.86254,6045,2415.162609
21052.598443,6007,2422.7957
5334.648434,2586,2426.469387
3128.458238,1580,2428.571532
32006.147405,7600,2438.234679
17435.408979,5066,2445.128346
3556.218907,1590,2447.218776
3489.281503,2018,2449.851835
3264.524995,1052,2451.29957
26488.747267,7015,2460.030127
3567.348978,1698,2462.259851
11744.029277,3827,2467.570554
2976.110235,918,2468.821454
2778.996939,1309,2470.581176
8742.983067,3150,2474.610247
4164.460493,1889,2477.101762
3252.63927,1998,2479.710807
4176.577498,2251,2482.636072
3450.304331,1602,2484.754331
15090.669667,4467,2490.835364
40916.410765,9277,2502.317676
13631.860508,4249,2507.791729
4033.583354,1523,2510.175277
4035.258717,2086,2512.893758
2810.647618,1139,2514.427987
1764.006524,1039,2515.835426
3359.590049,1953,2518.41721
5924.052778,2773,2522.069424
4891.265453,2050,2524.77048
11944.365103,4033,2529.956803
3276.256531,893,2531.537956
2823.798711,1465,2533.481827
3459.039057,1410,2535.378229
7732.927435,3132,2539.438873
18408.77319,4717,2545.484338
3702.800744,1447,2547.379641
22544.208224,6408,2555.789152
3356.018424,1469,2557.73779
3246.882141,1519,2559.807508
2867.619141,1883,2562.287745
28224.586501,6439,2570.434194
27223.382376,6012,2578.397171
4325.952818,1118,2579.933143
16860.324656,5650,2587.165442
19596.001544,5036,2593.628375
8134.826972,2919,2597.833993
2819.258519,1455,2599.785553
3551.266099,1687,2602.031454
4057.501291,1708,2604.317303
15016.2787,4221,2609.798728
3169.330477,2522,2613.10006
11862.711548,3845,2618.542744
7344.161582,3386,2622.901071
3835.549218,1490,2624.867074
28197.284132,6508,2633.155701
1363.652927,1056,2634.58872
21147.52171,4792,2641.028121
2484.111838,1277,2642.734049
2702.78137,1061,2644.164583
32962.933093,6940,2652.854174
23471.633155,5508,2660.241111
4436.526853,2306,2663.255521
2871.392506,1780,2665.631862
31240.146631,7444,2674.96751
23138.07416,5584,2682.389201
4310.697683,2038,2685.074262
45320.60124,10001,2697.663779
5364.290296,2733,2701.173009
3178.497236,1148,2703.095052
3634.480854,1173,2704.681239
3495.547759,1590,2706.755247
22788.164057,5431,2713.662647
2621.546503,1012,2715.052749
1047.091177,750,2716.091936
3677.494893,1526,2718.103287
1909.15085,816,2719.235985
3879.73412,2036,2721.915516
2717.188308,938,2723.18469
4400.419748,1458,2725.490684
16567.505507,4106,2730.862961
3832.9797,970,2732.215332
36545.762123,6667,2740.618348
3942.423761,1129,2742.167751
6369.993668,2713,2746.037119
3194.011645,1447,2747.943485
5334.640067,2996,2751.758361
15356.350307,4476,2757.526269
21136.735588,5672,2764.715772
3738.033799,2035,2767.721503
3724.695033,2796,2771.325956
15738.647103,5136,2777.968288
3553.35805,1600,2780.081271
4127.961579,1495,2782.064205
4149.231337,1385,2783.929939
4608.074782,1593,2786.024268
2929.142908,2211,2789.297341
13965.165173,4263,2794.759461
3569.906186,985,2796.117975
2316.858028,1059,2797.546805
14933.576107,4728,2803.609231
10296.67592,3513,2808.161666
16462.664004,5364,2815.360229
3708.439385,1423,2817.245279
14622.66856,4056,2822.553303
3212.254814,906,2823.799544
3734.000222,1780,2826.127398
3841.724866,1546,2828.203608
29442.592805,7643,2838.189629
12759.690424,3705,2842.997055
12519.500792,3622,2847.674958
12284.1281,3714,2852.515908
9898.017705,3068,2856.906644
3844.782459,2210,2859.809775
1110.971796,740,2860.830197
13490.222182,5331,2867.598868
3778.624641,1144,2869.148601
3191.089555,1576,2871.222663
6896.450989,2831,2874.915429
42579.996176,7765,2884.989042
40778.372178,8410,2895.486053
11033.448512,3535,2900.448673
3312.354587,1412,2902.34051
3424.677869,1411,2904.244311
2812.173347,1899,2906.758415
3944.928168,2214,2909.656938
3594.089635,2417,2912.815791
1718.548047,1062,2914.25519
4075.03941,1819,2916.663949
32370.446633,9129,2928.325279
14135.971594,4368,2933.944976
7537.253977,2985,2937.759628
2869.450467,839,2938.902247
2987.151069,1027,2940.632956
2643.959987,1022,2942.003895
3794.968786,1726,2944.274418
5773.897095,2505,2947.543348
16643.792895,4615,2953.450886
923.014526,1001,2954.813401
7043.557072,2694,2958.319499
41782.43405,8637,2969.410044
3797.027962,1911,2971.894635
4646.635205,2497,2975.102629
3578.509722,1166,2976.700716
4979.082623,2122,2979.46806
3444.267902,1157,2981.048119
32248.468373,6820,2989.973864
3454.739228,1903,2992.511382
3839.646304,1805,2994.920501
7797.054594,3088,2998.962396
11680.935803,3649,3004.061823
12771.160684,4190,3009.532386
4068.399284,1210,3011.184081
8857.283064,3856,3016.183182
27953.939521,6270,3024.030834
34726.767627,7699,3034.161794
26323.209047,5682,3041.438216
3750.008613,1098,3042.931666
4671.138273,2407,3046.098137
13254.696195,3819,3051.408926
3244.20307,1855,3053.891338
7507.903141,3163,3058.007483
15947.84716,4220,3063.453277
37867.925308,7961,3073.777652
17564.6728,5290,3080.601295
3609.847991,1786,3082.970462
9335.537746,3061,3086.986095
15307.887359,4805,3093.507781
7030.0097,2696,3097.006459
27573.205996,5597,3104.137049
3432.621494,2016,3106.801361
12462.888007,3759,3112.069144
33658.543696,8236,3122.497316
3604.380873,1154,3124.08454
3592.104459,2002,3126.737884
5150.332997,2186,3129.626563
1993.946911,1909,3132.154756
13980.664547,3846,3137.480633
7035.327817,2563,3140.805597
16853.798523,4140,3146.14263
10349.033798,3493,3150.687126
4312.26353,3325,3155.338131
3858.253589,1163,3156.949861
9136.593179,2888,3160.727826
5224.393625,2328,3163.776969
34084.892572,7968,3173.886486
4605.367473,2115,3177.045357
3393.523304,1310,3178.817955
3061.367844,1676,3181.043669
10168.658497,3362,3185.396111
23292.827847,5819,3192.786741
20894.569767,4866,3199.276467
3527.259884,1485,3201.293228
7814.764264,3037,3205.288705
2888.401871,1543,3207.385228
17705.629777,5228,3214.127572
3216.486188,1209,3215.778702
3766.057954,2188,3218.638302
4079.965509,1207,3220.671667
3672.052224,1834,3223.116277
2687.372039,1998,3225.784248
24047.63097,5601,3232.85629
3559.510471,982,3234.216848
22903.350064,6796,3243.296696
4972.163918,2330,3246.341066
7612.487518,3366,3250.770567
4087.951729,1117,3252.32091
4705.175684,2923,3256.110704
7859.859513,3005,3260.050079
3618.153725,1059,3261.504719
6070.056199,2422,3264.990791
8587.894283,3334,3269.308377
3493.989566,1511,3271.310692
26391.133682,6541,3279.699789
2555.702157,1688,3281.941259
37081.705096,7041,3291.175213
4175.161163,1108,3292.726489
3601.072778,2076,3295.458211
4909.686817,2456,3298.61771
3420.345274,1344,3300.411731
26495.591309,5386,3307.655521
15213.216422,4135,3313.025295
3558.987746,2250,3315.962996
6917.302569,2705,3319.505427
3246.326894,1629,3321.68086
2889.123781,1768,3324.036879
12139.968992,3860,3329.402668
3659.35818,1142,3330.934405
3497.895218,1392,3332.813345
7203.206338,2782,3336.481151
20683.883688,5094,3343.051402
3988.488167,1768,3345.408159
1884.967198,1326,3347.186417
2993.320059,1458,3349.181804
15572.957172,4478,3355.419009
3835.527835,977,3356.768701
3426.8344,951,3358.091744
2718.343881,2406,3361.227109
6658.140478,2439,3364.418339
30745.838958,5867,3372.255362
4012.639226,1089,3373.743164
6364.313717,3671,3378.47276
3605.582996,964,3379.82866
18330.887787,4791,3385.918099
3195.813618,1283,3387.630994
3553.166608,1827,3390.0513
42415.915294,8830,3401.530371
3841.558471,1158,3403.125243
2752.709256,1748,3405.423209
5463.512476,3551,3409.943182
4021.773848,1976,3412.511353
3247.995083,1135,3414.081885
4756.89252,1841,3416.848706
10237.778256,4489,3422.618799
36295.125032,7731,3432.20929
2766.605048,877,3433.427661
4086.439421,1083,3434.901593
3288.10961,1316,3437.016321
4790.716714,2603,3440.453457
14041.599163,4233,3445.929183
4055.048525,1783,3448.281441
3502.928326,947,3449.58837
47496.310495,8336,3460.453003
11466.750674,4002,3465.605522
2003.818344,1665,3467.804885
3840.225865,1924,3470.334506
2915.242841,1558,3472.42884
2537.315962,1435,3474.343652
47515.424165,9354,3486.561214
3448.000319,1913,3489.059701
3565.949986,1929,3491.590644
2829.917122,968,3492.910552
16639.574367,4809,3499.108862
3990.342418,912,3500.725143
3904.146197,1073,3502.191924
14626.553221,4459,3507.92191
3938.377315,919,3509.216327
45584.165333,9696,3521.498352
4158.208578,1025,3523.288758
3405.474755,1087,3524.770838
16617.387472,4399,3530.420851
3423.767938,937,3531.725114
1769.693907,1011,3533.102319
3337.111635,1951,3535.675296
1980.926121,986,3537.018924
4169.083827,1467,3538.978151
3305.561632,2181,3541.824014
4103.51072,1255,3543.522083
3549.831064,2584,3547.241178
3280.687662,1729,3549.567544
13168.533582,4274,3555.140555
18285.828725,4430,3560.878836
24238.68683,5236,3567.825477
8906.36609,3039,3571.790439
28415.464933,8264,3582.202392
3968.996857,1050,3583.643227
4546.997283,2386,3586.766868
12152.738531,3629,3591.841893
2058.573934,1629,3594.013509
20194.310342,5311,3600.876533
10525.503641,2990,3604.761642
3677.424591,1848,3607.211033
2775.625227,1364,3609.440659
4806.381536,2451,3612.648426
13022.295973,3755,3617.518027
4119.891786,1270,3619.238697
3661.974911,2235,3622.180825
3967.452165,1415,3624.080278
2671.041399,1529,3626.113204
16385.067861,5197,3632.991959
2530.036028,769,3634.074466
7741.549807,3354,3638.427295
3926.259936,1583,3640.565192
2840.837415,1123,3642.097859
6544.210566,4561,3647.948709
3826.547934,2080,3650.696967
3494.371089,1405,3652.953308
3722.972704,1817,3655.368531
4116.207874,1574,3657.453303
17102.45547,4554,3663.348621
6933.924683,3461,3667.84405
16610.54712,4623,3673.771809
2475.916143,1145,3675.670098
29948.191423,6878,3684.358472
12951.285324,4630,3690.387024
3092.219511,1307,3692.145719
3472.08429,1674,3694.352257
4028.422523,1051,3696.179339
14064.860847,4439,3701.873797
2774.48036,1389,3703.733746
19444.082179,5756,3711.13554
26566.652922,5929,3719.025615
4430.793874,1117,3720.563416
20510.650346,5791,3727.845294
3894.047669,900,3729.094397
2030.090106,1858,3731.53061
6743.377763,3773,3736.279404
2845.496267,1268,3737.972124
3824.876235,941,3739.639057
3661.952859,1035,3741.0541
2633.454462,1353,3742.898776
5785.009361,2934,3746.741937
21730.365285,5254,3753.49653
18780.614821,5671,3761.141922
43191.915109,9415,3772.878399
2987.818215,1531,3774.921049
2687.576976,1272,3776.620865
3079.168849,1352,3778.451458
3428.063969,953,3779.785198
21701.820084,7283,3789.328803
34411.307953,8039,3799.426189
18125.763193,5782,3807.236094
3970.083349,1364,3809.092204
5119.533646,2993,3812.922372
21536.032603,6056,3820.714977
19334.226024,5648,3828.344258
3336.483449,1068,3829.80073
19198.909438,5944,3837.450506
14368.811786,4129,3842.79387
16256.537937,5037,3849.569237
4880.909228,2558,3852.874103
3099.207698,1738,3855.187725
3572.304341,1068,3856.630258
3823.230145,1091,3858.129729
4104.950356,1540,3860.172214
2153.472007,2215,3863.080873
20309.527238,4927,3869.673822
3991.324096,1828,3872.055866
3911.095322,1217,3873.671638
3687.822646,3168,3877.725173
1895.648587,1756,3880.042745
2312.448809,1518,3882.048977
21849.047278,6615,3890.716562
2625.591877,1142,3892.253135
1879.038039,836,3893.391392
2786.648965,965,3894.696763
2862.714388,1347,3896.506186
3883.697415,1691,3898.725261
3399.123438,1164,3900.325422
2954.273073,2357,3903.385529
3919.135193,2530,3906.654858
3799.713937,1697,3908.859217
10685.138601,3378,3913.577856
4070.339855,1610,3915.724029
4784.939548,2300,3918.751046
3531.048245,1161,3920.352261
12436.569268,5700,3927.566144
1759.678567,1375,3929.410786
2733.258525,2226,3932.353438
35635.446526,8725,3943.785564
19397.139525,6202,3951.817764
2486.287374,1137,3953.360086
3272.418646,1588,3955.8352
34290.525721,8400,3966.359248
3424.730648,1590,3968.469307
3964.111505,1120,3969.995378
12721.462923,4483,3976.213443
12338.668155,4489,3982.102193
2328.206013,990,3983.440266
3094.65629,1204,3985.095622
2699.117248,1519,3987.111285
6444.642976,2913,3990.930857
19721.837033,5543,3998.428026
8533.822594,3412,4002.858515
29702.406682,6529,4011.144457
4499.449171,1134,4012.704331
1980.899453,1400,4014.566103
19997.234518,5589,4021.942919
6415.712887,2525,4025.271751
3038.753518,1328,4027.053095
29553.008188,8652,4038.063468
2704.942266,2358,4041.561967
3559.936108,2145,4044.340745
3656.830944,1813,4046.735348
3450.792379,1673,4048.931895
6699.105629,3150,4053.02443
4430.991548,5349,4059.823308
3487.52009,2235,4063.135499
1955.619937,916,4064.381922
2658.834343,2299,4067.378723
2965.199675,1301,4069.136485
14821.836027,5794,4076.550161
43956.792984,10001,4089.550477
14738.5803,4366,4095.236103
2564.632114,1701,4097.524476
12685.731446,4368,4103.103176
1421.920302,1091,4104.550169
2631.194176,1225,4106.555587
3310.012222,2158,4109.369074
3761.711972,2265,4112.321296
4187.534722,1476,4114.32781
3154.522592,1233,4115.98917
3570.43219,2225,4118.921166
16727.773976,5063,4125.387569
4436.996397,2941,4129.526093
5148.409396,4004,4134.608188
11825.060808,4066,4139.988469
2719.906959,1550,4142.042263
19668.449976,6064,4150.114583
3639.641725,1907,4152.660258
16756.674266,5210,4159.394769
3263.909999,2421,4162.567733
25313.30791,6611,4171.47879
1819.235996,1181,4173.064665
4028.81283,1052,4174.514908
3501.580483,1797,4176.887352
3346.001513,1919,4179.425327
3198.11585,943,4180.705353
30447.940704,6861,4189.420108
8892.608434,3447,4194.250346
3692.543836,1753,4196.589536
14322.910896,5629,4203.839371
18350.496692,5567,4211.155641
35580.453584,10001,4224.518628
4532.90379,3550,4229.239304
34391.565759,8018,4240.209465
4579.553226,1626,4242.388762
3516.397383,2970,4246.26343
3082.388268,1612,4248.404612
20384.600478,5233,4255.093122
3909.910533,1805,4258.020409
2294.742568,1187,4259.745267
4110.234828,1741,4262.188684
3405.18627,1858,4264.814004
40903.242841,10001,4277.861974
3638.633974,1653,4280.622463
4156.736407,2481,4284.007046
22609.855595,4869,4290.353396
4328.241564,1819,4292.879851
4237.758706,1378,4294.814804
3629.560624,1823,4297.475741
4322.023485,1493,4299.622243
2197.320882,1064,4301.186589
2472.586151,1733,4304.010482
3448.445892,1699,4306.269781
25264.758974,6199,4314.113019
22048.982976,6610,4322.473946
14173.611683,4630,4328.83968
3719.954544,2096,4331.561064
46849.738754,10001,4344.10625
4079.904407,2646,4347.838751
4181.32732,1689,4350.049135
4221.063871,1018,4351.431627
3425.511697,2249,4354.370356
21126.659723,5657,4361.613599
3808.893452,2494,4364.789907
4070.240915,2341,4368.172038
3316.030179,1879,4370.647172
18891.386195,7013,4379.391493
3506.742256,1747,4381.691284
4380.738846,2055,4384.341908
3995.824512,1636,4386.505388
16084.818983,4700,4392.93245
36702.219879,9137,4404.370896
4318.544747,1252,4406.071203
6923.312421,2976,4410.291912
32528.22371,7744,4420.078586
4866.720364,3681,4424.769463
2718.06602,2773,4428.356784
47816.535358,9258,4440.412625
25407.940936,7014,4449.296783
3932.160574,1899,4452.138207
30720.325826,7085,4461.122601
4642.348776,1700,4463.319693
3725.536499,1921,4465.839908
32432.842961,7674,4475.800909
3429.014015,1337,4477.57388
38851.973492,8536,4488.257996
3603.896328,2245,4491.133236
16437.514217,4431,4497.129061
2324.500279,1895,4499.584465
7276.809366,5569,4506.561741
3483.257284,1763,4508.888079
44649.855379,9558,4521.224847
2633.380151,1354,4523.037215
3144.620405,1867,4525.485063
21258.47339,6435,4533.661107
26349.998348,6127,4541.754005
23671.19427,7842,4551.57062
3057.974768,762,4552.650765
47583.863334,9550,4564.978093
23404.34623,5498,4571.94978
34198.446929,10001,4584.729355
31742.087132,7575,4594.163235
3703.89551,2076,4596.858576
5508.392127,4116,4602.409459
4079.8155,1720,4604.63581
10703.722358,3670,4609.381454
4048.398712,2456,4612.538259
29399.663956,7205,4621.877288
25274.710447,6525,4630.184216
29689.310529,7101,4639.197987
34642.664608,8071,4649.717995
3025.573773,1674,4651.896548
4487.445774,1738,4654.191049
32871.972679,8499,4665.210509
15572.507351,4821,4671.443508
13405.419231,5887,4678.913312
31063.309997,7866,4689.064447
3360.538122,1994,4691.718659
16320.863166,4867,4697.968589
5548.614157,3123,4701.927999
4576.510642,1575,4704.003906
14238.509264,5654,4711.677919
4381.424101,1361,4713.514116
3326.029763,2224,4716.426494
20773.399778,6082,4724.064624
20989.085297,4408,4730.065501
3796.343066,2017,4732.727335
15198.411089,4992,4739.154027
31830.785372,7311,4748.791177
4009.039901,1734,4751.073178
3352.063641,2234,4754.024999
30714.962098,7321,4763.350564
3829.471686,1364,4765.209075
37819.75651,8633,4776.465047
21132.500776,5134,4783.021444
31050.737959,8031,4793.534303
17907.228209,5515,4800.69802
3603.46709,990,4802.053139
4807.855589,4039,4807.200108
22435.109824,5678,4814.748709
35527.646304,10001,4827.420102
15051.276807,5661,4835.074539
3573.990721,1687,4837.281921
2954.673753,1140,4838.847266
3710.739273,2292,4841.851615
33630.119976,7950,4851.873458
21568.983299,6222,4860.112608
38671.106357,9964,4872.582163
23091.190211,6740,4881.352801
27209.985497,6612,4889.697496
2646.15239,843,4890.858472
9254.220376,3116,4894.900172
4734.636041,3089,4899.210077
45223.006036,10001,4911.67636
2796.126202,730,4912.694115
31152.797165,6687,4921.394615
14147.607932,4061,4926.627564
15575.274151,5100,4933.096317
3594.40876,1285,4934.835124
20391.683408,4703,4941.115372
5920.747764,3136,4945.141669
3716.621337,1993,4947.726521
26392.944131,6902,4956.301627
41544.834903,8856,4967.831412
3750.872694,1083,4969.291849
2739.164181,1662,4971.497295
3592.853632,1807,4973.849676
36289.510427,8517,4984.798854
3772.266864,1008,4986.175829
4687.56137,3087,4990.122247
16755.415892,4579,4996.053518
3572.501828,1687,4998.268387
3110.180416,1140,4999.780351
3632.1559,1746,5002.041492
5211.268869,2738,5005.921704
5941.769987,4201,5011.198856
13350.831925,4150,5016.607134
3700.977644,1446,5018.539766
25182.977598,6064,5026.609558
3650.574506,997,5027.964399
32351.198628,7439,5037.367221
4126.541997,1579,5039.437075
3647.004144,1130,5040.975415
4263.680417,2223,5043.844923
3598.329675,958,5045.534238
3027.620868,787,5046.629348
38268.139122,9567,5058.658194
17258.278308,3847,5063.550989
4342.511768,1269,5065.295715
30061.176474,6249,5073.490642
34883.560046,6662,5081.891468
3965.830681,1084,5083.376809
3769.494707,1156,5084.944788
3995.226999,1358,5086.792899
3048.51545,1215,5088.815562
16815.87056,3960,5093.9068
30024.584813,6100,5101.674407
3980.934192,1951,5104.270047
15511.169216,4774,5110.840632
9731.849847,3157,5114.885169
4216.247314,1098,5116.365053
3743.870244,970,5117.706715
3670.080988,995,5119.092186
18897.965126,5543,5126.073653
3464.527866,1487,5128.014114
4368.390451,1588,5130.121264
37297.540607,6978,5139.190598
3161.764111,1747,5141.480572
3669.806167,820,5142.619883
4503.609099,1051,5144.070118
35499.872287,7947,5154.422931
3510.965174,1284,5156.140745
22989.153341,5174,5162.680343
3203.774577,1948,5165.246343
12537.814319,4875,5171.533327
3087.030089,1511,5173.511098
3728.878178,922,5175.134591
3215.556411,1094,5176.6186
3565.2025,967,5177.956285
13826.035087,4267,5183.546894
3920.701753,1843,5185.973904
2660.021776,1242,5187.645425
3340.131504,1230,5189.295979
28936.15295,7082,5198.524843
3660.85628,1630,5200.670491
3330.59584,866,5201.862438
4045.305911,3144,5205.836295
3739.683396,955,5207.156487
3547.245695,1033,5208.543594
4588.936309,3182,5212.549736
38149.713655,7694,5222.469552
27312.617758,5870,5229.829353
3941.043432,1113,5231.350495
3745.027008,935,5232.6341
3290.262029,1992,5235.234069
3050.096347,806,5236.356524
3747.857192,916,5237.617415
3173.408173,1466,5239.925034
36400.737722,9849,5252.370122
4204.773468,1262,5254.079888
2773.836643,1046,5255.478698
3221.963545,1276,5257.184453
3366.023735,1564,5259.251538
4427.085324,3017,5263.444541
3750.310514,959,5264.771266
3811.135886,988,5266.126025
8634.941596,4538,5272.016781
2599.824273,1369,5273.832807
22884.732929,7061,5282.998184
3753.246065,1620,5285.153366
3246.531508,1625,5287.31916
17915.434356,4329,5292.832083
3076.548987,1269,5294.546138
3834.416493,895,5295.787204
3202.719361,1135,5297.32123
3902.098263,1034,5298.731218
12032.321039,5143,5305.692991
3524.649417,1163,5307.285386
23290.263379,5780,5314.575531
2986.009272,894,5315.802039
3005.154276,2093,5318.561999
3959.309613,3105,5322.516753
2585.924203,755,5323.570616
4259.870094,1253,5325.656502
3935.713832,1511,5327.685277
3678.673138,1103,5329.190846
3694.233579,901,5330.442158
2637.655261,1259,5332.152548
22524.583651,5955,5339.824904
4041.63369,970,5341.169143
22776.18911,5567,5348.538163
18612.516971,4500,5354.305157
3203.43726,772,5355.383108
42827.591389,9458,5367.33608
3603.098063,912,5368.964386
36844.323926,7034,5377.739027
33767.51945,8922,5389.322656
3969.749625,1850,5391.733302
3139.850781,745,5392.766609
3917.69781,1481,5394.720884
3278.653551,1649,5396.86712
3031.176798,1405,5398.724237
3773.709641,3064,5402.615956
3223.939735,1683,5404.83863
3567.47444,2275,5407.795168
5759.39432,2792,5411.702362
2702.851991,1414,5413.593533
2360.172398,675,5414.539244
2695.664562,1152,5416.134468
3639.631635,900,5417.366379
3123.696391,799,5418.468979
32263.448336,5961,5425.95336
2867.038892,1223,5427.590644
4038.016148,2664,5430.985994
3956.010525,1849,5433.806219
3373.9109,929,5435.088833
3410.210415,1196,5436.699384
22502.743832,5853,5444.064218
3930.396835,1698,5446.326693
3458.986604,1809,5448.705034
4093.277525,2873,5452.385987
24659.883776,6035,5460.425651
2856.250278,644,5461.33899
27341.083978,5937,5468.852167
3278.468332,1887,5471.322799
15068.835248,4745,5477.825482
32981.101452,7352,5487.156985
3853.014477,1611,5489.294096
4237.122159,2457,5492.49583
12676.933219,4896,5499.196088
3596.078003,986,5500.557414
3611.121799,933,5501.841498
8516.724389,3879,5506.823175
3945.180474,1032,5508.237116
27728.543338,6625,5516.611326
3714.435787,973,5517.938699
3090.718387,2479,5521.511267
3470.414165,1824,5523.924822
3447.505681,1129,5525.472588
38187.799674,8263,5535.905565
42580.097889,7902,5546.246764
41904.462487,10001,5558.819614
9434.315337,3534,5563.74518
8365.134184,3905,5568.810744
13724.375719,5138,5575.437546
13964.172393,4315,5581.040204
27135.818261,5515,5588.262085
3544.380912,855,5589.449836
2690.709642,720,5590.454985
25155.941844,7649,5600.180839
19735.19542,4291,5605.923645
23006.198263,5080,5612.213553
29708.90017,5447,5618.924398
3827.504984,1184,5620.53689
3447.107809,2310,5623.528761
25030.970798,6911,5632.750059
3610.613612,2046,5635.39219
4601.594432,1858,5637.834247
30589.608541,6983,5647.016833
43230.253367,9974,5659.682426
3607.285269,967,5661.006086
27638.13578,5312,5668.129573
8663.977815,3349,5672.478844
35869.0813,8367,5682.849801
13053.128944,4146,5688.502955
8294.602483,3293,5692.763862
13583.01481,4603,5698.627526
46387.046897,10001,5711.598339
2837.708957,865,5712.798244
3516.925005,913,5714.060605
34175.421385,7027,5722.854926
18807.852719,5673,5730.058741
29400.788738,8078,5740.562399
6737.189346,3435,5745.015476
44089.664676,10001,5757.978801
4292.596606,2464,5761.126418
2322.015286,670,5762.057596
4781.607286,2820,5765.621022
45816.471619,10001,5778.659916
3735.138369,956,5779.990504
3732.060837,1967,5782.566489
19795.627553,6607,5791.02952
21726.483843,4619,5797.210173
3062.251101,827,5798.349563
4453.392961,1923,5800.867749
32085.161521,6019,5808.393948
31228.440641,6551,5816.996743
9986.112418,3690,5821.749134
27465.618824,5652,5828.879118
2299.972737,688,5829.837273
11440.501756,4859,5836.113397
3279.913464,936,5837.758003
34928.925438,8366,5848.279664
48327.653471,8741,5859.662589
10215.212538,3740,5864.497958
23306.181442,7625,5874.293143
19333.617628,6167,5882.428641
37511.416252,9276,5894.105983
2825.903274,1308,5895.869892
16907.964308,3645,5900.908007
24347.340073,5865,5908.303602
39079.862213,10001,5920.955491
4962.019305,2124,5924.073586
34502.664865,7603,5933.60815
30741.790043,6897,5942.604992
30563.161578,5822,5949.928985
25209.361057,4860,5956.047323
38223.348056,9157,5968.006754
30405.382339,6267,5975.866643
3246.983894,834,5977.010529
35146.595319,9653,5989.40061
39426.020999,8875,6000.552213
25249.825355,7194,6010.030478
4133.798637,1719,6012.285212
26862.925309,6421,6020.259851
7582.525671,3199,6024.336313
4148.579103,1888,6027.138014
30001.943774,5926,6034.627296
23386.729483,5680,6041.798212
3865.060491,1143,6043.34758
44369.19788,8831,6054.842834
3768.344217,974,6056.179908
3518.600677,1708,6058.466483
28627.840479,6897,6067.206684
3874.526556,1110,6068.705385
31533.534694,6248,6076.955624
10753.847866,4172,6082.382184
10795.908105,3808,6087.313792
4510.854592,2556,6091.051196
3539.450892,874,6092.267494
4496.16744,2498,6095.454852
21585.828156,4545,6101.182708
10305.038212,3478,6105.683883
28507.246305,6471,6114.222803
7386.498,2947,6118.050563
3654.730142,1013,6119.443499
4505.715242,2590,6122.782452
9477.799248,3215,6126.991579
14644.714563,4943,6133.670508
2752.325821,777,6134.747736
15538.811171,3798,6139.595503
15398.561293,4435,6145.266283
19354.890759,6624,6153.579503
12785.930862,4321,6159.496667
2954.587225,691,6160.4612
18385.191706,5676,6167.593164
6330.612565,2207,6170.447319
4791.639128,2185,6173.312518
3655.892666,908,6174.575904
3728.966612,901,6175.836468
3793.658276,1004,6177.58654
3662.916996,1169,6179.18517
32137.839278,6239,6187.103811
4525.059726,1250,6188.786099
25859.324991,5209,6195.339793
3907.67256,1161,6196.928053
38626.676415,9930,6209.651687
17930.462093,5559,6216.743263
22980.611427,5635,6224.209794
48129.284072,9564,6236.298305
33065.19121,5885,6244.082558
4011.092355,1031,6245.502694
21718.264991,5789,6252.891087
14762.288095,5828,6260.331587
8426.025346,3849,6265.749262
28195.861518,5098,6272.181866
3674.856282,1114,6273.701877
41291.496061,8812,6285.195851
24943.177642,6167,6292.943515
19696.110342,4446,6298.553367
3159.051275,2528,6301.842616
3330.468847,2166,6305.060945
40744.872674,9085,6316.325877
15383.242976,5238,6323.118907
37469.194398,7277,6332.662847
7283.192923,2736,6336.27253
20339.203221,5554,6343.477067
29802.701641,6864,6352.568443
3253.364924,990,6353.909815
3389.660676,858,6355.103024
5364.139774,2129,6357.849291
23887.869959,6140,6365.526774
4004.481777,1080,6367.013009
8758.627632,3130,6371.432058
20398.144838,5833,6378.851897
3804.299389,1249,6380.523714
10766.784693,4146,6385.838695
20528.12212,6461,6394.476138
3257.205872,809,6395.604811
3533.44833,1280,6397.317206
13258.155104,5463,6404.316763
40037.297717,8399,6415.291075
3656.167428,934,6416.575052
28486.540591,7948,6426.491376
28690.607412,5919,6434.218077
21876.529625,7165,6443.272596
34051.151954,9929,6456.015735
3271.515179,806,6457.153427
4251.425679,1140,6458.697476
27721.817565,6274,6466.623899
19000.123491,5706,6474.248955
30615.688036,6951,6482.984183
23350.566801,5612,6489.948232
32536.366761,7465,6499.605424
31041.146645,6728,6508.098801
4731.684739,2915,6511.856037
3734.665004,1042,6513.278328
4744.334294,2240,6516.525458
42623.932612,8578,6527.291221
5531.080629,3379,6531.638196
29848.619172,6739,6540.553674
42500.171225,10001,6553.024774
39834.197631,8688,6564.215822
3760.081565,1201,6565.860345
48239.015034,9521,6577.945063
