#{"t_start": 1699240497.8925807, "env_id": "modulatingEnv-v1"}
r,l,t
-1224.003084,299,0.950088
-1013.12952,268,1.431785
-1357.758217,257,1.875743
-898.420072,284,2.341651
-1827.43451,413,2.973656
-924.855758,758,4.030169
-1494.618108,268,4.511238
-2050.918358,350,5.053038
-1337.181984,249,5.472713
-1984.654864,309,5.97562
-2013.287302,305,6.470376
-952.542696,229,6.871789
-1763.743168,316,7.383419
-829.621292,390,7.979295
-994.406614,313,8.489993
-1307.309742,305,8.994385
-1509.808887,295,9.484071
-1346.693576,384,10.080603
-1730.118854,442,10.75903
-1440.776827,255,11.199936
-1963.058334,305,11.704717
-1183.447161,352,12.277585
-872.149442,306,12.779764
-912.670663,423,13.427198
-1909.89665,380,14.011284
-1310.109329,302,14.508039
-1595.252918,240,14.915087
-1172.709114,197,15.272979
-1166.16947,252,15.710526
-1420.107586,243,16.123925
-1438.844471,257,16.571195
-1649.444564,291,17.041589
-1406.921533,271,17.498009
-1642.612097,368,18.070259
-1891.803393,441,18.744681
-1211.956068,264,19.191462
-1479.795433,270,19.653259
-1484.430553,261,20.110017
-2145.469256,405,20.747885
-1285.184806,248,21.192444
-1671.082912,257,21.679778
-1386.313563,271,22.136737
-1395.745875,262,22.584886
-1218.669852,275,23.036746
-1810.104103,310,23.545432
-1316.205777,301,24.03973
-1194.179167,343,24.563275
-2243.434558,339,25.092082
-1487.036791,298,25.569233
-1147.455197,273,26.035553
-1896.017209,301,26.527971
-1426.030407,341,27.060865
-1383.225624,286,27.907745
-1076.080195,234,28.310138
-1655.887951,356,28.876262
-978.444547,290,29.349504
-1283.540937,231,29.753676
-1563.850622,324,30.279725
-1811.001994,265,30.732196
-1379.934784,297,31.212015
-2105.250366,352,31.778896
-1326.976791,284,32.252721
-907.62752,279,32.717427
-1219.587814,240,33.133447
-1149.484021,261,33.58375
-1646.285867,397,34.181941
-1440.111133,245,34.600196
-1493.408987,284,35.070711
-1653.039724,266,35.527031
-1516.283813,259,35.978005
-1111.513877,301,36.478691
-1452.935031,310,36.991936
-1465.749085,232,37.396506
-661.702228,282,37.863031
-1409.035534,284,38.333266
-1467.001143,274,38.792002
-1604.847414,265,39.250544
-1903.153958,476,39.96252
-1165.015997,230,40.368155
-1286.336803,252,40.806072
-1300.267949,249,41.22648
-1427.370811,310,41.738519
-1372.754927,296,42.219398
-1554.352328,261,42.669394
-1891.761483,375,43.257396
-1510.464125,269,43.717528
-1399.37506,315,44.232131
-723.819436,257,44.673001
-830.680816,267,45.123865
-1440.265875,287,45.599722
-1612.789913,289,46.075079
-1143.678851,272,46.538945
-888.453109,267,46.988941
-1576.33596,259,47.435692
-1196.472688,234,47.842546
-923.557814,290,48.311118
-1072.605106,268,48.7655
-1771.59419,307,49.270913
-1036.94547,440,49.933719
-1289.783021,226,50.337632
-821.979825,307,50.847285
-1002.932137,315,51.362236
-2383.672155,441,52.027368
-1290.762157,251,52.46874
-1617.962213,244,52.885854
-1352.442749,302,53.390256
-1485.37717,260,53.840691
-2334.841038,385,54.44471
-1427.666762,340,55.368853
-2011.300792,405,56.00666
-1344.436734,304,56.516585
-1887.933386,411,57.159408
-1596.062012,278,57.629925
-2279.183525,381,58.231366
-1641.842064,461,58.947836
-1169.905922,269,59.406319
-1677.581737,274,59.875644
-1515.308509,273,60.339222
-1511.492806,317,60.864033
-1484.941179,225,61.270192
-1449.510043,245,61.693505
-1131.089593,251,62.138088
-1384.991344,474,62.852114
-1143.558669,228,63.258423
-2418.216454,488,63.981554
-873.69042,254,64.429495
-1403.721736,262,64.882885
-678.063517,261,65.330365
-1556.473716,279,65.796434
-1015.649745,301,66.302521
-2319.010991,650,67.221468
-1029.262306,269,67.681611
-1372.999375,236,68.094864
-1635.56397,261,68.54504
-2069.133864,483,69.272678
-1372.193605,268,69.734056
-1073.149272,296,70.2202
-1551.106091,260,70.665579
-873.4545,295,71.144395
-1266.40044,228,71.551871
-1409.294403,303,72.062946
-1775.91492,296,72.548525
-1625.071036,342,73.09608
-1317.245547,228,73.501595
-1538.104856,285,73.979274
-1228.738588,279,74.449164
-1964.359824,369,75.031404
-2171.95274,363,75.60394
-1343.98948,409,76.252637
-1224.723368,216,76.647006
-2289.552947,414,77.299511
-1517.834755,234,77.708602
-1051.99275,307,78.218047
-1307.166133,294,78.700833
-2092.032642,326,79.226525
-1577.225296,312,79.745486
-1780.537859,299,80.233479
-1431.035412,249,80.657611
-1306.900681,245,81.080443
-1226.213346,457,81.787986
-1723.618161,304,82.682977
-590.005218,469,83.400217
-1488.466861,257,83.847982
-1246.793731,230,84.255282
-1509.582386,280,84.723305
-2010.04019,405,85.361515
-1617.226564,299,85.844379
-1392.501411,303,86.351209
-1376.819,408,86.997136
-1601.759863,273,87.455226
-1219.273666,246,87.873905
-1471.208412,247,88.297825
-1763.166485,361,88.8687
-1062.439834,244,89.289361
-1110.011338,265,89.744803
-1947.52448,416,90.377818
-1140.300538,254,90.823618
-2084.407585,317,91.337282
-1507.602458,240,91.750431
-1304.654431,371,92.32967
-2192.067506,354,92.898027
-1059.536666,286,93.374168
-881.076313,293,93.849115
-1257.200378,240,94.263549
-2354.994731,603,95.14786
-940.333633,315,95.66259
-1739.125115,362,96.243626
-1386.689581,279,96.712591
-1239.153184,452,97.40184
-1710.979185,358,97.968757
-1595.533938,296,98.450793
-1088.825367,262,98.902788
-840.775195,284,99.376868
-1291.090857,274,99.839619
-916.062512,281,100.301588
-1663.988375,438,100.97244
-1929.481217,305,101.473958
-1259.780858,220,101.869933
-1164.191681,213,102.261168
-1176.63884,269,102.719742
-869.948614,262,103.164703
-1436.36487,228,103.567989
-1041.670669,340,104.104537
-1210.355682,244,104.522517
-1977.010637,296,105.002095
-783.838089,285,105.473124
-1535.854378,468,106.194477
-1915.133391,349,106.741925
-1443.896552,251,107.181332
-1297.661024,262,107.63542
-1220.473631,276,108.104471
-1430.118795,245,108.522154
-1279.753584,265,108.981688
-1089.303077,237,109.785938
-1046.302817,229,110.228503
-1489.455819,346,110.779189
-1464.669962,318,111.302317
-1003.36383,286,111.774241
-1508.683892,475,112.496979
-1283.390915,308,113.012949
-1523.726718,299,113.499707
-1252.813053,245,113.923933
-1043.512318,255,114.374387
-853.306709,266,114.824589
-1215.640732,263,115.276673
-1126.271008,329,115.806723
-1782.567539,525,116.581334
-1393.838068,318,117.093029
-1920.857303,359,117.66832
-1223.969308,345,118.2138
-1683.148136,279,118.673626
-1697.923461,279,119.139553
-1438.796473,244,119.559684
-1472.860474,259,120.008863
-1561.131025,309,120.522762
-1388.772963,301,121.029746
-840.84079,468,121.748691
-1283.003622,251,122.194639
-1192.583943,221,122.591731
-1115.427758,236,123.004506
-1514.109467,245,123.427248
-1566.786102,252,123.867758
-1565.222683,273,124.331221
-1326.998617,266,124.787423
-1871.892592,362,125.368534
-1098.736701,380,125.957691
-1033.259759,281,126.430273
-2070.71507,370,127.018796
-1508.285677,289,127.498444
-608.733861,500,128.24102
-894.072946,275,128.703932
-1432.780398,295,129.185343
-1130.666016,276,129.651041
-1367.406801,252,130.094839
-1544.605037,349,130.642652
-1429.572969,297,131.126817
-1453.823054,320,131.657638
-1508.871503,377,132.251892
-1383.96058,476,132.971651
-1972.956073,446,133.643443
-1334.919049,231,134.051957
-1887.388534,239,134.465945
-737.560488,236,134.872752
-976.490144,392,135.481292
-1340.350802,307,135.99456
-2128.998981,344,136.919915
-1140.668338,316,137.440047
-1601.418938,261,137.892444
-896.115837,325,138.412415
-1299.386008,428,139.067937
-1415.70206,290,139.545745
-900.611752,651,140.491984
-1160.928101,200,140.853672
-1630.88963,315,141.36857
-1281.488793,316,141.878943
-995.021495,302,142.379228
-1037.562071,377,142.971986
-1283.816303,230,143.375006
-1204.046947,631,144.290322
-1534.175253,290,144.766252
-1114.447225,308,145.27083
-1273.151894,245,145.68646
-1480.502238,261,146.136238
-1130.215808,486,146.860612
-983.660271,270,147.31565
-1197.672732,310,147.826206
-1442.934542,272,148.288705
-1179.368278,420,148.936744
-1976.4562,525,149.707203
-1385.816466,247,150.125656
-1900.586716,545,150.92009
-1045.637776,290,151.391151
-1435.216276,274,151.854232
-2069.91017,438,152.524716
-1023.754125,256,152.966487
-960.596854,265,153.41874
-1115.024386,260,153.868657
-1397.39428,349,154.416017
-1280.323128,237,154.827729
-1813.62664,306,155.331139
-1518.314295,293,155.810781
-1415.917095,305,156.317399
-1301.556318,311,156.82256
-1171.010797,287,157.29789
-1268.937039,249,157.715583
-2111.132574,409,158.355306
-1270.600057,336,158.889169
-1423.136539,278,159.355623
-1631.171022,419,159.998256
-1479.5013,507,160.759207
-1841.062924,283,161.229795
-1272.262895,200,161.59255
-664.620105,282,162.056928
-1461.824114,261,162.509934
-865.328562,294,162.992566
-1178.402164,236,163.796694
-1432.177541,284,164.27535
-1217.945308,255,164.718363
-2003.211041,297,165.199528
-2230.789878,428,165.857691
-1291.255995,251,166.30069
-940.829866,322,166.826355
-1089.467136,431,167.493487
-1215.614557,274,167.95371
-1406.603023,279,168.423924
-1097.4076,277,168.89221
-1331.495591,274,169.358457
-1024.195659,396,169.966273
-671.008217,278,170.429103
-3182.161932,623,171.331531
-1208.895818,249,171.758016
-826.076802,346,172.303508
-1170.568015,223,172.703608
-1201.282561,275,173.167347
-1354.925578,279,173.635076
-1743.071289,436,174.303261
-1737.660696,335,174.843311
-1331.384027,238,175.258925
-1101.667173,287,175.734823
-2501.361636,512,176.493638
-899.358886,261,176.947237
-1412.315339,475,177.667745
-1504.748965,290,178.151195
-1133.287437,249,178.578341
-1020.789812,276,179.047617
-1670.287801,267,179.509722
-993.459488,373,180.099658
-1331.313103,281,180.569175
-978.708347,245,180.985259
-1328.742222,248,181.406468
-1499.776387,283,181.88105
-1705.188179,375,182.476023
-784.540222,265,182.928156
-1340.472099,545,183.736192
-1188.506893,292,184.218288
-1803.997367,303,184.723091
-1113.836375,447,185.402835
-1357.155261,276,185.870849
-1135.645586,242,186.291514
-1279.796728,411,186.936958
-1258.677491,314,187.454144
-1116.09112,335,187.987951
-1106.941394,460,188.681856
-1870.774978,392,189.29005
-1440.768601,349,189.841331
-1852.488262,312,190.738329
-1123.612268,262,191.190547
-540.786285,579,192.023769
-2118.869944,455,192.724864
-2851.371882,766,193.789091
-1560.955533,599,194.669286
-985.835012,379,195.263835
-1341.199387,304,195.770903
-1066.966338,211,196.16209
-1209.502607,240,196.580773
-1178.595893,304,197.08467
-1425.569913,252,197.528893
-1509.360991,321,198.056542
-1394.407998,260,198.505396
-1112.569209,306,199.015156
-1224.098344,254,199.46009
-1382.451807,296,199.947433
-1294.992813,257,200.391896
-789.565895,390,200.983809
-2017.056205,563,201.813577
-1090.008556,332,202.346303
-1340.567807,482,203.069627
-1715.626996,414,203.70634
-2262.484009,412,204.349031
-882.103776,259,204.799297
-2042.628506,426,205.460378
-1449.234907,450,206.124243
-1614.259934,310,206.642296
-1128.202081,241,207.06054
-1562.368338,547,207.867403
-1370.663849,261,208.318228
-1209.339821,281,208.782675
-1121.003346,346,209.323724
-1361.34632,270,209.789819
-1926.553347,506,210.547586
-1169.246143,295,211.022494
-1589.549293,283,211.495165
-1187.713041,271,211.956509
-2381.171612,622,212.829298
-625.771481,295,213.307398
-1433.643333,261,213.757499
-1617.078195,676,214.704134
-1811.228487,399,215.318536
-1459.123504,356,215.895602
-1572.512505,236,216.664877
-1440.132589,315,217.183509
-1015.075648,372,217.77659
-721.922977,556,218.599288
-897.065236,287,219.075163
-1151.856753,242,219.494718
-1494.70262,247,219.917287
-1028.594505,252,220.364757
-263.067845,455,221.052949
-1055.540306,200,221.412695
-372.830999,476,222.135973
-1144.029637,297,222.624178
-2334.443013,471,223.343369
-1290.183523,492,224.057982
-993.26719,316,224.572533
-1461.414971,381,225.174341
-1333.236865,275,225.640319
-1328.298491,275,226.109613
-970.862785,428,226.768753
-1726.667943,385,227.364275
-1184.294004,254,227.808977
-1279.23206,239,228.226966
-1385.696269,363,228.804704
-1408.799665,210,229.196667
-1050.184398,231,229.606052
-1447.347096,354,230.177156
-1968.750278,750,231.240905
-3519.923956,975,232.58955
-982.246755,370,233.177176
-990.236128,316,233.701956
-1315.297387,245,234.12049
-1009.379845,251,234.55841
-1294.230111,357,235.134834
-1569.593913,394,235.746339
-907.253121,594,236.596127
-1991.576154,414,237.243876
-712.905237,256,237.685774
-1470.990574,363,238.269344
-1491.958145,302,238.776077
-2352.784319,415,239.424944
-1627.524082,592,240.292439
-1659.715417,530,241.070771
-1567.12199,398,241.685947
-822.21396,495,242.811522
-1735.243631,363,243.3858
-1152.015831,346,243.932992
-1491.841176,300,244.421029
-1131.138729,315,244.939287
-1332.486774,259,245.388387
-1892.871913,592,246.243452
-932.198317,542,247.02238
-680.882039,248,247.433189
-964.042112,344,247.977237
-520.747824,397,248.582724
-534.145667,318,249.103655
-1350.327495,555,249.931986
-1470.767604,379,250.529657
-1756.078301,552,251.342437
-1343.666463,488,252.069665
-732.215695,373,252.643274
-1846.073193,367,253.225468
-937.173121,606,254.101493
-2113.698018,737,255.121677
-1380.950904,266,255.592804
-1552.08427,311,256.105551
-1092.63184,366,256.676218
-779.913458,269,257.13356
-504.122778,375,257.709141
-1453.256919,281,258.176208
-1971.125259,408,258.804823
-1245.24993,341,259.345796
-1724.990517,576,260.165729
-3314.25115,1015,261.558676
-1339.316257,427,262.222825
-1098.638801,250,262.647593
-2100.219409,299,263.129588
-1374.366474,305,263.641778
-1228.527036,496,264.382625
-830.903605,304,264.886335
-1638.402098,331,265.41607
-1266.005546,457,266.109672
-2233.118197,819,267.25601
-837.967419,306,267.771956
-488.417703,391,268.740029
-1284.30917,278,269.213987
-1662.906836,354,269.787404
-794.557522,276,270.255139
-1539.876426,463,270.970348
-1303.617961,241,271.391874
-1207.343121,360,271.958972
-994.909242,310,272.471078
-973.347866,258,272.924904
-1015.796101,359,273.496668
-2679.48263,574,274.34699
-1637.237282,915,275.605252
-973.560887,277,276.07654
-1166.228142,268,276.538474
-2104.083372,399,277.153488
-1594.389944,366,277.742326
-802.478546,257,278.194862
-2095.857087,714,279.220324
-1180.562502,294,279.713276
-617.908526,368,280.293998
-1817.916415,338,280.832618
-970.804476,436,281.506479
-491.787502,382,282.097544
-1444.797186,379,282.692363
-1280.75458,384,283.297055
-1008.141264,318,283.814561
-2249.58537,752,284.884418
-2516.18902,354,285.473652
-1539.411318,617,286.363582
-977.59936,397,286.980738
-1477.239525,389,287.586942
-1323.159021,246,288.012978
-2359.184591,383,288.610174
-1478.28578,305,289.128281
-1082.258931,363,289.70575
-1726.325871,559,290.529907
-1325.058277,276,291.002501
-1651.283,553,291.833328
-552.307634,487,292.567917
-1023.883937,498,293.315649
-752.195075,281,293.787446
-2055.120328,832,295.336142
-727.198553,537,296.13334
-1362.557405,289,296.60853
-1368.566307,262,297.066226
-1328.682056,298,297.55322
-1231.785407,286,298.036514
-1464.762626,312,298.556339
-1073.846868,467,299.274744
-1637.125184,329,299.804726
-195.180338,497,300.531556
-1307.8486,531,301.307635
-1328.0413,321,301.83389
-978.559535,291,302.31891
-1113.666353,386,302.906778
-1181.497399,377,303.500139
-1528.358885,323,304.025887
-937.688075,412,304.672727
-325.971109,514,305.456252
-821.917158,338,305.992523
997.009926,800,307.08761
-2124.745503,434,307.758445
-1048.672903,482,308.471969
-937.419998,325,308.997868
-902.503831,480,309.728611
743.562074,485,310.446598
-1911.813325,338,310.986263
-3342.597452,913,312.242334
-1019.266547,384,312.854537
-2548.076457,602,313.731838
-1716.824011,474,314.433097
-1414.588769,527,315.206716
-1219.883164,218,315.607639
-567.942951,300,316.096209
-1303.896861,348,316.644696
-3193.278712,838,317.797504
-1327.087975,283,318.282667
-724.451518,371,318.86607
-871.002747,523,320.061893
-1682.306136,837,321.222951
-1639.385215,531,322.021481
-1673.593906,483,322.747517
-2255.452908,477,323.466599
-955.007533,480,324.19069
-1685.81942,377,324.790316
-1804.674804,386,325.388988
-2432.352403,572,326.249289
-1095.957858,441,326.924463
-1934.88431,310,327.438278
-881.080375,581,328.287849
-587.582794,813,329.416151
-1426.327743,304,329.930087
-793.089744,305,330.444097
-1947.750116,444,331.107867
-379.993711,394,331.723701
-1248.051746,288,332.200925
-1108.434001,377,332.787093
-1456.233944,514,333.559633
-1505.520613,301,334.074294
-1471.518254,717,335.111712
-1150.057269,320,335.633769
-1018.768825,271,336.099754
-2292.00921,1169,337.67046
-1855.800065,506,338.443676
-954.952453,329,338.982329
-1571.06788,500,339.718438
-2201.653865,739,340.756284
-1039.209589,715,341.762972
-994.70199,298,342.243785
-852.50709,289,342.72655
-2441.773799,659,343.679896
-1926.395619,511,344.815717
-1627.853741,502,345.577075
-1150.322406,388,346.184906
-1546.234986,409,346.826705
-916.987707,320,347.346238
-1969.153323,571,348.184103
-1264.431441,269,348.646063
-2189.290425,857,349.832784
-380.811216,741,350.86133
-1418.295678,401,351.496137
-679.890082,606,352.378261
-1341.773171,484,353.091815
-1211.71772,763,354.174288
-963.582543,314,354.690173
-587.696844,318,355.219352
-1537.706618,704,356.227431
-1503.60769,303,356.735675
-1919.165706,408,357.372732
-812.085574,280,357.837879
-1342.392037,266,358.293942
-2425.547951,564,359.128919
-2290.607872,538,359.920386
-579.435129,571,360.747611
-1051.57348,262,361.203993
-1459.137265,443,361.864254
-395.340556,610,362.747444
-843.963671,940,364.035903
-1588.542003,580,364.894326
-1284.820455,316,365.420967
-885.471915,288,365.898554
-1042.906161,681,366.856602
-1402.533953,503,367.619776
-333.101267,295,368.100453
-1190.806116,357,368.669408
-1088.180083,391,369.640215
-1186.286825,577,370.491022
-1697.215415,613,371.398932
-460.387765,603,372.268906
1737.191877,670,373.224844
89.407078,521,373.991292
-2648.615252,794,375.093989
-853.904149,406,375.731772
-1053.559266,486,376.453542
-1120.349832,390,377.07478
-1047.7129,675,378.060146
-1197.414215,308,378.570548
-2335.855493,554,379.389459
-712.355251,269,379.84952
-1504.771827,286,380.333102
-985.953056,265,380.797065
-116.408194,465,381.502931
-2520.875243,867,382.704671
2619.018236,1981,385.286875
-712.560472,638,386.194011
-1806.247308,477,386.90723
-356.244799,322,387.432101
-1086.284797,309,387.952011
-141.503689,981,389.2822
-1192.264118,379,389.875373
-359.043963,567,390.69215
-1194.350916,551,391.515622
-157.760264,522,392.299834
-1139.105151,623,393.215962
-1223.784098,421,394.235716
-1062.306334,522,395.017697
-848.799574,382,395.599696
-1350.063489,391,396.20385
209.894105,573,397.043431
-2355.835162,593,397.900097
-329.179342,431,398.555034
-1444.871752,280,399.028189
-502.05298,1216,400.667269
-1157.473333,559,401.486172
-1237.689677,315,402.001033
-2388.930899,414,402.647945
-2626.32,989,403.97244
-294.97035,619,404.878148
2128.782365,1349,406.670046
-1516.196834,562,407.509476
-362.948716,447,408.187384
-1756.021596,467,408.883174
-578.439588,273,409.341543
3377.586504,1027,410.748657
-1386.273917,385,411.345709
-761.712631,334,411.882681
-360.418794,329,412.408614
-380.692424,411,413.032294
-387.550026,1097,414.485173
-1306.22146,228,414.892371
-1724.781577,377,415.486894
-1695.614455,521,416.268056
-847.259675,485,417.001927
198.014802,611,417.897312
-768.304678,526,419.057499
-79.536746,806,420.177601
-838.80024,555,421.024849
-1486.922629,382,421.622129
-721.02059,381,422.223085
-2745.823267,864,423.428542
-2473.406955,606,424.311862
-670.125817,260,424.762534
-827.706769,428,425.426481
-1073.988719,329,425.966633
-1283.101697,489,426.706514
-410.781781,292,427.17956
-1393.105516,499,427.912596
-2143.937807,642,428.837293
-1431.776624,452,429.528575
-2419.741673,747,430.572018
-1296.457291,275,431.055226
171.972271,1231,432.708352
-1573.677762,1023,434.104687
-516.485418,413,434.744574
-249.889823,460,435.442548
-1670.800783,686,436.427886
-1518.227602,532,437.225448
-896.440983,293,437.709457
-612.258345,379,438.310607
-1748.697135,428,438.979763
499.243823,839,440.158696
-1006.858714,441,440.848626
-2616.822155,625,441.768816
2756.234834,1270,443.882834
-1624.112018,379,444.479048
413.949475,884,445.682693
-1475.164655,537,446.477453
-906.58216,252,446.924149
-496.500827,399,447.532322
-2614.901671,943,448.83086
-1499.808558,636,449.750297
-1240.872093,550,450.542303
1513.18079,1681,452.756955
-51.307905,362,453.331239
4.355997,639,454.2398
-1348.874444,357,454.813701
-314.211684,618,455.712347
-1575.428831,520,456.489077
-537.358558,983,457.846309
113.694325,539,458.636436
-1199.161603,274,459.108752
-2068.276426,1363,460.914728
-1025.626264,332,461.443184
-879.234627,417,462.083999
-378.355212,655,463.017367
-679.706068,405,463.642341
-1220.037851,582,464.477385
-1448.00365,330,465.010855
-1128.779957,456,465.717227
-989.855799,339,466.254245
754.670604,869,467.825703
-2510.748242,863,469.026213
-604.585625,479,469.749575
2036.83135,1024,471.160593
-2787.598157,952,472.478649
-1397.221553,451,473.189741
516.641064,1070,474.648185
-2036.334195,593,475.510742
-1048.723701,327,476.039716
-1096.035721,418,476.68793
-254.33892,342,477.228881
-1103.87704,675,478.203128
-792.192541,491,478.930464
-1868.431695,588,479.785125
-1711.553462,486,480.507975
-1578.446394,558,481.348578
3150.348636,1233,483.0202
-1604.587964,330,483.556718
-956.244102,761,484.649538
-2118.033044,541,485.438966
-1320.845055,381,486.036382
-1175.701463,349,486.589847
-2449.740784,867,487.789821
-263.659284,937,489.10466
2938.222003,1095,490.9647
1434.850497,588,491.803144
-2340.057081,630,492.711196
-1314.455314,503,493.46507
-1168.255936,610,494.342377
-2128.144145,517,495.121674
557.084971,896,496.336777
4874.087755,1164,497.905387
-155.838014,936,499.19702
-1242.590466,561,500.011559
2619.962689,1164,501.587428
-1181.296332,328,502.123114
-49.698002,503,502.869709
-1199.746401,973,504.20453
-1724.587908,528,504.975202
-664.494782,649,505.890391
1823.31486,837,507.047253
-404.59837,307,507.553593
373.920201,491,508.278666
2181.698249,992,509.63022
-1272.481039,563,510.457453
-864.474936,815,511.596437
-1748.6432,516,512.367532
1341.841822,1757,515.06326
-806.920484,524,515.830935
-462.632566,277,516.298277
-1322.254905,756,517.362654
-762.650114,1103,518.876796
1214.932609,1476,520.845966
745.085578,1043,522.262494
-1014.029451,952,523.587567
-85.582605,647,524.502055
-2187.578504,491,525.239099
-2726.2817,587,526.085288
-1144.346935,517,526.860996
-1487.716006,730,527.888247
939.571829,618,528.780948
1536.551041,1150,530.349221
-1330.335165,808,531.49034
45.882257,1155,533.065544
-540.436101,507,533.851772
-2265.992167,559,534.67757
-1816.220218,507,535.453566
931.649623,1106,536.96558
2946.46896,1265,539.060258
-2403.444866,890,540.293386
-3842.697309,1060,541.731301
-1410.912106,706,542.736696
-1628.904926,1302,544.489148
1151.36422,833,545.640623
211.999815,942,546.93128
-789.59162,679,547.894622
-932.604299,499,548.625158
-1596.669888,662,549.596045
-1724.380587,2003,552.215928
-1734.97687,596,553.077634
2128.351648,1170,554.655187
-1631.382268,490,555.394702
-2703.752939,676,556.350501
-1463.399156,356,556.925496
-196.350412,950,558.205799
3238.361093,741,559.259767
-2282.431556,570,560.103165
324.258341,1764,562.777901
1622.824745,879,563.990396
-540.6227,848,565.16223
2807.521616,1523,567.189446
2273.687666,1338,568.98162
-68.98766,1902,571.464777
2461.291812,917,572.725041
-1059.249824,456,573.419068
-1009.912834,404,574.059441
-115.708669,617,574.960304
-1295.139736,360,575.535009
913.518061,1270,577.216167
-367.970169,601,578.085232
-1381.533692,1280,579.79833
-2518.613083,1498,581.777977
-1046.788889,281,582.255949
-74.088199,1088,584.099786
-2758.464062,572,584.914055
-2154.103368,720,585.933091
-710.168549,603,586.802577
-1667.616907,549,587.590381
417.353147,621,588.477379
-1375.540531,367,589.070342
-2264.735706,1396,590.901467
754.929943,534,591.670471
1667.120384,807,592.789835
742.269491,630,593.682236
1440.563037,1281,595.383758
2931.143166,1243,597.029163
-1066.351807,276,597.495975
-658.761464,472,598.193044
543.071302,623,599.088245
-1526.02573,424,599.736078
-444.375869,387,600.322377
561.764443,1274,602.036116
-1927.057174,2383,605.097952
-596.069383,573,605.923435
504.171112,579,607.135373
621.364538,1620,609.292523
-1104.828618,450,609.966231
2614.995391,1397,611.807164
-2134.152506,821,612.943112
-2570.277339,542,613.731377
572.320353,658,614.668769
1730.753156,890,615.883625
-176.712893,517,616.645083
443.031383,698,617.623252
919.169546,693,618.596222
-1912.674643,534,619.386409
2286.433876,1460,621.311938
-1411.633273,308,621.821709
444.466933,437,622.478607
9.976072,743,623.509965
2737.6634,1254,625.214803
-623.808799,574,626.053463
496.339436,1137,627.576123
2963.98273,830,628.727961
-687.52669,613,629.968809
-1432.513157,594,630.83986
1111.812545,1674,633.078554
-1519.959143,716,634.085169
87.415037,1249,635.750522
-212.973971,727,636.771811
-1553.58412,359,637.347506
759.0727,846,638.524783
-955.705253,665,639.483789
2546.556284,1589,641.600442
2792.588095,1684,643.796562
2323.18654,1344,645.599441
742.771887,653,646.537312
49.705392,1030,647.96246
-1569.101217,378,648.553626
1310.958051,893,649.786235
1913.768333,608,650.663043
-1677.99388,694,651.646706
1966.084282,1367,653.857635
-256.815263,774,654.966349
2151.127877,853,656.169567
1180.83084,688,657.146214
1678.98516,1186,658.749881
-964.305665,441,659.42454
819.389385,1250,661.0983
1544.58261,1186,662.70504
-195.108163,558,663.530634
-1173.152312,342,664.07212
3318.235681,1857,666.549556
2946.262499,1037,667.951663
-169.598197,433,668.615193
2769.570097,1246,670.325288
299.787255,657,671.278795
1647.856546,2670,674.78571
595.443009,530,675.926222
-576.438341,555,676.753304
1207.308416,1175,678.324148
435.845006,1656,680.538992
-2322.112587,949,681.852432
1942.72799,1400,683.725208
2430.292769,1451,685.695743
772.735076,1684,687.915308
-858.913695,1028,689.326974
1137.275479,2521,692.626572
-1202.402814,456,693.330049
881.180585,1473,695.306501
-766.880204,1683,697.523445
-3180.194076,1717,700.192546
1846.403112,1118,701.723559
408.858743,776,702.792559
-1923.153101,654,703.738008
520.453694,1340,705.532612
239.662881,1348,707.339189
2659.445223,1472,709.325693
-1551.232559,460,710.044858
-755.876868,1923,712.581432
498.208577,1122,714.107014
-4135.063096,1060,715.555688
675.802857,946,716.861079
2957.426523,1130,718.403857
-2265.512015,570,719.243106
2940.462418,1216,721.288426
2786.429317,1473,723.264946
560.530373,1002,724.637686
-965.159465,616,725.551262
-1963.080828,1266,727.248202
-898.88346,364,727.824226
230.992527,2027,730.483438
-926.409293,1698,732.708661
-3018.248505,694,733.705505
3302.907948,1245,735.389588
1229.161349,1191,737.005572
2575.502595,1372,738.859029
-721.627596,549,739.646456
797.76552,822,740.786548
532.324352,1598,742.891007
1589.496536,1273,744.95125
675.377277,695,745.931169
2305.784878,1081,747.400162
567.949257,753,748.463189
2504.617374,1188,750.094925
3626.898604,1115,751.621068
949.272476,837,752.785896
1682.008591,1216,754.432929
2629.168198,1112,755.973688
2497.305848,1184,757.588984
1791.788161,1574,759.665217
-809.898384,895,760.928855
987.102308,1213,762.569573
983.642775,1331,764.332873
965.475476,1220,765.99179
983.581698,1550,768.428551
2878.188005,1403,770.312331
2514.267681,1103,771.831055
3726.671282,1818,774.214191
-775.423366,488,774.929013
1638.199164,616,775.840488
-1048.7613,1435,777.731514
2982.41241,1918,780.260066
2676.064872,1276,781.984997
-686.805927,1834,784.393584
3283.18594,2978,788.682933
-472.147499,767,789.810153
2786.928047,2069,792.51205
1692.761612,1178,794.099188
-655.059042,838,795.278909
45.80612,1208,796.891384
2253.071488,1271,798.605106
2348.39756,1157,800.17839
-2983.786661,2188,803.016657
-325.654444,487,803.73644
530.972745,1793,806.106684
6301.323583,2064,808.770745
-1056.996386,690,809.730819
1425.757705,1084,811.592977
3001.235424,2682,815.070747
-624.969001,691,816.065639
3753.955654,1129,817.599724
3430.423955,1239,819.271761
-672.529789,1391,821.124387
1166.183868,1056,822.573699
2503.901566,999,823.927276
1726.245937,2281,826.938275
-1084.614311,799,828.030588
2098.071498,1011,829.4115
945.0393,1573,831.511473
1045.838257,1257,833.596314
2543.592738,909,834.861995
955.175386,790,835.975473
3595.086365,1930,838.530533
3764.32365,2420,841.740909
3286.973688,1528,843.792664
3325.881516,1506,845.824674
1140.752584,2653,849.327894
5036.680985,3049,853.2961
7484.479198,3254,857.905994
3444.260701,2144,860.723171
2417.732388,907,861.998404
3934.836003,1000,863.348979
981.299075,761,864.420112
2656.435418,2277,867.405389
-742.593239,854,868.581727
-3921.925524,1308,870.345844
3011.438641,2269,873.335328
305.755734,1837,875.743896
867.464586,2140,878.97186
3224.858661,1678,881.220153
1438.805905,1796,883.590469
3094.236659,1069,885.044069
1394.2109,1199,886.663762
1640.818453,1481,888.626165
3408.075799,1403,890.500328
2836.50308,1796,892.896283
1121.46999,2668,896.364167
2049.740118,1399,898.235478
3868.607731,1370,900.425114
2130.626509,1269,902.154843
2240.012203,1302,903.90836
1387.658162,2360,907.01164
2730.412669,1636,909.193428
-308.787417,932,910.446625
5849.480052,2645,913.843186
2292.024634,1025,915.215478
1157.245454,1491,917.193505
10.236154,973,918.518699
1763.413195,1158,920.075998
407.720679,1204,922.079092
3251.55289,1775,924.436363
-1050.936948,1044,925.853645
4261.437971,1762,928.200191
2913.306213,2465,931.410859
2999.98784,1988,934.021359
2374.104417,1184,935.618549
1410.591686,1388,937.465368
3223.026022,1675,939.672666
601.254618,1380,941.506609
1327.102137,1524,943.548746
3800.733948,3562,948.513548
3411.350042,2627,951.943637
2585.607678,1753,954.277741
231.469933,1134,955.804412
4062.352761,2462,959.044858
2216.246972,3030,963.015289
1177.292009,1483,964.967158
5397.545135,3251,969.544996
1996.402238,590,970.387729
3114.86723,2822,974.064193
-840.860805,799,975.170041
6191.697482,2407,978.308576
9426.101857,4492,984.007385
5324.964249,2923,988.149562
5099.227696,2482,991.358372
2988.498291,2864,995.100669
4451.376481,2758,998.657432
3704.272804,3365,1003.003265
176.854823,2108,1005.741473
1286.668384,2156,1008.567762
5559.022854,3253,1013.099486
1882.568171,1173,1014.678678
1707.31819,1696,1016.898107
2997.281151,1196,1018.490737
1944.060909,738,1019.501252
2177.494434,1281,1021.198135
2480.267712,3767,1026.036721
1337.504998,4013,1031.564664
4515.154874,3944,1036.57226
3763.416762,978,1037.920295
3140.230715,2473,1041.175137
2785.587721,4761,1047.278137
3591.063485,2545,1050.575517
3664.743454,2283,1053.934806
2211.375877,4565,1059.827926
4088.627744,2558,1063.186339
2745.124236,2441,1066.370365
1132.441665,579,1067.208232
1123.691911,1776,1069.551271
1174.527682,1388,1071.394771
818.588576,1732,1073.69149
2468.242852,3985,1079.187307
230.539656,516,1079.940841
3150.298994,2390,1083.060141
1904.003968,1892,1085.549357
1914.818288,1677,1087.781053
1718.763523,809,1088.904682
2911.093794,1315,1090.670913
2459.049718,3971,1095.76451
2876.657233,2048,1098.815282
2648.960918,2381,1101.934318
-364.619712,385,1102.537413
5286.156674,5001,1108.898762
2664.861888,3373,1113.261491
926.92825,1747,1115.56224
482.87131,604,1116.443801
4360.496019,5001,1123.1636
2555.323031,2868,1126.849166
3201.824064,2762,1130.419409
2256.26801,2427,1133.583914
4206.806207,3457,1137.987803
3328.327782,4250,1143.75827
2446.566587,2715,1147.275819
3972.90338,2415,1150.397285
4769.221828,5001,1156.700555
1505.654826,2086,1159.432418
3543.265266,1220,1161.435945
-1653.193124,850,1162.611453
2265.488006,1789,1164.982593
2611.120811,1552,1167.06405
778.003352,2462,1170.272065
3627.203457,3119,1174.28997
7007.179638,5001,1180.631674
-1877.2163,1159,1182.597123
1408.979217,2357,1185.705778
2126.149449,1887,1188.181016
2013.579366,1777,1190.546502
2670.251159,1992,1193.187021
550.783703,1559,1195.267672
1215.765561,1685,1197.520878
2308.148136,1035,1198.93182
677.039553,1739,1201.242558
1902.45015,3193,1205.750597
3112.287492,1265,1207.449876
2291.015008,4897,1213.71955
674.377477,1949,1216.286978
5536.42706,5001,1222.637786
1447.97538,1989,1225.272145
11168.192823,5001,1231.942463
1738.240733,2121,1234.73759
3006.474787,3334,1239.028687
5135.530817,2485,1242.217436
5043.074202,5001,1248.917087
453.568359,507,1249.676672
7078.261597,5001,1256.011473
3224.353141,4895,1262.22549
2967.425263,2352,1265.309845
2138.011258,728,1266.324378
4538.726255,5001,1273.032892
7131.681281,5001,1279.342605
1917.147464,762,1280.405037
47.727307,4762,1286.486873
2238.306435,755,1287.545996
9115.092107,5001,1294.269509
8387.046275,5001,1300.598987
2733.469603,2210,1303.4924
1445.583141,1159,1305.088051
4372.100964,5001,1311.798726
2994.010927,2195,1314.630697
1799.728506,891,1315.844049
-407.546204,1089,1317.308741
8221.86568,5001,1323.558703
1236.447258,2492,1326.809433
-669.805845,1108,1328.296594
1896.031331,1583,1330.394443
2538.709276,3142,1334.762388
6373.178093,5001,1341.081714
2938.413073,2817,1344.703178
2478.697669,1466,1346.658647
1635.083083,2504,1349.924771
4424.894671,5001,1356.641682
1615.923494,694,1357.606027
1015.311069,2524,1360.839799
3443.981623,1910,1363.312446
2614.559804,3915,1368.297961
3502.947307,3423,1372.650496
8839.44448,5001,1379.268806
3245.697084,1178,1380.858329
4557.117799,4051,1386.022286
3930.665058,3558,1390.5691
134.018008,2330,1393.585776
3251.519581,4127,1399.239899
-755.915297,403,1399.870348
3156.228823,3193,1403.948892
3294.721395,1409,1405.839409
4828.752929,5001,1412.15004
4660.461079,5001,1418.771709
2918.106502,1584,1420.849684
3614.752066,4071,1425.978783
1615.892683,744,1427.002493
3028.756548,2088,1429.679757
3389.932957,3138,1433.745932
4583.051791,4836,1440.168815
2966.775287,2485,1443.382328
7730.164818,5001,1449.61948
5959.830394,5001,1455.900863
6769.641973,5001,1462.515274
1372.820842,2917,1466.276025
8021.896351,5001,1472.56389
1479.060284,1937,1475.075595
2029.677847,709,1476.064959
1270.169294,3903,1481.042346
1764.01214,730,1482.441612
1490.149103,774,1483.526935
8249.584701,5001,1489.780299
6543.003859,5001,1496.047951
5345.718853,2736,1499.531291
-2005.598018,558,1500.33413
2546.444147,1223,1501.959866
3219.884669,3477,1506.750547
4814.151026,5001,1513.047335
2712.021513,4942,1519.284719
2896.90328,1103,1520.771688
5062.199174,5001,1527.426368
4634.225029,5001,1533.711852
3452.605062,1415,1535.583844
3361.993926,2114,1538.320035
3225.410518,1113,1539.80909
4868.225069,5001,1546.477633
3847.7485,2335,1549.486259
5624.002599,5001,1555.749588
1526.176634,3335,1560.000186
8846.89401,5001,1566.256493
4183.843872,1058,1568.045323
4221.052588,3415,1572.397479
4401.280454,1149,1573.903085
5015.996181,5001,1580.179409
4532.721629,5001,1586.456694
5212.593792,5001,1593.107486
3287.428634,2444,1596.228059
7061.788011,5001,1602.512628
8539.309462,4929,1609.059821
9527.959814,5001,1615.303796
3804.022325,1516,1617.321762
4284.679443,1104,1618.815034
2632.469313,2839,1622.451704
10250.348568,5001,1628.68901
3734.626576,3518,1633.500897
5423.981301,5001,1639.765783
3909.613112,1248,1641.416626
7769.315547,3722,1646.111026
7449.753929,5001,1652.732927
3870.098807,918,1653.978542
8279.40295,4039,1659.050748
3303.19842,1129,1660.555512
9265.932046,5001,1666.794332
5604.707997,5001,1673.396297
3638.14097,2231,1676.296125
7310.159231,5001,1682.58727
4317.890618,5001,1688.875684
3398.64521,3335,1693.47372
3891.675589,4188,1698.773264
3122.760157,1548,1700.794231
9373.485324,5001,1707.0347
10044.21915,4613,1712.801636
7042.126064,5001,1719.456156
8148.17344,5001,1725.721541
5483.293098,5001,1731.982523
6419.03993,5001,1738.585516
7884.404809,5001,1744.851107
8293.394666,5001,1751.105227
2584.838866,3135,1755.133842
4342.353443,3806,1760.30748
3902.149996,1026,1761.696537
6203.630824,2783,1765.245497
6701.628375,5001,1771.534224
3393.332656,913,1772.777186
3906.966176,1029,1774.167405
11114.160934,5001,1780.765159
3078.286298,895,1781.972545
10897.670558,5001,1788.21374
10797.613916,5001,1794.429227
8118.958819,5001,1801.077861
5165.174357,5001,1807.35134
8319.390091,5001,1813.619931
3682.622545,1266,1815.325535
3804.868502,1416,1817.186171
3344.090747,4217,1822.932487
12368.239172,5001,1829.178523
3847.524367,4334,1834.655997
10354.754228,5001,1841.248286
11212.199691,5001,1847.502354
8812.127495,5001,1853.728424
2909.289223,3074,1857.65211
5862.485691,5001,1864.247489
6922.407651,5001,1870.465657
12264.41378,5001,1876.721875
12217.800518,5001,1883.310069
3291.901878,1043,1884.707331
3294.27126,1229,1886.341487
8814.091862,5001,1892.614101
4138.209272,1129,1894.119891
3809.745709,1070,1895.564567
10090.543776,4181,1900.787343
4169.059169,5001,1907.465293
5840.021454,4331,1912.871932
9353.669118,5001,1919.12989
6252.239602,5001,1925.717394
8774.128198,5001,1932.008161
11873.048689,5001,1938.265789
3281.684468,4521,1943.971174
5039.028789,5001,1950.599344
11065.886083,5001,1956.812448
10230.519584,4665,1962.640171
9330.011229,5001,1969.301891
7820.910568,5001,1975.6065
6199.415191,5001,1981.884461
4549.730761,5001,1988.550891
9477.805223,5001,1994.832714
9992.144708,5001,2001.059366
7653.446817,5001,2007.307173
9361.695538,5001,2014.098606
8749.643481,5001,2020.319707
11144.131999,5001,2026.542814
8028.876937,5001,2033.211545
8909.844042,5001,2039.508833
7091.17361,5001,2045.769181
10802.47773,5001,2052.427592
11041.897164,5001,2058.736299
6488.020643,5001,2065.049323
3524.17772,2984,2068.866179
9875.175393,5001,2075.489805
8123.247862,5001,2081.748245
5029.130226,5001,2088.012089
9817.270453,5001,2094.67115
11427.750311,5001,2100.958879
8221.823651,5001,2107.264351
5234.989573,5001,2113.98807
17032.868319,5001,2120.255894
6203.465068,5001,2126.503346
11739.975641,5001,2132.748825
9810.817943,5001,2139.431598
10878.337964,5001,2145.745078
9639.431819,5001,2152.058836
11668.642123,5001,2158.748165
7415.132074,5001,2164.991729
11219.1115,5001,2171.265856
12681.064219,5001,2177.897835
7164.097174,5001,2184.166374
13075.61856,5001,2190.419968
6920.110004,5001,2197.054547
12244.533759,5001,2203.339165
7532.360109,5001,2209.631602
10415.495642,5001,2215.882875
12579.305668,5001,2222.539501
3939.77467,3143,2226.526156
10990.304368,5001,2232.824794
10140.316947,5001,2239.483113
9877.338095,5001,2245.733569
10240.80768,5001,2251.988805
12487.601372,5001,2258.252357
3837.122765,1179,2260.217121
10150.702311,5001,2266.48009
5814.680136,5001,2272.767092
8287.767244,5001,2279.071673
9060.487574,5001,2285.769733
5119.43907,5001,2292.131276
7340.081785,5001,2298.367517
12838.823938,5001,2305.007551
8968.341968,5001,2311.289892
4893.488211,3973,2316.333701
12047.235354,5001,2323.00264
11948.267445,5001,2329.301949
9552.494324,5001,2335.583364
12493.198854,5001,2341.87904
9763.795687,5001,2348.556821
6293.688049,5001,2354.878663
11439.30763,5001,2361.178099
9566.450691,5001,2367.856335
9803.63613,5001,2374.159951
12150.973985,5001,2380.415397
12673.10011,5001,2387.09916
7602.25122,4517,2392.787974
11998.266784,5001,2399.089376
10423.343386,5001,2405.394081
9937.440208,5001,2412.07199
11639.301052,5001,2418.33959
5200.789913,4766,2424.30875
10811.680874,5001,2430.946855
14093.672233,5001,2437.20636
13560.702794,5001,2443.462763
13594.735456,5001,2450.113043
297.538455,976,2451.43838
14910.597435,5001,2457.722231
15217.24429,5001,2464.015785
2567.824693,3951,2468.983496
13539.915225,5001,2475.630876
9876.545931,5001,2481.919819
9120.573437,5001,2488.203532
12183.177734,5001,2494.837747
14340.646541,5001,2501.093616
14375.181971,5001,2507.374133
14458.144611,5001,2514.056713
13146.111951,5001,2520.378672
6524.478369,3861,2525.269882
13254.068199,5001,2531.579615
7766.409158,4460,2537.56548
13895.383616,5001,2543.848207
12893.044219,5001,2550.159479
11381.783862,5001,2556.861404
12173.970461,5001,2563.167761
6375.66147,4033,2568.264848
14726.71327,5001,2574.943459
16208.167016,5001,2581.25597
13729.221643,5001,2587.536486
14600.07888,5001,2593.811724
9993.005507,5001,2600.506052
12254.666559,5001,2606.804618
12899.18115,5001,2613.124515
14140.460171,5001,2619.822043
14994.477068,5001,2626.122834
3828.223969,3319,2630.352557
12691.281114,5001,2636.632657
13099.031211,5001,2643.312167
13241.751875,5001,2649.637774
12245.610956,5001,2655.958615
11445.987789,5001,2662.662182
14308.577884,5001,2668.964962
11500.167987,5001,2675.246057
6024.699901,4503,2681.284501
11600.009604,5001,2687.559724
14427.838679,5001,2693.871895
11504.584974,5001,2700.144662
3685.842463,3335,2704.755978
12763.922565,5001,2711.023571
13665.613258,5001,2717.319113
6854.219942,3626,2722.259029
14540.492135,5001,2728.561434
12652.845927,5001,2734.870447
12767.250062,5001,2741.166564
12409.874011,5001,2747.827462
13145.539905,5001,2754.109836
14021.801315,5001,2760.42937
10671.703451,5001,2767.086945
13152.791087,5001,2773.427602
14508.375622,5001,2779.719618
13929.810727,5001,2786.41409
10815.85948,5001,2792.748542
16113.08328,5001,2799.058922
13206.09657,5001,2805.351521
12160.512082,5001,2812.02158
12787.679504,5001,2818.328955
11511.157809,5001,2824.6317
15710.292708,5001,2831.312691
11953.372668,5001,2837.602405
15066.15571,5001,2843.883333
12779.454026,5001,2850.546347
14203.021257,5001,2856.843556
14258.223672,5001,2863.139956
14802.761413,5001,2869.826516
11618.568661,5001,2876.118188
11939.354491,5001,2882.352067
10351.124351,5001,2888.599468
15581.511768,5001,2895.276968
13528.733957,5001,2901.548078
11267.209235,5001,2907.831386
13989.381126,5001,2914.450318
10899.210586,5001,2920.697298
8811.430754,4905,2926.858554
14672.435553,5001,2933.477033
12874.588019,5001,2939.784288
13529.094301,5001,2946.074671
14465.967462,5001,2952.759481
13789.687082,5001,2959.027155
11743.474402,5001,2965.309202
12048.565936,5001,2971.590545
10168.489191,5001,2978.260536
14285.803928,5001,2984.603657
14344.168674,5001,2990.873853
12896.838628,5001,2997.503282
14725.038696,5001,3003.781622
15590.185469,5001,3010.094088
13433.532086,5001,3016.726868
9627.718107,4765,3022.704481
11667.41258,5001,3029.013089
15015.341486,5001,3035.307332
12162.502572,5001,3041.981382
14186.892729,5001,3048.308141
12770.072404,5001,3054.663854
13163.080972,5001,3061.327471
4585.602769,4093,3066.525509
12492.930361,5001,3072.838848
4157.281672,2036,3075.480329
13542.920099,5001,3082.160632
15454.42961,5001,3088.428916
13694.098108,5001,3094.692983
11734.985349,5001,3101.350518
13943.935456,5001,3107.663769
15579.237792,5001,3113.959065
12259.475405,5001,3120.652401
11573.78539,5001,3126.911769
11286.297203,5001,3133.164511
6723.450684,2678,3136.560091
10915.90117,5001,3143.216513
12445.635744,5001,3149.543128
12460.893508,5001,3155.85765
17720.450371,5001,3162.139835
11173.999699,5001,3168.784519
15958.521236,5001,3175.022459
14766.128863,5001,3181.268849
4716.257951,4036,3186.726511
13731.024092,5001,3193.016803
14251.186449,5001,3199.295619
14338.199151,5001,3205.952236
11775.365165,5001,3212.245311
14795.837083,5001,3218.501469
10586.217155,5001,3224.774143
13270.763924,5001,3231.434159
14844.295566,5001,3237.718491
14602.071993,5001,3244.008476
14371.593385,5001,3250.66853
16316.934188,5001,3256.919855
13649.410861,5001,3263.180005
16509.619957,5001,3269.844577
14215.582299,5001,3276.191075
16129.757885,5001,3282.46401
13725.219116,5001,3289.121118
8045.921469,3245,3293.242479
12142.587842,5001,3299.526275
12749.98034,5001,3305.785316
15062.520772,5001,3312.437346
14178.353435,5001,3318.747283
10732.333051,5001,3325.048562
13974.096941,5001,3331.721698
15710.441903,5001,3337.998502
14566.758276,5001,3344.269532
13359.571551,5001,3350.55141
3178.803728,2737,3354.444118
12564.073687,5001,3360.75738
12986.887033,5001,3367.074215
13918.30272,5001,3373.745627
636.67373,2329,3376.713578
0.955406,527,3377.503345
13705.424984,5001,3383.801804
14334.733604,5001,3390.090873
12370.285736,5001,3396.750433
15320.027217,5001,3403.051327
14082.115261,5001,3409.371228
13881.303603,5001,3416.010199
13235.767278,5001,3422.290199
14347.192536,5001,3428.557124
7663.97603,2766,3432.057124
14945.139154,5001,3438.690695
12483.830596,5001,3444.956638
12722.60076,5001,3451.241462
15745.386836,5001,3457.882328
14601.419119,5001,3464.120943
15333.923451,5001,3470.346556
12272.909903,5001,3476.607458
15754.948837,5001,3483.239808
14625.802148,5001,3489.497943
15060.088777,5001,3495.736034
15949.108623,5001,3502.347169
11569.904602,5001,3508.574494
17893.861396,5001,3514.851537
15929.667572,5001,3521.461047
14938.295263,5001,3527.75335
13678.172119,5001,3534.034992
15897.270625,5001,3540.640937
12052.121168,5001,3546.855771
16427.758618,5001,3553.092839
15018.949187,5001,3559.317017
11123.519984,5001,3565.935494
15088.632579,5001,3572.220729
12030.277193,5001,3578.468399
15450.753148,5001,3585.087529
12544.913258,5001,3591.356505
12349.889223,5001,3597.601782
12722.3883,5001,3604.243928
13703.781486,5001,3610.528913
12853.796673,5001,3616.760761
14216.980687,5001,3623.420675
15910.620465,5001,3629.667419
12252.015578,5001,3635.857909
15732.461076,5001,3642.085842
14998.398821,5001,3648.716077
12945.495073,5001,3654.993869
13811.568796,5001,3661.243193
15831.674157,5001,3667.883368
13535.877326,5001,3674.147376
5834.734337,2407,3677.196326
13103.267425,5001,3683.446344
-602.225464,327,3683.976825
14776.551776,5001,3690.600809
13096.585007,5001,3696.867152
14837.850747,5001,3703.110211
2775.799607,1502,3705.109073
6224.052182,4232,3710.813851
16691.537933,5001,3717.06936
-42.409955,548,3717.854859
14455.199391,5001,3724.094059
12711.262039,5001,3730.703074
4126.606122,2779,3734.2745
14411.659051,5001,3740.538895
17482.194011,5001,3746.789529
9055.116949,3753,3751.844568
12751.445902,5001,3758.067789
16385.956611,5001,3764.305974
13716.395741,5001,3770.904377
15094.672055,5001,3777.16126
18989.813736,5001,3783.422369
1609.979631,595,3784.254418
13766.363506,5001,3790.848604
18613.553502,5001,3797.083688
1801.275553,3100,3801.00157
16294.505457,5001,3807.22969
13903.501296,5001,3813.871489
14862.131215,5001,3820.239366
1378.823723,552,3821.164668
10933.536414,5001,3827.447568
13292.582487,5001,3834.061177
16088.925998,5001,3840.286767
9355.952693,5001,3846.562555
13339.834404,5001,3852.781651
14177.172622,5001,3859.388809
10865.310351,5001,3865.673793
12263.30189,5001,3871.967908
14972.208322,5001,3878.621638
16665.521259,5001,3884.872402
14829.355458,5001,3891.117802
4800.929671,1924,3893.59442
14293.695681,5001,3900.234136
15104.578392,5001,3906.521585
10377.501919,5001,3912.832126
4580.635222,876,3914.035627
14285.974001,5001,3920.682896
15532.360373,5001,3926.957459
16462.095744,5001,3933.209981
12036.257012,5001,3939.824477
11522.010516,5001,3946.097955
16153.708213,5001,3952.361578
14738.103049,5001,3958.952454
15682.529567,5001,3965.193047
8099.801944,5001,3971.506506
1707.801715,1477,3973.43858
15266.36335,5001,3980.056529
15954.17993,5001,3986.300537
16232.672497,5001,3992.56639
10802.194987,5001,3998.822629
15245.612511,5001,4005.43226
11984.445191,5001,4011.643762
15031.982672,5001,4017.869087
15293.898617,5001,4024.556162
16519.618292,5001,4030.820653
16975.282765,5001,4037.064751
19110.07448,5001,4043.670877
13106.07521,5001,4049.97328
15816.955662,5001,4056.214894
14836.180645,5001,4062.819139
11850.521242,5001,4069.044796
12447.862644,5001,4075.289163
17416.21857,5001,4081.532878
14990.540456,5001,4088.170519
20711.727165,5001,4094.358869
12588.459844,5001,4100.53149
12130.600843,5001,4107.092489
18292.257371,5001,4113.305411
16236.053621,5001,4119.518613
14262.940021,5001,4126.094008
16185.201983,5001,4132.276664
16830.581297,5001,4138.472331
18333.304289,5001,4144.666395
19756.27501,5001,4151.233483
18540.598997,5001,4157.438083
2799.010684,678,4158.385513
6422.363392,5001,4164.729087
704.663024,2034,4167.715353
11814.257992,5001,4173.994145
13204.798958,5001,4180.186314
11482.861293,5001,4186.380971
19565.219205,5001,4192.949799
20093.39029,5001,4199.138711
10726.793348,5001,4205.345949
14700.212607,5001,4211.925765
20861.067766,5001,4218.086301
20491.297248,5001,4224.239478
19323.064358,5001,4230.801954
23166.570238,5001,4236.992454
10316.090091,5001,4243.213427
17861.050673,5001,4249.785379
10589.176272,5001,4255.946515
12509.642082,5001,4262.173414
13155.615901,5001,4268.339649
9137.57245,5001,4274.918284
16842.154682,5001,4281.123236
18199.43585,5001,4287.316117
6436.183338,3543,4292.092975
21011.927918,5001,4298.255049
3676.224488,4031,4303.276454
14222.971773,5001,4309.480577
12325.316821,5001,4316.035438
3133.321642,628,4316.91541
12305.876434,5001,4323.090228
13518.578882,5001,4329.295357
22400.424568,5001,4335.823753
12791.964072,5001,4342.0708
15860.584991,5001,4348.271681
4993.885739,2170,4351.035544
18669.500078,5001,4357.602742
14535.838957,5001,4363.83923
13441.182688,5001,4370.061672
11994.577415,5001,4376.673934
-1005.323925,1719,4378.915095
17916.57326,5001,4385.107336
17250.516181,5001,4391.276096
7191.482443,3163,4395.632631
16588.599095,5001,4401.825645
21989.292352,5001,4407.994932
13615.407624,5001,4414.231818
12376.478405,5001,4420.843833
12657.583143,5001,4427.049238
8907.25436,5001,4433.273882
12137.212325,3444,4437.95918
16470.638245,5001,4444.204388
19424.57515,5001,4450.437492
17722.05794,5001,4457.043697
18831.326878,5001,4463.291977
16426.212016,5001,4469.507326
3242.9033,1421,4471.395975
3426.051206,2682,4474.791627
22767.5635,5001,4481.384122
16510.480601,5001,4487.612875
13089.78175,5001,4493.845851
23274.052091,5001,4500.431964
9655.247211,5001,4506.660076
14868.706171,5001,4512.852589
7806.74963,5001,4519.395195
12693.665964,5001,4525.629992
19934.213069,5001,4531.882961
14820.851569,5001,4538.131608
10025.702234,3931,4543.386714
16568.352897,5001,4549.626351
22752.352615,5001,4555.833896
20244.779319,5001,4562.398047
15371.017222,5001,4568.598105
20617.4935,5001,4574.804324
20632.329369,5001,4581.411453
22935.183487,5001,4587.610639
20929.097848,5001,4593.828222
1406.949248,1727,4596.100194
16428.632262,5001,4602.68351
12382.724394,5001,4608.910263
11445.308532,5001,4615.145498
7818.096528,2478,4618.28717
13785.264264,5001,4624.898134
13970.679784,5001,4631.088037
22902.435706,5001,4637.279871
7843.600162,3990,4642.201867
22112.717118,5001,4648.737778
11656.867917,5001,4654.922761
13534.585168,5001,4661.121361
4630.713458,2378,4664.538082
15456.75286,5001,4670.736856
13038.971863,5001,4676.947449
21002.217911,5001,4683.180583
15547.53234,5001,4689.793249
12949.561568,5001,4695.987535
12419.922795,5001,4702.218012
7878.218523,3613,4707.082384
16917.240307,5001,4713.254236
12409.844204,5001,4719.478743
19964.969654,4691,4725.315768
14262.174134,5001,4731.86863
8292.257734,5001,4738.107512
12555.144008,5001,4744.30185
16126.268005,5001,4750.894569
20375.415844,5001,4757.127929
12326.517905,5001,4763.339711
22625.849477,5001,4769.89781
12491.61382,3629,4774.416116
17922.72933,5001,4780.615132
9771.447106,5001,4786.867666
19411.873871,5001,4793.449346
13908.812351,5001,4799.676659
17044.927602,5001,4805.886454
13637.679219,5001,4812.435216
18187.154309,5001,4818.655009
18596.475058,5001,4824.857308
10970.643726,5001,4831.425745
17259.228478,5001,4837.633032
21461.284611,5001,4843.819275
14628.070357,5001,4850.025974
16270.652554,5001,4856.578603
20733.658835,5001,4862.780247
11353.970169,5001,4868.966668
13977.802907,5001,4875.576413
14157.773099,5001,4881.821347
17230.541824,5001,4888.031215
24232.727233,4965,4894.5467
16958.752362,5001,4900.764605
21823.659975,5001,4906.961027
16976.964787,5001,4913.523336
17435.625636,5001,4919.753287
21458.411155,5001,4925.965689
16436.096395,5001,4932.184247
16282.724755,5001,4938.754282
10136.549547,5001,4944.947536
18583.757289,5001,4951.146061
8881.688789,3718,4956.171646
12804.861317,5001,4962.376988
17356.018545,4779,4968.321804
15284.142199,5001,4974.541247
18192.521729,5001,4981.112373
11645.1042,3802,4985.844589
20186.317973,5001,4992.050312
10629.841661,4806,4998.362088
16105.616931,5001,5004.578788
18269.141779,5001,5010.804096
13097.006149,5001,5017.401115
21400.696975,5001,5023.594033
14157.996925,5001,5029.79765
14143.988849,5001,5036.005377
14337.902439,5001,5042.583239
12183.190802,5001,5048.795786
5364.821458,1125,5050.302649
12017.072359,5001,5056.524087
20890.643938,5001,5063.101709
12697.908825,5001,5069.290365
15584.456292,5001,5075.521683
15714.6458,5001,5082.125157
14654.212174,5001,5088.344913
18920.544104,5001,5094.552207
17280.89594,5001,5101.124654
17478.574299,5001,5107.275729
17741.955966,5001,5113.449809
15562.23185,5001,5119.601483
18293.194746,5001,5126.181434
19228.164131,5001,5132.355988
16224.289452,5001,5138.554089
13985.627605,5001,5145.17353
12648.889448,5001,5151.409304
17514.279974,5001,5157.629401
17217.039272,5001,5164.19626
16083.655465,5001,5170.416687
18299.634168,5001,5176.598147
13695.759461,5001,5183.196076
22863.864027,5001,5189.370995
21091.480022,5001,5195.54675
9851.53816,5001,5201.689658
13760.225952,5001,5208.300141
17254.401795,5001,5214.539742
10294.060516,4705,5220.444279
20352.398065,5001,5227.041309
15494.30311,5001,5233.247651
15491.117277,5001,5239.456712
14500.195881,5001,5246.134142
19712.782674,5001,5252.383962
21316.143089,5001,5258.669415
13876.787693,5001,5265.307678
14164.971753,5001,5271.57291
17551.603759,5001,5277.802291
18088.657597,4983,5284.002699
16332.873222,5001,5290.659286
18771.33541,5001,5296.946665
13591.276424,5001,5303.216321
16715.023474,5001,5309.877677
12652.595036,5001,5316.134919
10710.082073,4706,5322.043666
18962.518912,5001,5328.677427
15960.166447,5001,5334.906169
9466.006353,3478,5339.269858
16108.684842,5001,5345.496025
21995.304032,5001,5352.111641
16474.02996,5001,5358.359447
16756.98044,5001,5364.600777
13574.1768,5001,5371.211109
19055.305747,5001,5377.485528
22240.112045,5001,5383.704864
14039.196209,5001,5389.916062
17148.453848,5001,5396.508895
3965.337577,1088,5397.958719
17999.154541,5001,5404.210382
18189.113724,5001,5410.453538
10160.283451,3852,5415.64966
14126.426343,5001,5421.894005
14467.898458,5001,5428.146232
15723.179442,5001,5434.76613
19940.34692,5001,5441.00506
17241.05602,5001,5447.234594
12945.657659,5001,5453.822652
13739.752226,5001,5460.043722
14242.808726,5001,5466.290248
20566.367066,5001,5472.517263
4858.973736,1774,5475.228412
22062.450683,5001,5481.453233
13617.803132,5001,5487.671859
16545.910392,5001,5493.877467
20928.712624,5001,5500.451534
15126.523517,5001,5506.691923
18969.61592,5001,5512.924851
15481.08373,5001,5519.533663
20349.633179,5001,5525.755658
15778.937544,5001,5531.969851
3130.998707,692,5532.927847
2026.517775,1934,5535.445939
21024.513626,5001,5542.037096
17191.740614,5001,5548.272231
13504.891312,5001,5554.509519
16047.801437,5001,5561.138123
19476.279128,5001,5567.347067
5141.620912,940,5568.611333
17248.666812,5001,5574.862703
13054.236017,5001,5581.455063
12480.338594,3503,5585.854725
21267.17832,5001,5592.096542
3830.742162,839,5593.235878
4967.153446,1122,5594.739098
3136.744043,647,5595.636821
18519.404983,5001,5602.253116
9289.784277,3751,5606.95051
19613.052643,5001,5613.13141
15587.533633,5001,5619.329353
16735.873156,5001,5626.05345
18195.824684,5001,5632.279691
18939.610465,5001,5638.483148
15460.955392,5001,5645.088973
17481.353278,5001,5651.271649
17751.81653,5001,5657.472197
19085.8857,5001,5664.041004
20490.041756,5001,5670.260512
20127.344835,5001,5676.467066
10045.660947,4030,5681.463541
3063.086574,766,5682.913138
3307.930973,745,5683.930868
19648.274204,5001,5690.15886
16240.437681,5001,5696.405947
15267.450651,5001,5702.610117
17812.643302,5001,5709.181716
20176.065011,5001,5715.423423
20009.259411,5001,5721.629807
18429.555314,5001,5728.200691
16340.581721,5001,5734.398812
4734.826386,986,5735.715405
18727.035882,5001,5741.927458
17317.127807,5001,5748.488739
16611.308209,5001,5754.71318
11437.691794,3824,5759.485566
18512.5945,5001,5766.040982
18364.888985,4438,5771.53144
12241.857636,5001,5777.753466
12791.872828,5001,5783.942952
19894.008318,4914,5790.402221
13850.295267,5001,5796.574964
11583.759567,3860,5801.376089
4320.486348,1337,5803.120321
15635.933986,5001,5809.670601
17752.684648,5001,5815.868316
18341.366232,4356,5821.247342
21117.466317,5001,5827.7966
10537.152586,3581,5832.294129
20844.907203,5001,5838.496964
19109.07185,5001,5844.716376
17306.189914,5001,5851.322803
15609.901054,5001,5857.503748
3156.31824,837,5858.629684
15699.553848,5001,5864.853197
21371.735532,5001,5871.423378
2837.444932,602,5872.293236
11285.173396,3523,5876.701158
12414.184168,4276,5882.011315
18979.496584,5001,5888.205296
10343.27018,3527,5892.978137
17395.205549,5001,5899.20945
7892.018579,3444,5903.494722
16422.928516,5001,5909.703215
11367.685785,4240,5915.403169
14385.709011,5001,5921.66576
18682.554041,5001,5927.881006
16279.158309,5001,5934.469759
20401.479715,4822,5940.404477
7615.276586,3687,5945.004022
16865.151223,5001,5951.188526
15825.032115,5001,5957.773071
15484.483644,4926,5963.954814
13613.307173,5001,5970.227009
15875.926612,5001,5976.819341
17790.394327,5001,5983.043212
15708.736137,5001,5989.244106
5636.734132,1078,5990.67247
20691.501867,5001,5997.245577
17406.918064,5001,6003.444267
20249.474781,4766,6009.365598
15079.002794,5001,6015.930473
-216.210895,410,6016.562049
10971.06688,4073,6021.636149
16558.89329,5001,6027.849155
17996.332007,5001,6034.08105
19564.230433,5001,6040.667906
4795.797291,980,6041.998479
17929.279864,5001,6048.212592
15836.020551,5001,6054.44331
10467.758259,3359,6059.019853
17264.128691,5001,6065.242009
19992.071135,4564,6070.920627
11440.136775,3753,6075.606173
19404.412413,5001,6082.142322
16802.006823,5001,6088.37604
13658.831935,4194,6093.609908
18169.602481,5001,6100.190501
11478.35625,4368,6105.594804
11844.222974,4346,6111.000709
16789.859235,5001,6117.169614
9712.560328,4047,6122.578199
21103.171487,4944,6128.714359
17363.248701,5001,6134.967125
5039.015747,1329,6136.706693
20155.496219,5001,6143.289097
15150.725836,5001,6149.522472
15862.004171,5001,6155.729309
20657.963024,4582,6161.79761
4755.882462,936,6163.06928
14600.613998,5001,6169.280769
4312.79523,863,6170.456054
3407.008516,690,6171.413237
17667.184094,5001,6177.625826
19031.848914,5001,6184.212996
3674.066191,775,6185.277797
4400.43298,824,6186.397579
14815.094507,5001,6192.613485
16374.935303,5001,6198.854711
3506.189753,730,6199.859848
1763.51052,1722,6202.523361
20075.121917,4971,6208.730454
17417.618098,5001,6214.990513
17936.739004,5001,6221.257387
4949.917456,929,6222.520845
16906.134332,5001,6229.122807
1903.133465,819,6230.267762
17161.883988,5001,6236.531695
16956.994422,5001,6242.768986
2637.227547,563,6243.58012
17209.240281,5001,6250.220536
5301.597452,1316,6251.992705
16650.755702,5001,6258.269755
4853.393867,1188,6259.84778
4159.237244,772,6260.910998
2051.861517,561,6261.735969
5796.719705,1795,6264.047279
22326.178643,4986,6270.650911
16112.077396,5001,6276.897369
19166.422224,5001,6283.133313
4071.103131,892,6284.335873
3525.277249,762,6285.394082
22044.775621,5001,6292.010756
15232.872603,5001,6298.265599
3036.422965,630,6299.15076
12587.688096,4054,6304.2524
20934.666177,5001,6310.903792
19195.280122,5001,6317.145134
5998.589661,1269,6318.836866
16948.446466,4024,6323.870521
11240.214896,4005,6329.261406
17418.964316,5001,6335.524528
20917.476396,5001,6341.752481
3048.692197,642,6342.654496
2616.12215,642,6343.553689
18052.984264,4931,6350.081806
15027.665115,5001,6356.311979
16644.867199,4337,6361.731186
2620.654127,815,6362.85447
14706.960747,5001,6369.071193
4743.601908,977,6370.773355
15499.102578,5001,6377.034251
18390.171102,5001,6383.29089
12044.483794,3962,6388.248466
21214.257731,4855,6394.709329
3146.830043,616,6395.591524
18476.963659,5001,6401.823216
16924.661751,5001,6408.058689
10059.629649,4626,6414.209004
10465.600796,3813,6419.012056
4056.045771,1905,6421.508257
18687.598913,5001,6427.762275
18267.124288,5001,6434.414066
4950.324977,2384,6437.50483
5597.932699,2337,6440.523148
17473.665243,5001,6446.795476
14813.220813,5001,6453.041214
16860.45151,5001,6459.628738
9346.538834,4925,6465.764228
19303.397929,5001,6471.962126
3979.319318,774,6473.026616
17027.969391,5001,6479.606477
5083.28876,1061,6481.032021
18890.620816,4955,6487.162003
12027.927605,4014,6492.178875
3700.132579,753,6493.226691
2880.876209,2065,6495.927872
19230.553839,5001,6502.519394
18616.091255,5001,6508.81118
14517.746739,4679,6514.656589
18283.923847,5001,6521.26571
18914.107146,5001,6527.496974
15711.105711,5001,6533.744858
