#{"t_start": 1702402355.2606225, "env_id": "cpg_slopeEnv"}
r,l,t
-1702.153989,577,1.320969
-1517.932602,310,1.88954
-1590.274934,410,2.537461
825.524301,1638,4.72316
-1289.531228,436,5.408058
-1543.511656,280,5.870418
-1663.323747,319,6.383978
-1386.317413,321,6.947252
-1730.079649,316,7.473358
-1908.533314,518,8.250954
-2347.722784,555,9.073795
-1273.706416,529,9.853223
-1654.533006,549,10.658758
-2538.318544,725,11.722269
-1462.974966,467,12.483778
-1448.70216,510,13.248784
-1621.338275,611,14.134175
-1277.397921,399,14.734566
-1095.88707,311,15.239878
-1416.478373,443,15.894259
-1970.666246,428,16.545834
-1561.278904,313,17.055937
-1716.635139,440,17.716427
-1272.508426,427,18.354065
-1974.393852,435,19.013157
-1157.081965,275,19.471862
-1570.181336,675,20.422921
-2274.10657,534,21.19531
-1371.570312,433,21.839673
-1162.991566,530,22.605833
-294.492616,1014,23.984733
-1448.92335,489,24.703062
-472.366817,557,25.512788
-1398.536874,353,26.073014
-1494.2482,287,26.542528
-1436.517664,272,26.998641
-1429.650341,365,27.569462
-1293.2412,281,28.033579
-1680.285615,528,28.799616
-1084.26009,421,29.440736
-1920.617348,666,30.383288
-1703.195345,429,31.026135
-1938.147313,298,31.508645
83.021565,857,32.711296
-1584.231074,344,33.273459
-1552.221399,454,33.971375
-1206.707122,402,34.59742
-1351.261694,264,35.048031
-1820.059768,508,35.795414
2587.784312,2026,38.462956
-1455.662596,374,39.04438
-2064.395975,546,39.837676
-597.479657,932,41.10903
-1450.418653,265,41.559829
-1408.983093,351,42.129014
-1854.096664,552,42.955479
-2109.127006,606,43.836238
-1255.781627,1159,45.390961
-1259.236723,361,45.966383
-1742.994429,353,46.534163
-1703.957673,706,47.534274
-1345.466574,227,47.944684
-991.671598,1245,49.617365
-1338.767962,325,50.138578
-1247.054017,393,50.738678
-912.01291,454,51.429862
-1589.224026,357,52.001059
-643.559164,442,52.663286
-1521.753556,488,53.396792
-1167.243693,575,54.236142
-1331.516834,290,54.708324
-1532.920954,419,55.343547
-1411.22115,266,55.79828
-1155.550642,663,56.749483
-766.130544,868,57.952264
-622.106248,707,58.97654
-1353.741187,320,59.495815
-1536.132618,222,59.895206
-1434.523959,320,60.412749
-1907.170519,540,61.197982
-1705.3514,380,61.788115
1310.415317,1085,63.251973
-1435.962999,300,63.739193
-1293.806128,437,64.393837
-1541.389244,436,65.051052
2498.426486,1433,66.929381
-1450.838107,279,67.389763
-1426.816356,353,67.947728
-1283.539185,348,68.516603
-1625.061523,338,69.047021
-1417.831243,337,69.57663
-1526.86444,247,69.994134
-1293.154158,290,70.467259
-1693.143529,632,71.367001
-1942.757752,569,72.189421
-1397.888618,333,72.716764
-1370.511056,389,73.320985
-1159.155242,656,74.275208
-2025.228543,644,75.184385
-2071.59806,356,75.749892
-708.218072,856,76.944372
-917.795148,857,78.132549
-1364.043232,248,78.592016
160.660122,794,79.673503
564.050097,1000,81.01733
-330.955007,623,81.903461
-1040.634658,328,82.42568
-2044.824183,460,83.115106
-705.893571,547,83.926216
-1285.839235,246,84.345165
-1726.63097,483,85.061491
-1343.029667,495,85.793786
-941.851733,321,86.311506
-2092.430513,401,86.938169
-1149.759409,241,87.353095
-1433.635868,390,87.943373
-1231.442219,289,88.417335
-1296.109694,336,88.953701
-1864.340226,873,90.141766
-1519.941785,487,90.890221
-1048.137607,373,91.473368
-1736.2694,451,92.163271
-1259.162591,475,92.869552
-1418.348337,325,93.390723
-1444.775128,795,94.497458
-1283.169271,339,95.032175
-1759.526672,632,95.942191
-1139.219025,565,96.764559
-1255.722975,385,97.358567
342.805997,943,99.151331
-1706.990501,427,99.808593
-622.904389,650,100.74388
-1416.887686,637,101.661202
-180.180917,788,102.760303
-2179.067005,652,103.693899
-1233.576979,262,104.144925
-1741.088079,473,104.858961
-1773.476144,272,105.316645
-1246.824703,349,105.871743
-1442.716719,536,106.651498
-1454.279095,267,107.108484
-983.506093,691,108.090222
-1552.954603,708,109.109851
-448.480139,936,110.401031
-691.309289,694,111.402971
-1770.920293,447,112.073624
-1525.510172,431,112.725463
-1250.934913,593,113.588523
-1364.8738,373,114.16655
-1340.808048,296,114.644317
-1381.63028,471,115.344585
-1611.387996,363,115.920601
-1239.735794,386,116.515903
-1786.394965,562,117.338625
-1885.483553,455,118.035342
-900.176701,300,118.517508
-1695.479531,342,119.058537
-2163.652679,637,119.957298
-1382.382271,463,120.660993
-1695.941667,520,121.42913
-1134.126219,785,122.517665
-981.980403,371,123.124402
-1977.222609,378,123.711097
-1079.231018,667,124.676361
-1957.20213,510,125.43629
-1670.053013,630,126.346836
-1314.652634,361,126.924783
-1333.722392,315,127.446351
-1444.067841,323,127.969955
-958.086707,312,128.482352
-1494.833438,392,129.088593
-1090.066228,527,129.859035
-2318.653958,578,130.690484
-1249.929188,526,131.460365
1126.703066,1288,133.205716
-1435.169779,516,133.980572
-1363.876383,335,134.514188
2347.74842,1617,136.642907
-934.847624,374,137.233262
-405.179366,619,138.152934
-1050.250913,382,138.750671
-3044.20408,660,139.698514
-1677.49932,552,140.511072
-1800.369317,320,141.035159
-582.917736,602,141.914433
-1374.691389,637,142.826013
-1889.991734,408,143.461475
-1048.389989,432,144.110301
-1122.658493,292,144.580228
-969.974205,452,145.264192
-1820.655419,358,145.832573
-1964.110592,508,146.593595
-1334.800641,485,147.312048
-1231.399262,709,148.317686
-2373.358856,542,149.137318
-1324.9668,654,150.07559
-1132.587649,549,150.873105
-1250.662646,304,151.380563
-1458.616089,431,152.036988
-1230.089931,339,152.572825
-859.605174,529,153.349053
-2723.669515,617,154.238383
-1680.877493,252,154.677678
-1366.139643,239,155.093762
-1261.672467,313,155.608489
-1368.710348,742,156.644561
-1638.480677,340,157.180031
-869.09927,456,157.871999
-1711.013799,496,158.598786
-1483.585682,393,159.200324
-914.866499,649,160.114916
-1284.658561,408,160.757548
-945.043595,278,161.227419
-1844.060229,414,161.876682
-1773.951522,438,162.54424
-1612.544253,401,163.176097
-1292.328399,381,163.763979
-1161.832645,368,164.343223
-1520.211628,259,164.787274
-2135.560039,432,165.445862
-1967.360728,596,166.285022
-1325.994869,441,166.942972
-891.944925,349,167.489715
1301.04903,1355,169.31637
-1487.988681,353,169.887407
-1290.782158,270,170.346773
-1688.953346,358,170.921318
-2160.545605,384,171.526529
-1032.703408,460,172.218924
-904.25155,1163,173.810587
-2025.957079,646,174.754282
-1207.752363,320,175.271907
-1288.040021,333,175.800123
-1505.414497,597,176.653895
-1727.961854,513,177.413125
-1198.274251,581,178.257886
-2481.890897,670,179.214511
-1669.643893,355,179.782017
-1402.017901,348,180.33233
-1194.233584,321,180.851674
918.187039,1151,182.416754
-403.647291,669,183.369935
-1739.358177,358,183.942552
-544.074578,1319,185.710728
-1203.612904,414,186.35293
-1681.643912,343,186.894647
-1402.04267,515,187.712649
-2528.536863,580,188.543447
-1349.62459,247,188.963203
-1583.071725,668,189.9263
-1502.38555,410,190.570712
-1748.828351,547,191.364976
-1198.206331,514,192.123965
-1669.748576,439,192.789281
-928.214867,391,193.385932
-1297.863694,959,194.727656
-1395.493881,452,195.426518
-491.952225,885,197.151263
-1076.578628,371,197.732268
1642.098384,1628,199.906369
-1385.752029,651,200.861135
-1989.064703,690,201.827118
-240.260189,912,203.08206
150.059835,624,203.973602
122.503361,1125,205.506521
-2535.959253,550,206.296487
-1257.73325,396,206.899251
-17.056353,766,207.973609
-1703.874442,1076,209.439807
-1015.843068,523,210.246023
-1265.454813,1334,212.039023
-1019.260574,388,212.638371
-1476.768151,306,213.146569
-1631.255508,546,213.933752
2031.870514,1190,215.547187
-1607.894294,693,216.52112
-1824.612284,342,217.063108
-765.929514,880,218.290585
293.70109,2141,221.116656
-1254.117836,382,221.706298
-1663.982796,243,222.117153
-1282.562828,451,222.803879
-1115.418547,600,223.662201
-1178.443718,314,224.179839
-2314.083756,586,225.023562
-1373.346377,606,225.903499
-1143.559209,754,226.985294
-1070.894791,405,227.635692
-1729.262063,282,228.105357
-2108.508697,429,228.767765
-1121.876571,359,229.340414
-1631.133592,270,229.806308
-741.883889,636,230.720707
-1809.717601,481,231.440702
-1610.293149,448,232.107056
-921.325554,476,232.822599
-928.028619,514,233.585992
-2032.657745,482,234.313481
-1129.912492,507,235.069245
-1402.755764,340,235.60733
-1434.13097,799,236.728386
-1483.535509,260,237.226824
-1122.217766,356,237.797406
-1092.440258,901,239.056421
-317.285985,910,240.319626
-916.544079,410,240.95789
-1450.371141,335,241.49065
-1331.10673,271,241.989017
-992.630579,661,242.930952
-1558.954546,327,243.462319
-1118.822775,443,244.133102
-1165.643319,417,244.781656
-1140.885019,526,245.564535
-1078.930382,1165,247.194914
-1338.014478,362,247.77227
-221.799021,1313,249.516582
2825.567527,1438,251.41772
-1632.747998,333,251.958415
-1426.821234,1045,253.377899
-1610.152182,416,254.022994
-1753.239639,471,254.727661
-866.895261,418,255.365981
1855.523675,1511,257.382288
-1500.360861,440,258.040894
-1306.333028,418,258.686511
-1721.686732,423,259.330052
-1145.787626,335,259.860389
-1267.781624,417,260.502565
-2252.478775,553,261.311549
-869.14097,313,261.821638
-725.240246,576,262.655643
-139.377639,862,263.856035
-1924.778529,491,264.586311
-1620.345416,395,265.197045
-1456.539315,368,265.786561
-1367.105732,873,266.99323
-1524.257881,249,267.414315
-1072.277745,652,268.348324
-2067.336818,672,269.349875
-575.694041,560,270.174914
-1044.064844,708,271.181705
-1440.889125,607,272.067702
-1408.022502,245,272.486367
-1423.614169,1050,273.905387
-856.358234,335,274.444624
-1708.805122,287,274.919385
-1988.947901,539,275.706248
-1100.199054,435,276.367557
-1513.106188,231,276.777992
-1510.053755,330,277.30711
-1330.176011,522,278.082854
-1246.174686,422,278.730268
-951.204563,406,279.363706
-1404.884795,321,279.885219
-1506.976,394,280.492025
-1592.007307,583,281.330903
-1289.584081,971,282.674954
-1660.383353,813,283.818846
-1122.425177,318,284.334617
-1211.506432,322,284.857988
-1572.831617,489,285.579622
-1806.227729,438,286.237491
-1519.150551,374,286.824006
-1040.694253,428,287.475385
-1771.969979,398,288.087913
-1555.682896,226,288.489182
-1072.487095,731,289.520184
-1306.855541,300,290.003788
-1932.863137,707,290.997453
-1742.004808,435,292.18015
-1639.045456,992,293.557761
-747.707826,405,294.197112
-1012.643473,487,294.919622
516.135618,841,296.084957
-1577.989487,411,296.725078
-986.645929,641,297.637112
-1624.480379,477,298.362613
-2080.589492,649,299.314165
-2004.847355,486,300.026575
-2469.133032,595,300.872863
-1923.905259,254,301.318169
-761.480874,819,302.456803
-1280.793254,571,303.286547
-1685.981872,673,304.263875
-2243.737013,670,305.218482
-1038.233721,399,305.825761
-1110.579104,441,306.483728
-2670.737039,565,307.306402
-953.733449,398,307.91238
-2123.705036,699,308.885977
-1131.398743,492,309.612167
-1128.155281,290,310.083076
-1049.27186,762,311.156159
-1202.672775,789,312.27978
2338.415699,1790,314.62459
-1439.128852,496,315.357299
-1812.520568,289,315.83285
-1312.218671,507,316.648688
-855.429765,788,317.753834
-1501.928261,779,318.846978
-1852.658488,412,319.484696
-1271.251581,575,320.319964
-1432.925634,404,320.952747
-1884.470908,550,321.799139
-1774.450421,326,322.32863
-376.095156,677,323.287806
-669.851878,521,324.048231
-2182.136628,361,324.619432
-1355.059424,622,325.517722
-1949.29246,596,326.379653
-1026.571477,643,327.295672
-469.233495,721,328.314719
2496.086477,1468,330.283387
-1671.146258,331,330.81306
-1785.989745,439,331.482959
-1355.76371,780,332.58242
-1125.987981,406,333.219423
-1638.799636,474,333.928832
-2049.655467,469,334.643719
-1258.895278,390,335.244988
-1726.621405,454,335.946912
-1225.896727,601,336.823875
-1621.328738,723,337.83424
-1398.387117,672,338.812714
-1695.731166,446,339.494486
2354.907958,1349,341.278559
-1875.840947,522,342.051999
1965.139477,1450,344.007771
-1264.200605,416,344.651606
-1114.657445,399,345.26302
-1767.590928,457,345.962937
-1831.131488,344,346.505952
-1959.041799,499,347.24404
-1600.0304,1278,349.0031
-1041.274035,331,349.536548
-1271.887377,437,350.19751
-1910.257371,550,350.986033
-1460.810471,299,351.472346
-1568.624544,334,352.006845
-1791.990284,568,352.831983
-1463.096382,398,353.44514
1190.566735,1184,355.076547
-924.904927,372,355.665048
-1242.186599,1182,357.241163
-1574.978101,259,357.686129
-1309.547892,545,358.481987
-1378.954965,504,359.235151
-2422.674658,674,360.250009
1346.39868,1218,361.885886
-1103.507745,416,362.532006
225.106873,988,363.892926
-1610.785794,401,364.524534
-1725.706176,357,365.118263
-1806.804853,745,366.160458
-1433.14652,407,366.798361
-1600.978273,359,367.369738
-1749.867572,419,368.017203
-1487.231328,306,368.533231
-892.576243,430,369.185921
-1242.108869,414,369.859567
-403.069278,913,371.1627
-1451.968579,275,371.627435
-1382.252769,251,372.071599
-736.383978,479,372.782156
-1483.504303,437,373.445574
-1543.251577,646,374.366839
-994.014822,377,374.990757
-1456.946999,415,375.640772
-1161.748616,415,376.275146
-1665.426629,300,376.760622
-2300.862779,730,377.794676
-1181.754322,309,378.30266
-1654.187918,282,378.774977
-1482.457906,333,379.306261
1684.117153,1588,381.425558
-1226.189463,409,382.065174
-1359.133941,444,382.7336
-1542.402867,620,383.634791
2119.323351,1977,386.246422
-1580.226066,491,386.972017
-1552.869598,304,387.477746
-1604.274663,269,388.463441
-1856.345855,476,389.179654
-741.461663,591,390.03475
1969.809436,1216,391.686219
-750.500078,607,392.584954
-1222.085952,501,393.334869
-1304.882185,365,393.916824
-1380.995921,297,394.397791
-822.452506,421,395.044927
1646.200921,1293,396.793582
-1050.19637,440,397.459794
-2642.153756,974,398.798717
175.287071,777,399.894284
-1325.745684,264,400.354301
-2070.433412,551,401.165409
-1271.657201,537,401.977765
-1961.562199,551,402.785622
-2155.825596,473,403.503063
-1382.35452,493,404.238476
-1929.176179,341,404.782266
-1093.250025,458,405.484711
-221.038412,675,406.444447
-990.843116,425,407.120507
-2511.82885,557,407.93482
-1695.90083,254,408.376885
-1981.482828,604,409.263237
-1184.288719,216,409.657012
-1425.360741,395,410.261473
-1514.192868,312,410.772652
-1135.200619,344,411.31972
-1442.78674,329,411.849466
-208.872215,1645,414.047531
91.049177,1357,415.863645
-1554.032101,431,416.522643
-1104.852308,376,417.110783
-1167.843081,428,417.764138
-1560.742809,696,418.755213
-1357.111776,440,419.414475
-974.694222,338,419.949408
-1090.87971,378,420.536513
-1629.665354,544,421.335577
-1619.210729,232,421.742733
-1403.387042,306,422.254154
-1022.325019,426,422.902763
-1082.956832,333,423.436574
-1626.320021,317,423.959246
-2732.118602,623,424.853821
-995.135716,337,425.393374
-2100.025634,499,426.127372
-1183.755076,417,426.774866
-1618.897142,601,427.657645
1376.53259,1148,429.205996
-1632.060722,900,430.445844
-281.693959,828,431.598355
-967.258864,405,432.222985
-1997.254932,470,432.936733
-1526.834379,300,433.425502
-1217.278425,207,433.815378
-1214.170455,317,434.341498
2048.873454,1273,436.038661
-2445.789276,891,437.257485
-1566.413693,571,438.100315
-1203.757696,347,438.643456
-1687.19721,667,439.620209
-2110.400905,512,440.381994
-1614.384612,355,440.952081
-1333.598086,446,441.615898
-850.017882,522,442.387872
-1219.842352,320,442.911567
-1216.361006,345,443.458967
-425.156534,678,444.426914
-1287.299071,408,445.062887
-1410.947261,251,445.509108
-1559.113531,252,445.954175
-1350.06849,309,446.461895
-1830.311199,396,447.073722
-1970.934701,467,447.782203
-1528.276613,276,448.246654
-1367.132424,434,448.903716
2256.069284,1168,450.465631
-460.184722,445,451.136107
141.0267,1075,452.588568
-2587.581815,630,453.48742
-2157.741899,372,454.076206
-1365.265084,471,454.7855
-1276.572321,604,455.685675
-1069.228699,448,456.358143
-2081.741102,801,457.487137
-1112.983437,424,458.133691
-1802.480072,479,458.840465
-979.49466,366,459.418713
-1282.653866,609,460.315267
-1516.331437,289,460.803034
-1648.273805,559,461.62676
-1459.186717,264,462.081841
-1134.695006,246,462.502766
-909.631934,464,463.215177
-1433.310394,384,463.821486
-1813.272929,576,464.657597
-659.690994,530,465.428211
-1364.608036,590,466.280796
-1669.805352,326,466.80475
-1054.72335,362,467.379459
-3009.29409,1176,468.994766
-1701.655423,243,469.409117
-1102.462443,429,470.055251
-1474.380741,457,470.752769
-1780.997739,412,471.395895
-888.126194,468,472.100575
-792.081561,442,472.766962
-1540.917845,287,473.239623
-2059.433032,684,474.210856
-1781.856564,258,474.657628
-165.963033,795,475.73963
-2041.931946,510,476.50714
-403.632557,678,477.465093
-43.022014,1413,479.346607
-2015.06303,432,480.010463
-1847.692187,476,480.728644
-1623.917537,342,481.298085
-1640.708952,740,482.346081
-1325.768514,267,482.805269
-1157.793565,488,483.531978
-1206.554188,795,484.636823
-607.02455,809,486.298597
-1423.87755,569,487.1326
-786.15225,582,487.973297
-2051.746289,632,488.872817
-1177.319048,391,489.474191
-1668.299409,826,490.630397
-728.198505,626,491.549541
-2025.917631,452,492.241369
-1400.069352,447,492.900908
-2680.699633,777,493.99108
92.049155,960,495.28869
-1011.46068,435,495.947977
-2213.609762,548,496.766258
-1734.152512,330,497.29572
-2406.634613,708,498.301847
-1596.570018,488,499.025927
-1540.369225,425,499.682023
-1048.819805,768,500.76063
915.449359,1399,502.634295
-2029.050799,632,503.539737
-1556.908264,252,503.983167
-1831.685427,421,504.632735
-1498.062157,895,505.854847
-1697.801634,564,506.687667
-2040.966075,516,507.495443
-1075.389259,492,508.220499
-2703.453527,581,509.058771
-1587.373553,424,509.712284
-2119.679359,521,510.484394
-3004.834662,904,511.72963
-964.645624,330,512.289315
-1662.357986,284,512.75842
-2413.423056,716,513.779313
-2323.779819,603,514.658753
-1423.20078,501,515.418547
-1805.28811,702,516.419753
-2119.176623,325,516.954107
-1432.615685,328,517.481392
-1455.011726,637,518.390121
-1014.862505,286,518.86327
980.468517,1257,520.534615
-1254.687755,318,521.048241
-2899.448973,802,522.218156
-1455.514182,378,522.809674
-1111.889241,856,524.00615
-1344.793501,473,524.718803
-1569.013082,529,525.49817
-1289.630986,257,525.944597
-1647.122295,367,526.520592
-755.893899,869,527.774394
-1679.678114,365,528.347978
-1776.963647,790,529.444227
-1136.783814,466,530.144739
-602.393119,456,530.837418
-1810.20247,443,531.501002
1906.507676,1284,533.223018
-2239.46826,421,533.876191
-1801.865806,298,534.355861
-1095.885237,229,534.761082
-1345.340369,482,535.47034
-1056.645782,301,535.97664
-938.092598,470,536.679697
-1201.631768,581,537.529009
-1112.660484,447,538.191752
-1718.659121,442,538.852467
-1023.88647,409,539.485168
-2135.236951,838,540.637944
-1057.195634,506,541.398146
-1511.607893,303,541.905248
-1910.857975,480,542.66115
-1372.618124,367,543.235889
-2186.813803,527,544.009491
292.325038,852,545.190293
-515.933986,847,546.364032
-1539.109215,606,547.248028
-1009.205542,833,548.403404
-1067.733646,619,549.295245
-1220.970973,396,549.903458
-810.755962,390,550.499989
-1821.783934,325,551.019117
-1322.711373,471,551.73078
-1998.980169,882,552.978653
-1545.083616,425,553.62527
205.049462,1483,555.572675
-835.900734,696,556.548056
-102.277531,875,557.794101
-1230.636771,465,558.499332
2555.843753,1393,560.324506
-359.89124,953,561.645166
-1529.48849,341,562.19019
-1526.261687,403,562.869192
-1322.887784,306,563.382257
-1535.224121,367,563.958893
-1694.751746,405,564.583791
-1675.705891,681,565.548573
-1116.87403,932,566.820357
-1378.164165,522,567.599203
-1697.543471,446,568.279084
-1854.459029,611,569.168618
-364.164417,694,570.149915
-1661.650575,729,571.188011
-1767.5193,479,571.904493
-1894.686969,766,572.989489
-1300.603907,344,573.5299
-1402.690994,438,574.195017
-525.79333,500,574.933896
-1726.411736,779,576.021839
-1643.672297,414,576.655749
-1274.96602,306,577.165992
294.223853,703,578.206266
-842.02708,752,579.277058
-2338.828299,582,580.119158
-1820.586806,851,581.822155
-1632.456871,705,582.854859
-1298.137314,471,583.564213
-1119.049663,751,584.623929
-1872.537495,528,585.407869
-428.138703,628,586.308309
-1044.582621,504,587.058367
-1366.913489,286,587.539919
-104.750207,745,588.600972
-1155.1676,323,589.125558
-1510.209519,520,589.891762
1444.294904,1471,591.822353
-1024.001582,358,592.394827
-1797.57797,442,593.104733
-1428.50361,367,593.688927
-994.118255,512,594.449217
-1449.424762,421,595.095947
-1442.055722,750,596.139863
-1363.968611,219,596.537032
-2097.403743,417,597.18564
-1090.46748,699,598.173456
-1279.110777,345,598.71748
-2004.963777,337,599.255735
33.617864,847,600.414431
787.501903,2094,603.164383
-1292.129216,268,603.624741
-1471.877495,293,604.106228
405.434602,1222,605.746179
-1548.077127,327,606.275536
-1501.569895,634,607.187331
-1390.300195,663,608.182985
-2977.035458,742,609.224589
-2094.501865,650,610.147152
-1383.056454,461,610.848812
-2013.727208,541,611.633141
-1057.309739,544,612.423476
-804.506681,336,612.977057
-1304.267797,398,613.59045
-1909.441191,380,614.184944
-1485.931708,447,614.845659
-1909.775571,301,615.357332
-221.461232,684,616.323449
-2621.9218,711,617.329116
-1408.110219,261,617.787807
-1297.571057,446,618.462983
-1252.659624,289,618.937566
-2696.421264,635,619.851731
-995.117042,393,620.460025
-1416.361863,594,621.31275
-1924.675965,404,621.952059
1974.460645,1383,623.808607
-1123.377832,414,624.445563
-539.259357,471,625.156195
-1572.092272,441,625.821307
-1744.252145,243,626.238134
-1323.23897,374,626.82419
-1069.25086,409,627.458845
-1056.86831,395,628.063961
-1640.628281,417,628.710364
1419.610286,1469,630.67465
2923.088847,1639,632.832824
-152.251944,843,633.978814
-1547.320775,390,634.583972
-1001.442239,461,635.305708
-1317.300043,415,635.946762
-1393.774705,434,636.609796
-845.395264,483,637.333271
-1094.60001,717,638.353383
-1476.618862,787,639.455832
-1245.98965,413,640.097441
-1152.215962,499,640.837532
-1529.541645,368,641.418691
-1265.098216,413,642.051692
-1880.541899,354,642.622115
-1284.219085,274,643.085534
-1554.060071,504,643.843688
-1230.082035,458,644.543494
-1304.80699,406,645.177825
-2083.755126,484,645.900901
-2233.62321,653,646.853586
-1172.476323,425,647.50181
-1112.714523,377,648.092048
-992.676264,410,648.726969
-1249.3561,1196,650.389556
-1536.5228,443,651.057515
-1814.835673,573,651.896972
153.742326,630,652.806805
-1043.74665,456,653.496915
234.842434,706,654.500137
-1533.724376,227,654.911421
-1798.650529,587,655.771254
-1559.393214,320,656.296286
-1745.088435,618,657.192065
-1022.16104,394,657.794375
-1650.832672,432,658.45783
-1080.561469,844,659.613969
-1135.501131,457,660.357424
-1192.411322,390,660.967962
-939.546575,488,661.695397
-830.56501,355,662.265703
-1457.535059,489,662.983049
-1735.861126,553,663.802821
1898.158989,1675,666.028147
-293.039791,634,666.940054
-1379.981074,416,667.581188
-905.48755,438,668.236946
-1014.090262,833,669.381525
-1799.215447,310,669.895603
147.621798,896,671.138565
-581.230374,665,672.092722
-1091.981728,355,672.664189
-1378.913639,287,673.140931
-1304.369739,372,673.726843
-1100.662085,317,674.24294
-1680.658637,606,675.130012
518.066372,1205,676.766983
-1752.656675,503,677.523431
-1544.25579,540,678.841116
-943.569615,322,679.365302
-1383.147588,439,680.025079
2757.44917,1499,682.026233
-1169.986688,662,682.976711
764.149564,707,683.976795
-1892.958398,966,685.293093
833.564727,935,686.579448
-2294.911778,675,687.541356
-1216.161499,388,688.1402
-1678.558685,320,688.662149
-1347.652962,424,689.314273
-1474.654846,220,689.715343
-1390.812773,500,690.477604
798.036125,923,691.741425
-1160.604306,445,692.409586
-2268.316329,707,693.413726
565.926409,653,694.341203
-1550.546844,325,694.864732
-1979.169713,466,695.577181
-1215.234133,894,696.821613
-467.46921,582,697.657956
-1543.123628,501,698.413665
-1103.568935,1159,699.992375
-1220.914708,341,700.546591
-1089.622491,913,701.827022
-1512.029358,290,702.304967
-1356.897352,325,702.830719
-808.738077,474,703.542042
-1048.398181,392,704.143682
-1724.811365,386,704.754941
-2125.028006,717,705.788947
-1288.572071,686,706.763846
-946.432596,398,707.373572
-1838.819088,731,708.406161
-1379.699247,337,708.944397
-1798.553513,610,709.830685
-1116.038619,901,711.098559
-1284.061139,775,712.184044
-876.304049,413,712.821788
-2255.274722,781,713.910578
-1153.804725,334,714.446529
-1839.402392,513,715.218746
-1596.486093,289,715.70194
108.592392,785,716.815516
-2336.617688,514,717.582638
-1597.614204,472,718.292729
-1317.146579,532,719.069496
886.03892,1333,720.861374
-930.595155,327,721.404258
-1190.623245,392,722.007282
-641.189425,667,722.95649
-813.111988,495,723.680595
2632.303779,1327,725.432463
-2384.111946,561,726.273989
-1480.945232,649,727.198707
-1743.791954,328,727.727524
-1836.10466,314,728.24371
-901.076445,415,728.884108
-1346.891931,470,729.576912
-1334.440933,609,730.466847
-1266.132356,626,731.365487
-871.248152,375,731.953221
-648.81843,867,733.148638
-2086.999061,765,734.246539
-1176.538597,430,734.893454
-1645.535111,760,735.957092
38.517439,1242,737.625268
510.381941,1415,739.516743
-1534.050876,341,740.055521
-1754.897234,472,740.770882
-1334.403413,888,741.98944
-2332.170381,628,742.890585
447.609138,728,743.941359
-1627.610722,960,745.260936
-1150.899736,474,745.965259
1945.87663,1454,747.897259
-1650.747747,284,748.376589
349.170202,964,749.716883
-1518.027225,490,750.4311
-1624.336571,681,751.403744
-1867.968843,1134,752.930858
1193.648177,1094,754.467573
-1164.91998,374,755.053103
1464.500129,1484,756.999937
2636.968052,1120,758.507749
1448.45936,1155,760.067861
-1054.01414,535,760.849443
1993.919587,1232,762.48729
-1339.784396,447,763.149201
-1672.854475,855,764.348389
-2390.372149,772,765.439672
-1702.222895,632,766.353662
-241.421259,884,767.557408
-1709.26418,904,768.845359
-1208.935481,315,769.362212
2059.551779,1388,771.205165
-593.500843,436,771.861341
-1153.156809,443,773.04946
-1143.393957,329,773.582771
-1512.89875,286,774.086242
-171.359121,822,775.222051
-998.312101,405,775.854769
-2458.891539,652,776.795686
-3079.701929,1175,778.375615
-1579.869975,815,779.535401
-646.972513,394,780.14032
1171.719638,1134,781.661426
-1465.654781,615,782.551476
-2024.67887,665,783.507032
-1415.329159,425,784.201378
-827.984073,776,785.287626
-768.815558,851,786.470067
-1045.549584,909,787.728789
-1213.820121,476,788.444089
-1218.053823,348,788.994422
-2080.552879,845,790.166727
-209.881414,813,791.307179
2128.588638,1234,792.962401
-1330.175997,714,793.99869
-1339.12759,385,794.600659
-927.453427,424,795.251184
-603.757234,962,796.570404
-2383.98708,536,797.350006
-1762.45322,589,798.196872
-788.680391,738,799.233005
59.004519,739,800.268602
-1479.334824,547,801.062406
-716.794702,1054,802.501904
-2331.472344,687,803.47149
-2472.298822,725,804.519819
3313.403449,1364,806.336738
577.579753,1198,807.930656
-1219.002419,530,808.710213
-1591.352751,474,809.458367
-1805.594878,340,810.001306
1623.75631,1397,811.864641
-1117.633698,318,812.388208
-1018.250371,413,813.023282
-1467.590948,527,813.795968
-1048.196623,399,814.429753
-1016.345507,672,815.386415
-1263.720934,376,815.97482
-1093.410681,505,816.733184
-1161.403006,507,817.490965
-934.739106,716,818.510191
-1065.356182,798,819.609084
-1120.119128,566,820.440846
2442.543001,1280,822.135244
1459.997897,942,823.42176
-1548.54813,261,823.874238
-870.988162,809,825.042336
-1510.542042,485,825.767003
-891.380951,542,826.551583
-2517.520958,821,827.699127
-1321.877267,393,828.307237
-1544.804506,431,828.971147
-1530.746382,618,829.874861
-1383.930798,495,830.606025
-578.942326,687,831.58106
3074.374492,1426,833.486095
-1081.817858,340,834.025998
1155.357045,1507,836.097448
-1570.301644,417,836.730757
-1323.758836,745,837.773834
-1011.426471,476,838.48113
1743.669517,1392,840.346341
-568.197919,437,841.005411
-1316.431723,774,842.094732
-1179.985232,327,842.625636
-523.715328,822,843.7599
-2705.58581,792,844.896537
-1694.123869,626,845.796467
-1534.473231,579,846.63527
256.987552,867,847.832671
-2876.749206,625,848.732569
1037.243097,924,850.032222
-1653.601101,716,851.053122
-2467.230071,670,852.024611
-2955.13007,945,853.304642
-1655.54045,575,854.140316
-1812.643933,829,855.359608
-600.495752,686,856.335199
-1794.558121,773,857.425451
-1602.299167,716,858.449882
-1757.61892,486,859.169891
-1494.758973,444,859.86459
-564.287798,1303,861.60905
-986.838782,693,862.589807
-478.270673,766,863.671601
-6.686626,728,864.766185
-2102.585537,489,865.499614
-1408.056823,441,866.674726
-1430.221277,499,867.405328
1197.378646,1717,869.656225
-990.99466,779,870.755879
-704.725171,521,871.520104
-1284.679195,431,872.17367
2490.749809,1401,874.047042
-1325.566953,796,875.198803
666.86938,1011,876.580456
-1375.445075,370,877.159958
-793.296759,1419,879.031727
-1269.514389,388,879.63097
-1185.065465,480,880.364494
2410.580879,1388,882.193518
722.247376,981,883.522063
2744.100094,1433,885.442258
-1940.515996,505,886.197558
145.099305,676,887.148899
-1285.326713,619,888.038431
1462.274215,1253,889.71283
-2019.172513,515,890.497479
-1160.885518,454,891.190314
1853.925725,1106,892.689196
2963.612001,1391,894.545786
-977.535092,399,895.178397
-553.532265,1022,896.563723
24.527197,713,897.568911
1666.732484,998,898.915133
3025.275049,1672,901.127155
-1293.285952,746,902.166452
-2288.014172,560,902.996176
-811.834763,655,903.932305
1760.773491,1414,905.840961
-2317.957033,824,906.997101
-1552.835617,509,907.753333
-916.774858,495,908.483196
3450.442563,1783,910.844014
-1804.99852,319,911.36602
-1490.825186,556,912.191742
-288.416104,749,913.233899
-1378.04393,616,914.126082
-1386.792771,508,914.878085
-1420.594059,685,915.85686
-1341.794405,524,916.639587
-1259.186664,826,917.791154
-522.628706,736,918.80536
-1140.644563,503,919.549002
-858.227936,493,920.278657
-956.155537,403,920.914971
-3064.02022,694,921.891652
2972.347103,986,923.232839
1587.328605,978,924.571475
-1772.452001,411,925.207758
1715.938659,1295,926.949484
733.751069,1515,928.944288
-1427.257996,286,929.41677
2451.192145,1875,931.888803
1580.234409,1549,933.942078
-28.176259,1048,935.360286
-1517.267361,955,936.695136
1607.806653,1411,938.584477
-141.909542,1256,940.24887
1505.513472,1294,941.993884
1305.275395,728,943.023173
-57.479266,1002,944.39339
-2969.169964,640,945.303675
-1054.992487,320,945.876394
-1526.036248,377,946.470623
-626.461676,847,947.630773
-1989.938191,496,948.355953
-1532.646203,478,949.061932
-1758.515273,698,950.037301
-1098.983063,340,950.576085
-1698.961277,727,951.607944
-1397.202705,404,952.238977
-2668.631739,621,953.130864
-966.059668,446,953.799327
2042.142017,976,955.128308
2245.728614,1947,957.713034
-1779.237641,1231,959.877299
-1663.047558,947,961.188626
2610.029581,1324,962.956576
-2836.265252,1189,964.553118
-1323.831741,355,965.125846
3131.873298,1615,967.286924
-1421.089147,610,968.171654
-1441.503748,455,968.860183
131.977061,733,969.882719
-1565.33143,450,970.5515
1090.419332,858,971.742219
-1037.7545,1152,973.287713
-2573.160869,820,974.436914
125.65841,808,975.557998
2969.076717,1698,977.821505
-1272.278321,375,978.407808
-903.328869,371,978.99699
-1329.266154,369,979.582937
-1375.137353,393,980.184105
-1379.751292,430,980.840715
-1601.836903,1289,982.575149
-1538.170904,548,983.370351
-1116.889915,413,984.011804
1473.264482,1528,986.027322
2532.541586,1198,987.675087
-867.278307,693,988.644257
-1900.197907,464,989.347545
-1708.050963,584,990.185403
-2385.911161,784,991.294911
-1298.747074,1026,992.705869
2494.810216,1783,995.060667
1976.46898,1754,997.417635
3217.955799,1741,999.711491
-820.245084,702,1000.723898
-2350.198491,634,1001.630536
618.98273,1047,1003.042129
1504.819302,1359,1004.85479
-1806.488998,576,1005.689847
-1651.249364,745,1006.760355
2838.879512,1696,1008.997118
-1329.065199,638,1009.900319
1487.905522,1484,1011.875546
-709.748903,768,1012.958646
-299.176966,827,1014.105031
1047.127603,1255,1015.783519
2433.45975,1195,1017.418545
-1698.756499,592,1018.270737
6.769668,836,1019.429131
-550.068098,712,1020.439091
644.665781,1555,1022.531329
1593.787872,1604,1024.64617
-677.729319,784,1025.740013
-789.249393,538,1026.575873
-1645.070079,332,1027.118883
-321.429812,925,1028.397666
2974.792772,1892,1030.862016
364.352959,1008,1032.26756
-1289.936899,372,1032.858938
-3677.263126,836,1034.016651
-1291.332408,688,1034.977319
-472.307912,508,1035.741809
1979.791797,1242,1037.442997
-1068.996687,642,1038.361562
210.127676,770,1039.432662
-1674.59762,1096,1040.922613
-1699.625787,435,1041.591341
2079.103706,1409,1043.497523
3045.90293,1649,1045.676092
-1252.103986,397,1046.289967
1285.104851,2215,1049.740157
1755.07043,1261,1051.42309
-1477.804292,977,1052.767616
-2130.566263,650,1053.684487
-880.887112,445,1054.342259
3029.521425,1382,1056.192492
2839.893227,1517,1058.242851
-1100.449862,486,1058.960395
1013.926303,828,1060.092808
-1725.782104,669,1061.040053
-1886.605528,489,1061.772978
2631.63312,1596,1063.891493
1029.934099,1000,1065.235744
-1204.576724,427,1065.881306
1204.339412,1494,1067.881149
-1569.38248,381,1068.472479
4008.083945,2332,1071.489772
-1470.348104,586,1072.345643
2403.183261,1588,1074.434337
-1982.020097,826,1075.588483
-1670.252239,629,1076.492128
-151.354805,900,1077.7459
-1401.841793,464,1078.450898
303.638138,897,1079.66219
-1503.139486,467,1080.365069
-1156.833999,406,1080.998986
-471.059757,575,1081.827889
1536.502009,1382,1083.674217
2655.060265,1430,1085.568424
-949.352241,699,1086.541201
-1237.642316,703,1087.569172
2691.383165,1623,1089.709287
1359.343677,1727,1091.989235
2328.327011,1475,1093.956493
2543.438057,1725,1096.221266
2646.603909,1398,1098.097656
2596.422318,1619,1100.242597
-1186.100635,730,1101.280794
463.974741,1488,1103.258652
-687.371704,793,1104.345569
2007.389997,1431,1106.237406
-1328.965152,530,1107.006964
-2152.989323,707,1108.069546
-515.912553,886,1109.278996
2405.87194,1428,1111.172549
-1986.125472,827,1112.31696
3959.281101,2271,1115.282973
2169.07055,1811,1117.695165
1681.440392,1574,1119.767989
-667.419838,646,1120.672858
-1926.570283,514,1121.435878
1612.80006,1711,1123.696337
1386.384486,1618,1125.816306
2552.043299,1571,1127.925153
2311.158138,1615,1130.051814
2340.823454,1391,1131.890953
-762.079783,734,1132.943568
-2322.773378,654,1133.896858
-2148.118201,683,1134.859102
-1201.273929,343,1135.405313
483.487443,1463,1137.33698
1925.900467,1901,1140.3869
1868.646195,1392,1142.226196
4053.022442,1852,1144.683312
2192.434934,1913,1147.191129
3867.584044,1743,1149.525891
3008.642334,1423,1151.402406
2786.086389,1559,1153.512412
2843.839254,1302,1155.254728
-1182.092954,649,1156.173612
2398.200534,1469,1158.148967
320.0795,1196,1159.742118
3044.560834,1465,1161.683026
1348.627395,1660,1163.923536
2646.314863,1166,1165.493927
1352.847684,1650,1167.663153
824.336065,820,1168.808627
85.698218,1006,1170.193126
5244.099174,2731,1173.710529
-1609.438294,621,1174.603077
1250.988925,1039,1175.993224
-508.016258,786,1177.079085
3256.975501,1455,1179.026011
-1066.306358,694,1179.985386
1566.501036,1691,1182.199344
-414.765869,1021,1183.607614
-2948.925301,935,1184.896502
3719.939088,2163,1187.702422
3706.129042,1456,1189.653303
-441.492193,493,1190.375705
-864.227223,558,1191.19267
-430.813574,536,1191.964817
-1103.832624,1067,1193.428633
-597.698403,842,1194.582114
225.032493,846,1195.739153
1364.947679,1574,1197.811176
3506.880502,1835,1200.226768
830.717656,1230,1201.874097
-687.271372,1744,1204.170926
77.578701,657,1205.108518
6560.622479,2241,1207.978032
1360.883051,1914,1210.49944
-456.902949,1286,1212.19318
2488.689266,1452,1214.163886
1905.491356,1484,1216.137682
-1979.182894,521,1216.901306
-1863.051523,897,1218.129219
2902.347223,1452,1220.086878
2393.069255,1577,1222.162552
594.081889,1408,1224.034743
3065.303967,1425,1225.9467
1288.458413,1611,1228.595044
632.438117,1266,1230.2846
2217.887301,1686,1232.489458
567.668641,1386,1234.322441
-1822.736779,631,1235.223049
2140.182677,1464,1237.155243
-1671.996154,882,1238.36969
-359.682032,559,1239.208516
2295.782277,1530,1241.222358
2770.029968,1483,1243.177267
-844.577494,928,1244.476743
3559.69851,1531,1246.487055
-1628.361036,716,1247.493615
-1930.058541,691,1248.453332
2980.000302,1623,1250.652966
3361.017813,1301,1252.390962
2746.569467,1440,1254.307827
2561.421851,1575,1256.382185
1834.701172,1520,1258.377852
2961.713352,1673,1260.607577
674.828902,1140,1262.113387
-1137.447932,359,1262.688063
2418.119199,1937,1265.246032
2426.737164,2317,1268.24344
-35.40669,1035,1269.695673
2394.338314,1920,1272.198129
-857.868131,811,1273.330191
1214.50784,1487,1275.302969
2910.664645,1738,1277.573963
2995.455705,1754,1280.025492
2524.410151,1477,1281.972387
2458.383323,1524,1283.96007
4331.501092,2688,1287.400579
2869.411046,1869,1289.868558
-2134.020784,694,1290.843976
2430.516348,1681,1293.033436
2107.010954,1302,1294.78614
3739.801524,1844,1297.181454
2615.57997,1424,1299.064887
-1173.098463,368,1299.668521
-1529.263221,730,1300.691346
2962.774609,1454,1302.626489
-1435.415012,962,1303.931026
2703.836568,1404,1305.814716
2013.322325,1531,1307.847459
2704.904066,1389,1309.705455
537.603453,857,1310.905354
2648.296967,2037,1313.55732
2466.250992,1823,1316.524141
562.404624,1076,1317.955951
1968.570438,1837,1320.393616
2459.2377,1333,1322.155311
1484.954325,1284,1323.855125
4099.293498,1449,1325.752989
1486.707358,1359,1327.554342
829.959657,1673,1329.751241
2382.338591,1444,1331.662015
113.3906,904,1332.900102
2910.733087,1297,1334.610671
398.176181,1450,1336.538863
-199.119007,800,1337.633868
433.777576,1103,1339.106747
3827.652464,1714,1341.353645
2670.611226,1830,1343.729385
1669.611158,1716,1346.017941
3048.296244,1672,1348.201325
2293.919691,1575,1350.276642
3095.215065,2461,1353.429591
1967.115281,1979,1356.017686
6325.983409,2718,1359.490351
2582.168243,1617,1361.638734
2623.650854,1454,1363.559897
2605.573335,1935,1366.14141
3614.062127,1476,1368.086666
-2529.763164,985,1369.418335
3292.385241,1678,1371.618185
3223.059645,1959,1374.168199
3669.913239,1490,1376.148436
-885.060803,639,1377.051167
-1712.627994,561,1377.876485
2528.062839,1467,1379.803717
-79.690098,1100,1381.27204
2986.723727,1967,1383.839295
2169.669353,1456,1385.799912
922.225846,1975,1388.361016
2705.679868,1830,1390.793424
1695.070839,1935,1393.319956
2650.617908,1471,1395.256685
2556.382657,1631,1397.429519
3247.018948,1604,1399.534899
3387.72743,1859,1402.482872
2550.340137,1936,1404.989073
-459.817329,813,1406.136289
6216.000755,3094,1410.043012
2819.079001,1460,1411.975424
2827.578328,2210,1414.831929
2681.670511,2290,1417.784918
-1007.538041,413,1418.41671
3464.568299,1784,1420.740815
2834.234476,1755,1423.077593
1787.475279,2079,1425.761516
2955.138327,2140,1428.535717
1493.675483,1732,1430.778745
150.90503,812,1431.905474
3907.399283,1895,1434.353667
2525.112325,1811,1436.719825
2142.39217,1631,1438.85845
8257.492734,3103,1442.799689
3407.11439,1782,1445.10789
2637.867892,1750,1447.379642
2785.761925,2013,1449.981807
2104.718155,2029,1452.65992
8923.895822,3874,1457.582036
7494.648237,3332,1461.829048
-1066.405468,371,1462.407322
1912.157888,1604,1464.515748
-678.677431,839,1465.661439
2196.731392,1672,1467.893302
2016.256516,1698,1470.092249
-1343.280632,884,1471.285304
1053.310328,1878,1473.771862
-1009.471397,496,1474.495796
-1331.87937,628,1475.389974
2978.425581,1254,1477.081947
1346.552385,1036,1478.459439
2271.301223,1981,1481.015614
2315.004724,1360,1482.854084
75.428268,1274,1484.541801
3198.246749,1851,1486.959993
5439.941263,3112,1491.421925
-1101.611329,472,1492.153498
8591.32658,4152,1497.362992
2764.742315,1656,1499.525969
221.193261,901,1500.754794
3049.778922,1779,1503.094278
-1333.564624,469,1503.790265
3081.342592,2019,1506.410699
2531.317061,2084,1509.144533
3822.396555,1591,1511.217661
3532.661829,2274,1514.178176
2231.214649,2758,1517.774304
4855.521706,2769,1521.305928
4259.981034,2029,1523.951636
14955.573976,5686,1531.004818
4863.149705,2940,1534.73943
2596.118147,2117,1537.530352
3355.383566,1730,1539.789145
-386.515548,1375,1541.590318
1105.850388,923,1542.866722
5575.052568,2758,1546.375588
5696.307263,3179,1550.413926
4766.680313,3808,1555.240906
6611.710037,3198,1559.297703
2402.294371,1580,1561.370756
17263.876244,7062,1570.063081
7919.8999,4832,1576.727959
1976.107939,2550,1580.029825
14475.740414,6025,1587.510146
14120.584169,4207,1592.783819
4802.10619,2633,1596.1477
4400.184046,3012,1599.991367
9938.153799,4793,1605.955987
2579.747519,1698,1608.156015
4992.527529,2930,1611.889853
7244.190475,2822,1615.473398
-1896.062095,460,1616.159056
5940.930532,2998,1619.951989
3351.627547,2242,1622.830659
3577.745184,1998,1625.412799
2820.246625,1635,1627.552043
2949.399532,1698,1629.771936
2439.750588,1608,1631.86197
2425.084448,1513,1633.844275
2988.991296,1974,1636.433352
3066.546765,2321,1639.414174
3360.924058,3203,1643.503448
4253.462783,1705,1645.749366
1880.574682,1680,1647.922693
9889.197801,4351,1653.389488
4453.893048,2488,1657.128933
202.828067,623,1658.006311
28248.536141,9328,1669.464954
8985.40594,4745,1675.397337
5908.747778,3213,1679.477427
156.109311,705,1680.467981
3062.416098,2550,1683.743102
9069.046394,3310,1687.926687
8531.308832,3702,1692.597808
2636.86917,2488,1695.80748
5582.842003,2790,1699.37263
5344.558,3495,1703.830198
2589.847999,1830,1706.225649
-17.388863,1704,1708.449584
2956.884804,1581,1710.546282
3036.091888,2140,1713.349953
3084.434298,2397,1716.401324
20521.111906,8052,1726.323335
4211.373591,2935,1730.055967
6010.921986,3584,1734.623832
8289.928702,4061,1739.74747
3553.932037,1893,1742.731002
3702.273429,2454,1745.907678
5677.405497,2788,1749.486887
10073.076748,5433,1756.234787
2962.364026,1744,1758.536416
23458.527773,8587,1769.05521
4235.285148,3033,1772.933157
3448.19976,2548,1776.211226
3703.121087,2367,1779.245873
2998.264338,2436,1782.388609
7536.833546,3337,1786.607985
8271.351314,4371,1792.088543
5278.033645,2148,1794.83481
30385.555623,9845,1806.927876
3885.035306,1948,1809.450088
4675.316429,3273,1813.591304
11573.372293,5521,1820.438112
2671.161104,2090,1823.673581
2830.087325,1973,1826.231896
9780.561329,4845,1832.272154
10296.865447,4039,1837.387809
21075.849967,10001,1849.61155
4499.530192,3002,1853.465386
4792.127626,3949,1858.467608
8128.204238,5285,1865.052662
3624.829261,2941,1868.788574
11232.222186,5053,1875.11427
3421.562124,1800,1877.459319
3540.458116,2270,1880.387285
22070.878729,6720,1888.713152
7150.634856,5184,1895.221316
3156.28695,2935,1898.958351
4757.483184,2263,1901.880868
20953.388172,9742,1914.420172
3734.591323,4090,1919.565584
5524.213279,3577,1924.091713
10259.187428,4874,1930.206987
1527.235644,1736,1932.486663
3155.876259,2225,1935.366763
2300.584399,1646,1937.532433
5204.292736,3883,1942.417407
5219.097909,3466,1946.787292
3490.302976,1961,1949.356848
8508.5275,4269,1954.70481
3283.605665,2775,1958.273817
2619.317342,1999,1960.835294
1122.603348,1423,1962.717707
4408.829407,3220,1966.78548
2852.993368,2692,1970.254136
2514.714878,1996,1972.849909
3671.661276,3656,1977.47955
5416.242976,3891,1982.392337
24272.116197,8212,1993.071226
2555.873048,2465,1996.257142
25931.991542,9156,2007.50279
4743.717018,4230,2012.830269
3384.644936,2130,2015.597631
3683.62129,2193,2018.424614
2504.749078,2771,2022.022775
30840.214353,9427,2033.623667
33796.843241,9181,2044.886842
8653.02681,5110,2051.302174
2547.783617,1343,2053.094412
21905.98001,8260,2063.304061
4133.688101,2515,2066.532041
5146.492836,2655,2069.966687
25528.149667,9274,2081.808401
30165.303314,9960,2093.982955
13214.567781,5316,2100.564742
10846.515004,4106,2105.723397
12426.510387,6855,2114.212697
28710.422834,10001,2126.494572
2212.542262,2025,2129.141308
5344.641018,2785,2132.668208
14011.089755,5410,2139.450727
4616.472291,2917,2143.191303
14961.053328,6431,2151.112507
36026.769622,10001,2163.85429
7370.771216,5001,2170.102298
24332.424283,6800,2178.455092
29315.501352,8889,2189.308533
28022.267995,10001,2201.535964
5075.08228,3010,2205.36024
4918.307493,3580,2209.871891
33825.663128,10001,2222.067044
37608.282551,10001,2234.248272
26504.106681,10001,2247.029522
5067.654241,2501,2250.230973
26420.578598,7704,2259.689011
2016.54498,1738,2261.970444
3597.451056,2351,2264.973211
18860.466781,7247,2273.913089
5949.473384,3243,2278.016943
10720.143986,4280,2283.366395
6322.803536,4963,2289.616565
4245.579423,3853,2294.496602
4098.470445,2763,2298.02718
3345.25267,2688,2301.466338
31040.208857,9738,2313.353499
24864.764906,7959,2323.665337
28087.752049,10001,2335.825669
31439.431395,9586,2347.491792
20664.500637,9467,2359.105371
7106.134711,5051,2365.401318
20355.579352,6467,2373.399173
30592.840541,10001,2385.583281
27156.273172,10001,2398.380487
22410.034921,6230,2406.044242
33037.073943,10001,2418.279039
26951.086931,8845,2429.059819
30317.169245,10001,2441.212914
30942.032809,10001,2453.465524
8894.632593,5505,2460.299737
19966.154018,6771,2468.620588
13880.319362,9826,2481.202142
29503.923438,10001,2493.328773
13251.498752,6824,2501.68838
35228.868803,10001,2513.818497
14349.126497,6659,2521.969313
36946.130638,9976,2534.072286
7597.256029,2859,2537.661594
31675.829109,9264,2548.924866
25852.022201,6385,2556.707898
23859.482523,7030,2565.868766
30132.943031,9760,2577.748188
30363.932118,10001,2589.855293
29294.277865,10001,2601.958467
33303.327034,10001,2614.093216
31611.050724,10001,2626.148726
29390.991602,10001,2638.270638
36162.393322,10001,2650.912776
32803.113422,10001,2663.032499
31176.969053,8565,2673.473922
28247.191342,10001,2685.601786
27197.022766,8268,2695.658958
32868.958854,10001,2707.83078
32040.997607,10001,2720.497202
32812.759559,10001,2732.578666
20458.334277,7877,2742.113816
28628.404315,10001,2754.220801
36277.580489,10001,2766.316815
34047.201908,10001,2778.453121
33054.214224,10001,2790.580496
34559.580759,10001,2803.273697
27926.628257,8594,2813.676633
33509.591138,10001,2825.832689
30787.445034,10001,2837.980018
25184.313056,9894,2849.969533
32924.67904,10001,2862.090076
36765.958077,10001,2874.280036
28947.925193,10001,2886.967746
32450.060901,10001,2899.10424
36126.901138,10001,2911.258222
32465.207922,10001,2923.409153
33682.860602,10001,2935.537599
30199.421604,10001,2947.70443
32674.558818,10001,2960.350072
34228.120115,9943,2972.456212
30859.396237,10001,2984.68501
33006.882728,10001,2996.851574
32120.626304,9762,3008.766531
33650.78168,10001,3020.934445
33097.524232,10001,3033.16173
33742.504425,9534,3045.333972
32283.750011,10001,3057.573009
33866.271869,10001,3069.734604
31386.213982,10001,3081.91184
29665.580226,10001,3094.068502
35661.49655,10001,3106.232716
35975.51564,10001,3118.403158
31147.11298,10001,3131.119251
31150.772767,10001,3143.326559
29525.153995,10001,3155.546872
31811.130532,10001,3167.83275
33361.842507,10001,3180.100653
23284.240967,6931,3188.618551
32267.21104,10001,3201.341341
27979.46531,9672,3213.114613
31799.738013,10001,3225.204837
30644.392491,10001,3237.284099
30975.854131,10001,3249.393346
35709.657437,10001,3261.489555
33738.713125,10001,3273.597284
10115.684335,3540,3278.01913
31563.921866,10001,3290.71844
29093.896726,9022,3301.75538
33974.751272,10001,3313.922482
33274.394292,10001,3326.052533
31812.89218,10001,3338.198328
31363.373601,10001,3350.372133
31855.025344,10001,3363.069595
26737.778604,8468,3373.506946
34852.1676,10001,3385.682361
21173.446523,7378,3394.795883
23279.67166,7989,3404.518372
32078.174255,10001,3416.732029
24956.687393,7499,3425.858091
33862.757568,10001,3438.052872
31499.538597,10001,3450.81065
31194.104332,10001,3462.956677
27302.764983,10001,3475.070289
32464.00226,10001,3487.295317
34537.607022,10001,3499.407597
33109.395471,10001,3511.595429
32339.375661,10001,3524.322882
32234.555958,10001,3536.426728
26889.730485,9814,3548.344621
31532.381276,9808,3560.241623
28913.689099,10001,3572.434049
31928.530835,10001,3584.662181
28955.109234,8728,3595.262589
29594.355475,9888,3607.813537
29995.238154,10001,3619.974663
28486.29027,10001,3632.163871
36247.397821,10001,3644.264227
29184.854138,9269,3655.527684
32503.776697,10001,3667.71859
26908.719651,9802,3679.725547
34276.894454,10001,3692.502082
31041.662722,10001,3704.659
30151.397049,10001,3716.806275
32205.005947,10001,3728.939302
29390.753035,10001,3741.149381
7110.257816,3281,3745.244325
27064.693944,8753,3755.966444
32825.627326,10001,3768.662822
32626.269433,10001,3780.79361
35295.833901,10001,3793.01388
28529.720475,10001,3805.241369
33287.248052,10001,3817.427102
31607.127888,10001,3829.485832
29976.631815,10001,3841.58037
29800.702307,10001,3854.20276
33303.785831,10001,3866.24629
33956.325375,10001,3878.338099
36199.054564,10001,3890.542984
27906.441924,9118,3901.604006
30210.918199,9891,3913.56339
30854.177255,10001,3926.19404
30035.703252,10001,3938.428011
29659.846963,9554,3949.980793
28975.88201,10001,3962.073943
36862.693487,10001,3974.216524
31738.356579,10001,3986.357516
32093.000161,10001,3998.445285
32558.092253,10001,4011.191049
31584.465089,10001,4023.412318
30211.896078,10001,4035.573221
30682.135622,10001,4047.70534
33687.557764,10001,4059.875148
29717.494405,10001,4072.041567
35154.674756,10001,4084.764065
26105.302634,9075,4095.922473
32623.671459,10001,4108.152609
31407.736452,10001,4120.435938
29292.977012,10001,4132.673384
31958.888425,10001,4144.913574
21993.734792,6934,4153.435519
28838.492935,10001,4166.249789
29975.506053,10001,4178.423447
30980.367864,10001,4190.631439
30929.023598,10001,4202.775307
26720.513051,9311,4214.180841
30354.284119,10001,4226.374265
31824.823824,10001,4238.590797
30511.043012,10001,4251.360427
28170.619221,10001,4263.603383
28086.276287,9014,4274.588209
32009.438775,10001,4286.820203
29619.41665,10001,4299.059731
31513.899528,10001,4311.304001
32163.66816,10001,4323.536977
31543.492325,10001,4336.296314
29668.059113,10001,4348.489703
30612.656241,10001,4360.654532
31308.005159,10001,4372.838415
30614.803464,10001,4385.004026
25092.787528,8411,4395.338372
30887.083646,10001,4408.05795
35400.689088,10001,4420.213289
30264.276437,10001,4432.378986
32401.306995,10001,4444.542115
28499.106128,10001,4456.794729
31952.743003,10001,4468.964907
2052.629996,686,4469.92593
29473.952294,10001,4482.103083
28763.016781,10001,4494.802984
34353.251407,10001,4506.968591
32051.15094,10001,4519.131682
33042.961575,10001,4531.276077
27821.826111,10001,4543.461836
29050.606099,10001,4555.6139
29876.952216,9644,4567.817007
29437.401109,10001,4580.04934
4270.703033,2305,4583.003911
30755.592345,10001,4595.195479
31717.402147,10001,4607.496784
32596.034035,10001,4619.666745
27623.490801,9528,4631.263083
32194.743215,10001,4643.414096
26853.72887,10001,4656.332756
28119.186607,10001,4668.651697
33286.986244,10001,4680.823618
25273.88128,9494,4692.420694
30359.837558,10001,4704.646493
29984.331432,10001,4716.857111
27928.073833,10001,4729.635512
30524.007681,10001,4741.842104
33890.249811,10001,4754.064601
30447.932917,10001,4766.286513
4797.301189,1948,4768.850715
30324.846261,10001,4781.069753
29684.625557,10001,4793.291656
30520.661332,10001,4805.469555
3898.303598,1895,4807.952009
32387.049363,10001,4820.743482
28388.522456,10001,4832.988087
26854.615876,10001,4845.213955
31912.31743,10001,4857.412148
28267.000748,10001,4869.623123
31458.227491,10001,4881.85113
29939.097779,10001,4894.639833
29403.58135,10001,4906.861126
27678.855904,10001,4919.056067
28798.903581,10001,4931.280589
32351.621968,10001,4943.492393
30795.905888,10001,4955.696125
28052.206993,10001,4967.900319
26767.690719,10001,4980.803642
32325.856964,10001,4992.982852
30401.343376,10001,5005.154586
29156.829863,10001,5017.322481
33285.892819,10001,5029.545597
30906.153782,10001,5041.726957
28193.737499,9546,5054.020496
35828.936106,10001,5066.109091
27654.52882,10001,5078.227783
22314.027638,7559,5087.402919
31275.152144,10001,5099.523525
27406.769865,10001,5111.573336
32350.123218,10001,5123.651922
30201.957489,10001,5136.341923
30430.456421,10001,5148.454994
30457.818476,10001,5160.575442
29355.320675,10001,5172.701029
31482.788137,10001,5184.827048
30693.893434,10001,5196.936277
34738.900298,10001,5209.045881
33530.470706,10001,5221.707807
30895.812001,10001,5233.858164
30692.609171,10001,5245.999923
29601.942948,10001,5258.159311
29629.428222,10001,5270.260524
32481.645666,10001,5282.377229
31271.911569,10001,5295.020989
28491.701428,10001,5307.18139
32434.306483,10001,5319.314109
29651.91235,10001,5331.413857
3281.10492,1807,5333.813882
31526.468595,10001,5345.935455
27756.170061,10001,5358.098955
31197.472894,10001,5370.216858
23901.804439,10001,5382.971683
22386.861593,8760,5393.695696
27567.730614,10001,5405.880656
28340.239827,10001,5418.0315
29690.202329,10001,5430.141447
26389.958377,10001,5442.223074
29076.117534,10001,5454.915496
30715.159674,10001,5467.068799
29235.320133,10001,5479.164286
29040.725641,10001,5491.355509
26776.61361,10001,5503.493303
27515.602955,10001,5515.69922
26773.973401,10001,5527.897969
31532.62022,10001,5540.591367
27057.540564,10001,5552.739728
29016.171564,10001,5564.930015
27293.448031,10001,5577.104007
29547.203637,10001,5589.260437
32839.844953,10001,5601.433403
25645.32271,10001,5614.220998
31943.751607,10001,5626.346262
30423.309983,10001,5638.529926
28915.318181,10001,5650.656351
28508.553795,10001,5662.837924
32213.987746,10001,5674.946946
27364.217719,10001,5687.13493
31861.507003,10001,5699.814239
29998.488015,10001,5711.951635
29726.435829,10001,5724.070283
31498.883258,10001,5736.183565
27584.413184,10001,5748.301812
33266.384026,10001,5760.393372
29110.732283,10001,5773.055053
24216.0297,10001,5785.246252
26310.726993,10001,5797.409951
21657.023863,9263,5808.742339
27847.523676,10001,5820.870775
30344.630486,10001,5832.98747
27991.147973,10001,5845.092983
3457.461394,1091,5846.565323
26874.099657,10001,5859.217725
28011.135233,10001,5871.376979
23193.224275,10001,5883.596684
25982.982464,10001,5895.802254
1599.037767,744,5896.822595
26807.352117,10001,5908.95629
30360.262975,10001,5921.163634
28021.150984,10001,5933.837792
23453.07843,10001,5946.010701
28222.955875,10001,5958.177009
28087.032779,10001,5970.314878
23368.18154,10001,5982.522559
27738.675787,10001,5994.658025
29598.139244,10001,6006.79266
28705.712619,10001,6019.574636
30446.221763,10001,6031.822347
25452.185018,10001,6044.025578
26810.966494,10001,6056.252145
27689.791556,10001,6068.478936
29702.645387,10001,6080.775365
28506.252857,10001,6092.989153
30153.408268,10001,6105.791992
26529.798762,10001,6118.060761
24971.873552,10001,6130.370671
26457.13075,10001,6142.684662
27517.388412,10001,6154.92804
30744.972132,10001,6167.217687
26260.264863,10001,6180.06223
23566.866277,10001,6192.378632
25580.781995,10001,6204.608242
28276.221071,10001,6216.824889
24722.071407,10001,6229.099517
31122.917996,10001,6241.329082
23642.359985,10001,6253.570901
29712.165254,10001,6266.36603
28084.553509,10001,6278.575504
24218.024454,10001,6290.780638
28240.573124,10001,6303.037436
28781.723433,10001,6315.269482
29943.906035,10001,6327.497352
25244.801473,10001,6340.297699
28198.603293,10001,6352.523296
28769.601434,10001,6364.754341
27140.360111,10001,6377.001587
28079.958641,10001,6389.266595
31034.269777,10001,6401.559867
31287.078464,10001,6413.794221
28309.290613,10001,6426.619535
26061.028842,10001,6438.838262
32840.565123,10001,6451.091582
33944.710196,10001,6463.348191
25131.756429,10001,6475.610141
25899.326848,10001,6487.920079
30611.410736,10001,6500.692173
30669.27495,10001,6513.003309
28105.046282,10001,6525.212558
31126.596939,10001,6537.47222
23389.487788,10001,6549.736864
26215.310677,10001,6561.986758
29810.344995,10001,6574.271358
28226.20576,10001,6587.082867
28976.939051,10001,6599.310124
28490.292255,10001,6611.581605
30302.48373,10001,6623.80288
28270.89636,10001,6636.080201
28224.446065,10001,6648.313774
32679.268431,10001,6661.084806
1106.215594,577,6661.911864
28353.608812,10001,6674.15995
27869.47379,10001,6686.411331
28341.838577,10001,6698.603834
32465.877494,10001,6710.800585
28112.719195,10001,6723.035892
30624.300734,10001,6735.230112
32983.350203,10001,6747.96025
29483.705069,10001,6760.172051
30230.053289,10001,6772.356727
29158.72365,10001,6784.572129
30280.753382,10001,6796.811643
29451.933714,10001,6809.08057
29612.912252,10001,6821.952953
26205.975578,10001,6834.185156
29201.654933,10001,6846.415653
31410.150288,10001,6858.627596
1122.853314,781,6859.702703
32759.624745,10001,6871.902432
31946.601353,10001,6884.100094
28327.140189,10001,6896.305905
30146.628715,10001,6909.07072
1247.882096,648,6909.97229
27908.78523,10001,6922.163808
32117.05717,10001,6934.362645
27726.438766,10001,6946.574024
30851.126021,10001,6958.804241
28261.863939,10001,6970.991814
29005.715156,10001,6983.739565
32392.282184,10001,6995.981373
32464.173178,10001,7008.223684
33389.626015,10001,7020.486754
28136.137544,10001,7032.676387
31294.000195,10001,7044.939053
29863.334395,10001,7057.180964
31584.127777,10001,7069.954004
25843.849181,10001,7082.117682
31166.50582,10001,7094.314944
29039.710558,10001,7106.525688
28233.441774,10001,7118.736801
29227.150863,10001,7130.936757
1347.436786,560,7131.745804
30406.835466,10001,7144.469102
29761.924015,10001,7156.701438
31281.170524,10001,7168.927023
31884.057582,10001,7181.140464
31711.492801,10001,7193.321129
28470.811009,10001,7205.576336
28814.411239,10001,7217.818785
1321.695912,714,7218.821269
31019.467933,10001,7231.552856
1231.889211,498,7232.278635
28304.554025,10001,7244.538966
30969.840065,10001,7256.720649
29675.440423,10001,7268.953414
964.676741,570,7269.773947
31211.881612,10001,7281.957107
24030.976617,10001,7294.184104
31526.145991,10001,7306.950766
28951.016552,10001,7319.15323
1680.184898,547,7319.927944
29818.202439,10001,7332.125367
1333.325854,929,7333.386856
1310.562844,621,7334.293284
33663.028283,10001,7346.49281
32748.491693,10001,7358.672328
33407.299746,10001,7370.86233
28875.726258,10001,7383.034194
29747.732591,10001,7395.841975
30702.477059,10001,7408.049217
1308.331097,739,7409.071322
30057.39869,10001,7421.260075
23573.109039,10001,7433.470286
1536.330007,905,7434.712874
29435.032382,10001,7446.963994
30515.868318,10001,7459.203071
33242.972726,10001,7471.967515
1520.176206,695,7472.934085
32685.786667,10001,7485.127287
32403.384184,10001,7497.317786
30828.957295,10001,7509.517122
27432.484937,10001,7521.706684
33124.21213,10001,7533.896787
30708.849661,10001,7546.117461
31444.997367,10001,7558.847399
34436.30892,10001,7571.219574
28170.32172,10001,7583.340021
29144.663725,10001,7595.455901
31610.555014,10001,7607.566171
30948.877089,10001,7619.625631
29494.662601,10001,7632.301297
34027.379739,10001,7644.430357
30135.139532,10001,7656.552094
30251.429746,10001,7668.732651
23794.761823,9498,7680.257488
25448.868703,9862,7692.248977
32131.319742,10001,7704.346905
31998.17035,10001,7717.007497
1395.972829,643,7717.905012
1048.687453,708,7718.896743
31883.984439,10001,7731.037593
30391.039101,10001,7743.17876
27308.103039,10001,7755.310326
23359.279488,8760,7765.937529
28949.466888,10001,7778.075628
1130.395867,751,7779.119122
30817.857606,10001,7791.755482
32949.210563,10001,7803.822202
31094.975312,10001,7815.911988
32183.68024,10001,7828.016635
29876.015999,10001,7840.078132
31968.894259,10001,7852.147576
30373.22021,10001,7864.233426
28931.405658,10001,7876.901145
32916.343909,10001,7889.001587
27485.422091,10001,7901.177137
34739.611146,10001,7913.294658
1317.465745,658,7914.217957
32084.582672,10001,7926.314518
31955.54486,10001,7938.467371
31162.198658,10001,7951.127724
33454.403218,10001,7963.237185
33182.258073,10001,7975.371346
27807.387314,10001,7987.509685
30801.664357,10001,7999.63705
28438.20083,10001,8011.70069
32567.868812,10001,8023.853257
31852.375487,10001,8036.524951
1302.689664,529,8037.281929
1062.90949,623,8038.160971
35662.325997,10001,8050.235082
33881.650253,10001,8062.325278
1584.373266,650,8063.232145
31792.459667,10001,8075.303847
33998.740762,10001,8087.405757
1679.118808,614,8088.276442
31065.427724,10001,8100.39222
32799.457943,10001,8113.031924
32340.589955,10001,8125.116994
29603.743083,10001,8137.218811
1284.920819,577,8138.037415
30741.227504,10001,8150.211062
1904.78957,761,8151.257248
32925.373216,10001,8163.357107
23864.518883,10001,8175.519272
34265.089186,10001,8187.622607
32727.482842,10001,8200.342828
32053.095774,10001,8212.480928
34093.153112,10001,8224.604851
32174.780767,10001,8236.769745
34094.70607,10001,8248.911666
33236.427754,10001,8261.007467
1393.371138,561,8261.819449
33646.333397,10001,8274.504804
29776.272614,10001,8286.623051
33134.918501,10001,8298.701277
31346.464277,10001,8310.784932
32979.136704,10001,8322.84611
1268.844724,525,8323.595196
31945.120333,10001,8335.724509
31523.953304,10001,8347.796692
33395.427166,10001,8360.435304
1639.620671,509,8361.175399
1639.922048,672,8362.117022
930.914232,565,8362.919192
23220.998372,10001,8375.019481
33641.848325,10001,8387.126728
32717.209529,10001,8399.231286
1235.796233,578,8400.05906
917.054575,578,8400.883926
33453.061647,10001,8413.010977
36087.858087,10001,8425.163593
35236.054218,10001,8437.805805
32267.611208,10001,8449.90115
31563.341686,10001,8461.992004
33947.885739,10001,8474.109262
34029.830064,10001,8486.183461
1107.565958,530,8486.944295
31139.242769,10001,8499.072067
1573.848595,578,8499.889899
33628.036148,10001,8512.59331
32185.076802,10001,8524.735265
1537.043398,713,8525.723569
33042.611294,10001,8537.825383
34548.829781,10001,8549.89377
33800.228121,10001,8562.02285
33985.486062,10001,8574.108994
30336.809119,10001,8586.238044
1536.818377,671,8587.181587
1154.251422,636,8588.071781
33672.349412,10001,8600.809969
37411.209144,10001,8612.981481
1514.116582,670,8613.925798
34140.853335,10001,8626.092919
29970.799684,10001,8638.247739
30164.481214,10001,8650.457291
31818.74463,10001,8662.729914
32395.962304,10001,8675.530493
34163.063564,10001,8687.712337
34785.155365,10001,8699.882629
35106.146318,10001,8712.059367
1420.800391,584,8712.890692
1304.38678,576,8713.710669
1507.265179,835,8714.84507
33989.853771,10001,8727.024551
32654.651649,10001,8739.215713
1646.118982,846,8740.368478
32203.862628,10001,8753.200155
31406.990541,10001,8765.435962
31545.722531,10001,8777.683517
26121.932922,10001,8789.942936
31931.109884,10001,8802.167162
34619.554244,10001,8814.353774
32474.924673,10001,8826.543561
35718.13414,10001,8839.306068
33061.358822,10001,8851.564915
29533.542902,10001,8863.828314
32160.648393,10001,8876.065187
32166.304397,10001,8888.311978
36280.530679,10001,8900.568024
32632.864657,10001,8913.243269
1267.196204,647,8914.151031
1375.66503,545,8914.932384
32795.151934,10001,8927.114743
22748.829438,7304,8936.115946
34467.530761,10001,8948.359372
2085.489952,578,8949.185383
1659.160804,716,8950.183384
31254.867397,10001,8962.369366
34754.497103,10001,8974.548094
33059.210836,10001,8986.747126
31767.644661,10001,8999.521379
35503.272864,10001,9011.730427
30796.046374,10001,9023.924866
1352.533422,492,9024.632565
33983.176595,10001,9036.88754
34100.426007,10001,9049.101855
33471.354897,10001,9061.325916
33516.758449,10001,9073.534848
21384.731509,10001,9086.294414
32568.135098,10001,9098.497398
24552.761265,9343,9109.944846
35342.268831,10001,9122.095562
1271.00184,635,9122.982839
33715.218317,10001,9135.129763
35416.038203,10001,9147.295157
34294.2852,10001,9159.999081
1448.937426,637,9160.897503
1150.006243,472,9161.599131
1534.973947,611,9162.470708
30071.847628,10001,9174.688724
31473.966137,10001,9186.897056
33341.791629,10001,9199.069951
33094.278688,10001,9211.265193
30500.376604,10001,9223.45112
34621.640216,10001,9236.119037
33693.647878,10001,9248.237613
1726.467916,469,9248.926601
1311.927184,468,9249.616205
36994.352598,10001,9261.780824
1371.832971,533,9262.544376
31386.297308,10001,9274.683815
1488.021386,459,9275.367372
33946.351968,10001,9287.512585
1347.533217,567,9288.326638
35057.683669,10001,9300.462464
31566.118494,10001,9312.613452
31604.25729,10001,9325.373544
34572.984949,10001,9337.552292
1444.896769,537,9338.31846
31097.326196,10001,9350.503006
1176.842324,523,9351.261419
1436.811824,436,9351.910524
30165.127695,10001,9364.14548
31738.655801,10001,9376.341966
1250.606246,501,9377.084136
33780.404429,10001,9389.266053
33625.790953,10001,9401.992452
32620.652479,10001,9414.192813
36559.846468,10001,9426.314575
30364.340211,10001,9438.506365
31769.541195,10001,9450.746543
34550.20664,10001,9462.991831
32364.129103,10001,9475.198311
1538.922639,619,9476.077231
1352.221282,495,9476.791495
33406.808122,10001,9489.532538
35372.222595,10001,9501.707745
31492.896997,10001,9513.893063
1293.446068,572,9514.719307
34582.118797,10001,9526.93635
31648.945285,10001,9539.133173
1445.850137,538,9539.900831
32242.475005,10001,9552.121372
36601.529076,10001,9564.906568
29637.483215,10001,9577.184159
1768.828658,819,9578.325529
33395.219764,10001,9590.610972
32449.734233,10001,9602.812366
32908.718962,10001,9615.018402
32834.35623,10001,9627.245381
27264.482086,10001,9639.485936
31363.345813,10001,9652.240079
33736.214441,10001,9664.371162
3910.77879,2091,9667.129898
1546.585899,579,9667.954279
35468.945976,10001,9680.09941
1259.749881,511,9680.842144
1246.200006,413,9681.471689
1156.574497,454,9682.151711
1235.774987,460,9682.836939
1419.599029,652,9683.763217
33543.17428,10001,9695.955213
1417.540463,450,9696.615269
1184.737477,562,9697.421667
33079.702947,10001,9709.562329
1443.392663,493,9710.273041
1596.810516,460,9710.950796
1186.670589,617,9711.820435
33212.789854,10001,9724.536335
34476.842153,10001,9736.779186
34569.662917,10001,9749.0384
1776.821404,895,9750.264488
34640.017545,10001,9762.490354
32215.166349,10001,9774.699114
32626.750736,10001,9786.902662
1692.133861,521,9787.65252
33956.979211,10001,9799.86311
36514.914004,10001,9812.582958
1362.555131,590,9813.415198
1820.650537,636,9814.29401
1201.043646,424,9814.93558
1255.123213,477,9815.64484
32098.907756,10001,9827.795088
30578.892234,10001,9839.956402
34428.533525,10001,9852.097854
34379.30491,10001,9864.213487
1325.267535,446,9864.872718
1487.419798,441,9865.525619
1537.950069,462,9866.212657
34153.885546,10001,9878.356376
1344.049106,645,9879.244904
1211.826007,516,9879.993495
34731.892448,10001,9892.734178
30166.907051,10001,9904.909066
32698.157916,10001,9917.107127
35862.89659,10001,9929.326924
1366.897882,433,9929.972128
32682.947048,10001,9942.158955
33016.124716,10001,9954.355268
33922.137984,10001,9967.064739
1336.899481,542,9967.842621
1470.723975,435,9968.488629
34316.738696,10001,9980.691611
1813.024704,513,9981.433822
1541.534311,710,9982.418912
1523.128529,518,9983.168665
32086.820654,10001,9995.350441
31328.902446,10001,10007.582684
29317.882376,10001,10019.793433
1553.747877,569,10020.601824
35629.230348,10001,10032.7497
1345.008275,557,10033.550232
35900.706893,10001,10046.240878
1401.196344,436,10046.886466
1292.458758,453,10047.571622
34729.170394,10001,10059.746777
1248.844616,460,10060.421802
1168.801121,442,10061.073712
1082.072023,792,10062.145731
1233.080777,691,10063.147428
1320.42091,465,10063.831466
1284.120672,448,10064.488411
1354.735227,518,10065.235897
1330.09571,460,10065.922866
1413.096361,834,10067.067816
31471.910417,10001,10079.292286
1246.420304,457,10079.972264
33994.650494,10001,10092.176514
36345.244905,10001,10104.350016
1310.830525,460,10105.038457
1476.49685,457,10105.716673
32625.308689,10001,10117.870906
1727.339064,664,10118.798492
1721.911991,458,10119.482232
1461.413972,582,10120.310135
33839.877902,10001,10133.005011
35241.004016,10001,10145.187606
1270.284,477,10145.883735
29704.618234,10001,10158.052799
1309.588786,425,10158.696968
1327.294288,427,10159.337366
1249.99566,472,10160.031558
31033.561203,10001,10172.22811
1266.978761,420,10172.865799
32339.8835,10001,10185.020415
33198.559569,10001,10197.160645
1471.938784,475,10197.8532
32733.070645,10001,10210.485685
36316.620386,10001,10222.683527
1276.39527,516,10223.436739
1334.842451,485,10224.149511
2068.590833,668,10225.079295
35671.451426,10001,10237.364153
1403.73539,470,10238.06122
1234.785596,418,10238.695685
34907.725356,10001,10250.879756
34276.298936,10001,10263.119816
1394.832305,476,10263.810742
1094.84559,609,10264.678419
33899.685942,10001,10276.890034
1184.959564,447,10277.549398
1169.496498,579,10278.372678
35102.554609,10001,10291.11459
32977.488157,10001,10303.268822
32478.443026,10001,10315.489913
34610.068224,10001,10327.673049
34530.481838,10001,10339.875504
34229.999686,10001,10352.054874
35004.511682,10001,10364.213194
34432.785092,10001,10377.086438
33066.536602,10001,10389.363736
1130.608818,490,10390.078911
1476.920206,461,10390.764731
36660.500316,10001,10403.02675
1392.92349,463,10403.711216
1229.921683,465,10404.404521
1211.773775,580,10405.233938
1426.332455,436,10405.886559
33370.832361,10001,10418.172684
27226.781119,10001,10430.47941
35822.028772,10001,10442.742494
31735.939604,10001,10455.59836
32342.121979,10001,10467.820684
33342.422983,10001,10480.021373
1278.216047,431,10480.664405
35268.113307,10001,10492.847315
35162.012582,10001,10505.016066
1624.479955,583,10505.842247
33693.315958,10001,10518.039225
33503.266252,10001,10530.207044
32912.450641,10001,10542.972459
1333.650245,557,10543.779139
32431.530146,10001,10556.020235
32654.9388,10001,10568.296299
2340.510334,718,10569.289082
32225.972636,10001,10581.580531
34284.235399,10001,10593.854994
1314.65584,503,10594.587764
33650.9975,10001,10606.831058
1368.689684,608,10607.700044
1252.477747,502,10608.448571
1474.324773,496,10609.166075
1338.996246,414,10609.799539
33759.279932,10001,10622.561287
1220.114055,461,10623.244004
1497.363588,426,10623.884882
31468.888342,10001,10636.131641
1353.1532,455,10636.811988
35711.197567,10001,10649.028349
1410.871147,574,10649.845973
31032.681939,10001,10662.039051
1525.546013,429,10662.683319
31729.505798,10001,10674.851469
1401.335897,463,10675.52962
1319.41388,454,10676.218665
33208.932797,10001,10688.443496
34019.139345,10001,10701.204291
1313.787039,420,10701.845997
1372.112144,424,10702.490514
1260.5551,465,10703.178504
1250.2093,509,10703.923211
28956.309325,10001,10716.137353
1538.803816,427,10716.779346
1806.276057,598,10717.607692
1486.872984,426,10718.249669
1334.367676,470,10718.947845
1194.880393,470,10719.64255
1222.20811,589,10720.474367
1387.709633,428,10721.127918
34633.486459,10001,10733.321914
1379.178131,579,10734.145025
32279.589134,10001,10746.33232
1235.874978,586,10747.165663
1249.499339,477,10747.864045
1618.599936,587,10748.683802
1310.185393,712,10749.664402
32841.024617,10001,10761.836858
32068.943157,10001,10774.039245
1232.67546,478,10774.732423
1464.224193,638,10775.62999
32221.964399,10001,10788.427104
31548.341543,10001,10800.624372
31826.868236,10001,10812.804817
1374.086125,475,10813.497716
29915.415804,10001,10825.718359
29803.727297,10001,10837.891895
1381.876733,471,10838.588479
33011.665928,10001,10850.815116
1274.173378,467,10851.501789
31148.466223,10001,10864.249581
29355.531876,10001,10876.467643
33317.342413,10001,10888.698543
31877.878519,10001,10900.910357
1557.557575,480,10901.610013
1055.489866,582,10902.439059
1219.968181,448,10903.102999
32017.092792,10001,10915.369576
1497.081087,503,10916.106927
34299.793355,10001,10928.374546
1177.949918,458,10929.07064
1167.567718,490,10929.785811
1150.15213,469,10930.488754
1354.818371,431,10931.140958
1919.584145,1126,10932.680218
1215.736973,739,10933.723371
1272.355733,527,10934.488368
1508.023597,463,10935.188164
1431.439537,525,10935.948452
34586.695207,10001,10948.748208
1390.831756,507,10949.481101
31708.847518,10001,10961.661207
1123.405883,465,10962.349159
1545.597049,455,10963.031885
1470.710108,427,10963.669681
1114.002617,568,10964.485353
1339.646657,529,10965.245038
30200.212645,10001,10977.400805
35916.187085,10001,10989.586291
1428.670303,440,10990.241928
32280.250139,10001,11002.474961
1156.247338,529,11003.242211
33504.204298,10001,11015.465057
2610.848981,743,11016.466388
31863.952044,10001,11029.207075
1250.603675,433,11029.865437
1217.849837,455,11030.553785
1505.379453,422,11031.193025
1321.570221,560,11032.005786
1277.369281,507,11032.749826
29267.54025,10001,11045.000191
1473.709896,566,11045.80962
1264.752016,475,11046.514108
34258.273905,10001,11058.746222
32082.849095,10001,11071.000886
1082.362348,479,11071.706963
1317.549131,435,11072.346871
30831.770585,10001,11084.56602
1289.921491,483,11085.287994
1212.635246,562,11086.093376
1172.886818,497,11086.817924
2075.883644,577,11087.634712
1544.434278,468,11088.332318
34300.379147,10001,11100.586382
1227.410673,442,11101.248477
29981.653336,10001,11114.018062
32503.512288,10001,11126.224258
30738.901644,10001,11138.43477
1134.096222,707,11139.418492
1231.645116,506,11140.162813
1284.658767,479,11140.876803
1362.905585,484,11141.595576
34505.874692,10001,11153.7853
1122.62856,442,11154.44437
1227.737554,586,11155.276971
1379.97198,442,11155.930489
32921.329633,10001,11168.124672
31970.39393,10001,11180.281625
31420.388446,10001,11193.024044
32560.33362,10001,11205.263706
32485.970939,10001,11217.548271
31137.282262,10001,11229.770712
1760.009282,752,11230.804456
1446.573897,453,11231.503017
32816.090965,10001,11243.728006
1471.676415,588,11244.560339
31410.956592,10001,11256.788528
1216.588994,421,11257.433212
1242.401015,440,11258.085032
32763.256742,10001,11270.827318
1337.106111,533,11271.594398
1309.364244,565,11272.403371
1380.326676,458,11273.086648
1501.902757,631,11273.972272
32117.290062,10001,11286.219565
28096.602938,10001,11298.43196
1241.493231,467,11299.12922
1100.789072,453,11299.8183
32266.119412,10001,11312.018617
30050.313204,10001,11324.198865
1271.192875,466,11324.884601
1231.191568,1147,11326.44555
28237.722408,10001,11338.624935
31600.521634,10001,11351.332053
1138.607026,762,11352.378505
2173.356738,796,11353.46839
2228.78602,924,11354.723011
33222.466167,10001,11366.955312
1086.111187,442,11367.61679
1155.292984,526,11368.376957
30041.411994,10001,11380.610892
1280.61405,857,11381.800937
1921.654665,795,11382.884935
1397.521035,1119,11384.379895
1271.95002,428,11385.026665
31749.60944,10001,11397.23586
1191.633602,439,11397.892024
1701.343693,745,11398.911916
1270.27942,432,11399.59113
1438.774366,550,11400.365805
1388.01849,451,11401.04896
1494.605063,568,11401.847255
32600.580215,10001,11414.055807
1212.707115,425,11414.701205
2111.361241,634,11415.577965
1371.585423,461,11416.262669
30174.73378,10001,11428.512326
1197.033009,438,11429.167325
1624.266301,432,11429.808201
30070.241938,10001,11442.633443
31556.651972,10001,11454.899772
28944.493131,10001,11467.144269
32514.479928,10001,11479.412056
1003.48581,641,11480.322208
30702.131821,10001,11492.562609
1111.989338,500,11493.289107
28822.259989,10001,11505.606048
1254.429745,419,11506.246273
1438.878299,533,11507.007717
1386.787923,461,11507.692313
1428.850281,448,11508.353853
1197.841148,455,11509.047602
27022.388574,9053,11520.760838
30206.037046,10001,11533.056903
32040.205152,10001,11545.259549
1056.842432,557,11546.067115
1181.7842,457,11546.762455
35059.551948,10001,11558.952693
1224.831029,476,11559.653869
1857.488678,778,11560.713056
28452.965204,10001,11573.014939
28359.164273,10001,11585.287494
1335.110443,444,11585.941561
32214.67054,10001,11598.742846
34103.67505,10001,11610.956434
3592.443331,1527,11612.999825
1217.82298,428,11613.645509
30642.269902,10001,11625.874737
31832.716984,10001,11638.107073
33423.99881,10001,11650.326129
1257.020935,438,11650.980196
1160.296896,494,11651.699806
2406.826177,1233,11653.337669
1140.881699,515,11654.099405
29367.854013,10001,11666.344573
1270.830513,438,11666.995262
26930.175957,10001,11679.780712
32137.330387,10001,11692.032829
1311.009118,468,11692.730466
1264.767909,592,11693.569246
29214.456979,10001,11705.825499
1062.755481,462,11706.511914
1137.350637,573,11707.337829
1301.471642,588,11708.172529
1346.408016,497,11708.903973
1419.001452,449,11709.569938
1224.676846,481,11710.286174
1196.156751,434,11710.943904
32895.370346,10001,11723.213293
29546.474844,10001,11735.507252
1253.43169,485,11736.213952
1571.833482,511,11736.957176
1145.588987,562,11737.771101
33314.689257,10001,11750.037258
1335.098857,502,11750.771416
1335.616513,512,11751.513414
1863.088379,566,11752.328064
30744.936541,10001,11765.125273
1105.092186,433,11765.782934
30482.546112,10001,11778.04245
26234.542023,10001,11790.411313
1184.220792,427,11791.060661
30821.221158,10001,11803.369637
2848.994471,1001,11804.74358
1271.486439,427,11805.398251
1390.486625,444,11806.06349
1253.214441,471,11806.766934
1279.929353,437,11807.418391
1127.528368,495,11808.138511
1187.775667,423,11808.788033
1186.459374,435,11809.436902
1216.397206,501,11810.177936
1188.085384,478,11810.875574
33059.128489,10001,11823.160969
1321.468018,752,11824.207455
28381.057317,10001,11836.519905
1311.586549,462,11837.21073
31816.055017,10001,11850.053687
1409.395754,451,11850.741156
27145.77103,10001,11862.959648
1079.293149,497,11863.681716
1294.947991,733,11864.678876
31405.307082,10001,11876.926374
1217.188265,422,11877.566782
1357.533606,497,11878.271721
1205.896099,464,11878.966573
1428.600993,452,11879.64591
1091.890611,438,11880.3013
33632.436719,10001,11892.466932
1198.242651,534,11893.242522
1188.079257,456,11893.933184
1079.811467,474,11894.639476
27423.288593,10001,11906.846417
1137.645729,417,11907.484612
29845.434058,10001,11919.671575
1147.053126,507,11920.411002
1397.114336,446,11921.074748
1271.22455,475,11921.780134
1538.65857,413,11922.420879
31689.223571,10001,11935.168437
1680.497337,560,11935.971944
1200.106297,460,11936.670743
32604.883326,10001,11948.882244
1849.094272,484,11949.582464
1195.326707,494,11950.298095
1182.275454,502,11951.048651
1162.502212,602,11951.920717
1748.516096,736,11952.914436
1289.612087,428,11953.556443
29041.453387,10001,11965.759758
1787.72559,493,11966.467714
33225.408875,10001,11978.685307
1416.433399,439,11979.3311
1159.988996,441,11979.988665
1710.158094,565,11980.790128
1315.929491,449,11981.449137
1397.122131,496,11982.171722
1115.236457,416,11982.81176
30986.920685,10001,11994.986401
29102.787881,10001,12007.207699
1217.118837,421,12007.849493
1246.990466,448,12008.518353
1457.647248,441,12009.164717
1275.109864,428,12010.324434
1319.062135,460,12011.020169
1359.4881,600,12011.870801
1295.237128,436,12012.524738
1218.140862,409,12013.157743
1171.179868,420,12013.801117
31396.154942,10001,12026.119538
30847.650999,10001,12038.286676
1273.997557,441,12038.941835
1576.355652,975,12040.236332
1303.067018,1164,12041.80155
1486.647181,468,12042.490734
1487.159692,951,12043.776085
1296.394281,462,12044.468528
1228.49907,480,12045.176214
1394.38293,448,12045.850777
1210.300258,572,12046.676363
28366.34623,10001,12058.887322
1725.579119,567,12059.690456
1128.836515,514,12060.447949
1425.072491,419,12061.085462
29629.513602,10001,12073.272264
27906.984051,10001,12085.480305
1207.21694,496,12086.203451
30928.694468,10001,12098.9921
1596.288216,461,12099.668527
1389.12309,415,12100.301127
1370.191358,428,12100.945138
1344.401453,552,12101.736968
1285.684595,465,12102.430275
1300.855305,537,12103.194876
1333.615963,457,12103.875377
27798.847066,10001,12116.074294
29451.656826,10001,12128.272113
1108.526905,430,12128.917944
1206.517844,472,12129.614157
1246.960391,435,12130.26103
29086.860463,10001,12142.451348
1317.490595,485,12143.155185
1127.393388,472,12143.854796
1205.47354,474,12144.558387
27457.730186,10001,12156.743617
1180.280276,441,12157.400028
29908.885193,10001,12169.550518
1044.424284,489,12170.264894
1179.350101,434,12170.909412
1312.338725,426,12171.548878
1061.608241,450,12172.213909
1333.641686,475,12172.918004
1201.093139,425,12173.562415
26793.336804,9392,12185.570145
1533.550485,555,12186.366384
28443.703292,10001,12198.53354
1630.134656,429,12199.176015
26301.881755,9550,12210.794411
1139.932216,455,12211.477817
30429.281134,10001,12223.665428
1398.020394,514,12224.416761
3108.280753,937,12225.654826
1139.226162,467,12226.363458
26482.260567,10001,12238.526742
1196.241774,452,12239.204113
1319.725601,511,12239.94553
29150.534899,10001,12252.138802
25975.149132,10001,12264.862312
1269.649118,421,12265.503188
1024.311164,698,12266.468239
1575.107025,474,12267.155233
1213.930056,418,12267.792879
1292.326237,500,12268.517596
1387.353288,487,12269.229187
1097.69362,472,12269.927992
28831.572717,10001,12282.105109
1392.212267,402,12282.728438
1167.860262,493,12283.442531
1297.074076,463,12284.138881
1323.27935,461,12284.826755
26931.699043,10001,12297.040612
1177.703124,527,12297.808125
22282.034544,7406,12306.87212
1063.230979,611,12307.746902
1172.894476,413,12308.379523
1592.4133,527,12309.131269
1191.732735,429,12309.774612
26252.25537,10001,12321.98403
1284.027682,448,12322.651627
26343.062103,10001,12334.896571
24451.597458,10001,12347.658873
1216.55354,492,12348.372255
1041.664702,493,12349.092049
1965.130607,735,12350.094275
1248.768887,479,12350.833232
1145.307537,484,12351.543061
2147.246564,835,12352.758377
1912.407013,547,12353.635225
1119.869265,460,12354.400576
2150.545917,907,12355.681437
30935.248425,10001,12367.952496
1221.310993,490,12368.665511
1198.539507,472,12369.368681
30667.288198,10001,12381.597578
1165.963764,498,12382.327499
29242.354855,10001,12394.579222
1435.468287,477,12395.271053
1449.344148,417,12395.905975
1197.7861,477,12396.612008
1131.270581,421,12397.256676
1430.607791,439,12397.903461
1272.158464,429,12398.550782
31629.826667,10001,12410.793259
30887.761012,10001,12423.590519
1909.203528,560,12424.4111
28988.039326,10001,12436.6903
31279.238305,10001,12448.929377
1239.157571,424,12449.573985
1198.902028,516,12450.330974
30064.505458,10001,12462.624695
28170.180767,10001,12474.867558
1252.937925,440,12475.520483
29995.959334,10001,12487.796622
31357.213244,10001,12500.03724
1112.351672,473,12500.743052
1124.693629,444,12501.409971
29152.909155,10001,12514.203392
2200.005996,921,12515.451494
1125.833668,481,12516.193712
1168.916782,479,12516.908268
28405.775041,10001,12529.148312
1349.794885,424,12529.792384
29924.623978,10001,12542.02703
31922.938206,10001,12554.278367
1159.927986,463,12554.977078
31264.77568,10001,12567.301998
1306.677561,553,12568.117393
31003.039056,10001,12580.500837
1194.452341,664,12581.493437
