#{"t_start": 1698345368.058788, "env_id": "plainCPGEnv-v1"}
r,l,t
-138.996241,604,1.517237
-239.111601,1220,2.595916
271.478766,1183,3.616175
37.550593,703,4.244186
-145.927363,1571,5.534509
-271.102763,840,6.26874
268.665095,767,6.950037
-7.203157,839,7.697292
64.727811,677,8.366444
-95.021647,525,8.965162
62.188784,1060,9.963921
-237.031609,1827,11.495353
-17.915263,515,11.983236
5.423305,799,12.6925
-133.882535,642,13.296593
-6.664275,563,13.815214
-120.458498,740,14.47293
-47.08863,903,15.239393
-57.75596,1050,16.537515
-134.005837,669,17.179216
12.937529,967,18.052862
-77.281888,1081,19.031274
-271.099136,757,19.743391
-183.5517,816,20.492209
140.664055,2182,22.300763
516.207771,1202,23.323605
57.070521,651,23.917751
-24.349348,364,24.287768
174.75932,1542,25.601969
-236.826411,1069,26.527627
-270.456789,921,27.347041
-91.769888,783,28.068266
-166.908509,1150,29.04983
14.720399,627,29.652746
-15.419217,304,30.010222
-158.212522,1280,31.524151
-74.087698,769,32.221868
-123.487188,1239,33.376206
-124.413212,641,34.023545
1011.833741,1599,35.366845
-270.916747,1206,36.396259
-21.615124,643,37.00086
-163.192133,949,37.840645
-74.136552,815,38.568135
-23.231222,405,38.973392
13.599136,1080,39.91802
355.200601,1125,40.863578
-199.35233,1103,41.840666
-6.41024,1506,43.10401
-149.345156,1269,44.164173
-265.569084,789,44.86442
-219.285302,760,45.881335
-232.329413,814,46.60256
-271.295723,1314,47.724156
622.141478,2179,49.523187
41.367912,838,50.246305
-14.718516,290,50.562603
-149.442951,919,51.380708
-268.019839,677,51.999315
-119.877494,1171,53.002328
-73.776741,548,53.510685
-261.511748,1251,54.585222
-77.13102,382,54.967672
-12.578798,1169,55.962809
-126.350579,550,56.48363
-271.113578,1032,57.389686
37.09611,756,58.06481
-74.975454,538,58.587265
83.593521,374,58.955386
-209.098754,830,59.701127
-271.283515,1067,60.987221
93.291676,776,61.683237
232.147403,702,62.326422
-181.995233,667,62.943497
-70.379953,1024,63.839266
-77.184872,676,64.438709
51.645043,552,64.958603
67.411296,483,65.420444
15.141068,1053,66.335513
-58.443951,629,66.922453
116.107504,592,67.472252
-143.194309,974,68.343172
-271.042142,1257,69.442845
-271.512905,811,70.176473
-54.377775,704,70.822101
-230.31945,1187,71.850198
-177.051767,790,72.547128
-82.088587,532,73.058228
53.473254,501,73.53297
-38.291353,609,74.076826
-185.183093,1321,75.20136
120.785537,342,75.894422
6.729363,1021,76.766099
-160.826452,635,77.362181
-126.740601,697,77.9907
90.242868,793,78.697684
-84.978123,1116,79.63393
-202.308356,1086,80.583688
-129.060785,570,81.160255
-139.038369,819,81.994798
-60.519687,551,82.5479
-271.3104,919,83.348673
-261.873259,657,83.942303
-88.183951,650,84.533757
173.398377,710,85.178828
16.219756,824,85.90443
62.735048,528,86.403448
-24.591792,699,87.033329
-67.06866,789,87.743381
-31.546507,767,88.417583
-270.95387,1097,89.347675
-53.507032,1191,90.38464
-250.058503,2797,93.195476
-271.251945,1120,94.244478
-19.986903,505,94.782383
-86.395711,697,95.456128
73.03027,691,96.117201
-23.10416,745,96.851223
-123.49127,367,97.332554
-0.94334,510,97.915623
-87.538385,709,98.612381
-113.833507,577,99.179797
-45.710854,647,99.82279
-160.175716,1346,101.104337
-116.096713,607,101.678929
-66.831118,1359,102.852984
-23.977128,531,103.348789
-50.336338,512,103.835952
207.069186,868,104.591923
49.710903,1496,105.824605
-153.414432,909,106.96781
-118.961698,1613,108.309298
-34.80626,512,108.797686
96.341631,825,109.512239
-155.261975,666,110.111186
120.875407,973,110.9539
-82.903251,1048,111.840068
-16.445778,891,112.625103
154.742156,583,113.169614
-159.080475,607,113.739409
-60.290791,1052,114.645015
-68.732141,776,115.332136
-0.857239,517,115.826473
414.093735,1608,117.168813
-96.241277,811,117.89482
3.088249,372,118.276513
100.55282,728,118.93232
81.626837,820,119.645501
-17.391974,523,120.135333
-50.41671,759,120.809276
-271.334512,1241,122.204232
-103.88825,643,122.813175
-50.69573,526,123.30448
-186.436949,983,124.167559
131.052381,729,124.804346
-148.958998,381,125.188389
156.729304,527,125.684559
-8.619573,526,126.193511
-73.319348,465,126.640935
-252.958586,1047,127.52108
28.725597,636,128.094586
570.069208,1331,129.196404
104.46834,1479,130.424352
1209.009326,3403,133.162269
-33.853635,320,133.510045
5.777619,460,133.968073
-9.932366,347,134.325
-158.148018,541,134.841197
-225.303344,1248,136.230082
-241.626252,1136,137.183129
78.502799,555,137.700116
149.308269,775,138.376882
90.567206,791,139.068165
18.689659,409,139.471762
0.762752,755,140.140467
-93.930406,879,140.903275
191.700908,542,141.413687
-26.35705,498,141.890526
266.413201,1088,142.823278
239.113525,941,143.628489
-51.010599,381,144.010968
-12.580837,726,144.654151
-122.847449,558,145.186544
-92.84571,596,145.733503
111.380102,1040,146.621633
67.043897,636,147.194646
-73.431378,461,147.639173
-191.059066,861,148.402779
-118.872653,554,148.927939
-131.566775,694,149.555546
-90.097813,941,150.35285
58.388846,612,151.2669
-33.340436,1051,152.179876
-240.729386,742,152.836447
-213.934607,883,153.594329
3.431832,533,154.095535
-144.665451,904,154.896967
46.127015,675,155.486479
102.897029,888,156.238995
-91.342071,741,156.900449
-266.389554,782,157.595869
-160.528395,738,158.258656
2.104236,444,158.685413
-270.005203,1040,159.587128
21.622849,554,160.111767
-55.236758,561,160.634787
-55.360629,842,161.372773
-38.534351,383,161.757846
-15.52723,491,162.21506
73.457859,683,162.822372
-99.157895,696,163.466018
-35.216797,616,164.041911
-133.67482,1359,165.190324
-16.717356,672,166.143987
-56.062695,460,166.589385
73.073506,531,167.088102
138.608957,955,167.927386
-13.385294,458,168.376095
-111.58523,381,168.760016
72.289481,1298,169.836926
-92.353692,481,170.304525
-97.931966,626,170.874964
-89.088475,644,171.466068
271.617986,1358,172.609272
-271.466802,826,173.334542
-139.509123,1220,174.372492
12.033075,588,174.919675
798.071385,1465,176.154668
-25.661982,631,176.732893
-79.414845,721,177.379938
34.624576,637,177.951551
-207.855562,584,178.491294
-28.386133,777,179.189894
5.247972,743,179.848354
-29.333339,439,180.280604
-214.07387,753,181.296628
25.670038,684,181.912465
-69.197612,536,182.418698
1435.694241,2249,184.241152
69.827264,660,184.843443
-146.416706,1453,186.05992
318.677354,1318,187.170328
-12.146682,711,187.813249
-32.236909,454,188.252393
-101.101632,1002,189.109258
26.981667,1014,189.990408
-128.416531,1088,190.942914
-30.880683,609,191.493914
124.387795,741,192.145717
-271.363977,1059,193.067957
-75.338655,483,193.535108
34.194327,457,193.976396
258.094587,1180,194.970307
48.528359,1088,196.245266
-172.152025,682,196.886551
-160.255369,650,197.479507
83.876343,941,198.296465
38.473689,812,199.028975
-63.854019,371,199.420189
10.495551,1040,200.32349
174.207363,966,201.162844
-12.936335,699,201.80594
-38.516456,701,202.444394
806.933503,1486,203.687227
-114.906807,647,204.292644
25.757661,1086,205.242866
444.09346,1499,206.490254
209.989285,653,207.084786
150.477014,2131,208.851126
-25.446758,1213,210.229057
43.820846,448,210.665715
-235.298961,696,211.301498
146.329712,773,211.98605
-17.803858,946,212.81015
-92.101242,674,213.41713
-75.395856,708,214.061644
313.537069,1025,214.95882
131.711533,532,215.456997
65.156277,647,216.042123
312.754553,856,216.79486
232.106894,1093,217.739213
-9.664175,728,218.396929
294.326412,1159,219.395123
147.733759,619,219.971429
-12.864151,720,220.625268
72.998577,528,221.132237
-96.575115,756,221.815685
-171.900216,796,222.539459
-6.550968,326,222.878284
244.341937,908,223.677022
226.99685,810,224.393329
-172.023333,518,224.892905
36.256379,502,225.723363
75.345234,811,226.461412
32.376186,578,227.010203
311.124064,1040,227.90843
58.807254,990,228.778299
-8.370918,583,229.323967
4.913946,518,229.8165
-180.405932,575,230.353523
77.541563,1136,231.342028
-84.385582,497,231.821613
-14.043682,736,232.491232
33.963805,526,232.996076
79.06956,513,233.488285
-126.720989,628,234.079873
-81.981828,650,234.68761
-103.626694,877,235.466774
-12.929878,725,236.131971
8.387277,395,236.524864
-23.048637,569,237.063454
140.264105,609,237.616449
-120.043137,588,238.171445
172.179453,845,238.926857
46.734987,905,239.718119
70.664993,1191,241.083088
138.315303,701,241.71608
154.75083,688,242.336293
51.827938,808,243.053926
4.465247,603,243.608268
-181.278207,570,244.157434
143.047559,805,244.881056
23.678644,678,245.483388
44.180993,397,245.880783
241.548726,781,246.583611
38.934893,518,247.082944
54.550757,595,247.637052
-126.509872,558,248.172322
46.122288,483,248.641418
-87.860843,1296,249.735653
-147.174618,716,250.407848
-46.311119,456,250.856055
-99.528076,791,251.572593
-77.720973,630,252.170609
-101.887542,616,252.747541
68.459738,595,253.298003
-223.4098,923,254.096579
75.969756,500,254.575418
-13.057014,1088,255.523103
-143.980226,679,256.479659
89.695833,795,257.189352
-105.596587,1318,258.330466
144.095753,473,258.79874
179.865073,761,259.488873
-16.439587,649,260.097871
83.755509,482,260.565911
-91.128439,434,260.992884
64.301048,911,261.80422
45.802994,554,262.337714
186.526546,636,262.913064
77.93166,1847,264.431695
14.719744,462,264.884655
-89.699401,620,265.461145
374.219907,992,266.316039
56.022589,721,266.976388
91.976196,738,267.641528
-164.407659,563,268.182921
-21.431144,499,268.656165
-81.125403,545,269.174854
13.949773,505,269.675849
374.450766,1020,270.560406
112.698286,703,271.536856
-43.257894,599,272.108091
38.954847,397,272.510978
-44.260348,495,273.001515
-159.261828,848,273.768819
-13.045751,533,274.269656
53.296852,504,274.754662
-62.794237,529,275.25654
9.184202,528,275.757562
-71.453688,816,276.490129
-28.686432,742,277.174054
84.910697,538,277.682756
-162.052032,978,278.551092
-0.583593,657,279.153626
-84.872137,965,280.008335
-54.661731,450,280.450872
38.45538,772,281.130136
-67.638655,1200,282.14632
-67.569395,601,282.713962
55.706971,481,283.186325
82.144229,492,283.660173
159.478978,994,284.530797
-4.641134,553,285.052382
-85.689132,460,285.500219
347.142081,1021,286.70627
86.456398,705,287.343056
8.719519,475,287.805322
-22.242515,346,288.16065
73.092573,486,288.624496
242.34273,770,289.305333
70.545122,489,289.781423
-46.22154,525,290.287271
255.897869,1182,291.293777
-108.81747,716,291.943874
-83.293659,1549,293.240591
104.059397,602,293.804067
94.9549,731,294.450884
241.866522,621,295.020272
-120.732372,744,295.692075
-88.806276,1104,296.633547
628.15602,1673,298.021159
105.108574,469,298.492857
61.850033,584,299.038405
77.751889,461,299.489238
-85.64735,708,300.131475
-46.755652,674,300.738743
143.308598,1041,301.957445
-183.450849,696,302.60507
98.133403,777,303.300321
-4.936234,800,304.024722
79.667917,553,304.547323
255.741939,758,305.230533
94.363787,536,305.738818
92.709198,548,306.258082
-5.684237,756,306.933965
149.43626,732,307.598652
-48.886321,605,308.165677
66.771815,448,308.607989
211.601587,788,309.314452
-99.11209,698,309.949446
-37.441889,957,310.786328
69.397912,650,311.390699
143.363686,558,311.915733
108.966415,885,312.705491
256.335364,680,313.320957
140.072127,1575,314.62829
141.603925,1139,315.629179
588.414543,1434,317.168005
86.03688,583,317.708716
28.562036,708,318.350947
-271.023999,966,319.184258
904.126749,1496,320.432008
321.684433,1007,321.318301
36.351667,394,321.71436
-40.634828,384,322.104078
56.905771,513,322.603148
140.696722,755,323.277797
195.594922,1257,324.351367
105.62953,549,324.871573
415.155942,1315,325.992866
36.978423,540,326.509827
573.530718,1190,327.518016
-123.051904,664,328.138331
23.202292,567,328.669475
117.905387,597,329.222711
-17.252088,610,329.791542
51.575351,392,330.183153
-75.429276,616,330.766554
13.437148,616,331.666301
-38.793337,860,332.435113
272.487968,1013,333.306046
212.570004,650,333.893539
-85.806151,557,334.420077
395.607074,707,335.048096
146.517163,754,335.7194
82.448405,644,336.311073
37.603328,986,337.164429
121.341445,557,337.683718
58.009288,456,338.122938
76.16357,599,338.681903
121.230374,1396,339.86238
47.864203,423,340.294558
26.030426,563,340.827146
222.649748,675,341.444309
106.577452,546,341.96027
74.402919,549,342.474611
172.221419,1034,343.361728
-6.846256,317,343.69436
62.012208,551,344.215378
154.203074,505,344.692199
-68.305143,582,345.238914
33.6603,629,345.819076
277.995117,546,346.324812
152.002117,604,347.209867
-85.29833,654,347.820919
41.402064,796,348.534813
-5.573941,470,349.003781
79.49036,521,349.493753
62.126303,729,350.147481
-43.35601,463,350.603624
24.046738,355,350.97597
341.922387,911,351.771412
-5.078891,890,352.567589
-94.43948,649,353.173135
-9.768535,498,353.663036
-36.38915,583,354.211341
1038.725642,2182,355.975062
85.670375,625,356.555082
-17.810776,615,357.134518
140.649538,660,357.73924
226.604192,1221,358.796495
-15.736339,544,359.315381
-84.646104,796,360.032031
-26.821138,420,360.453829
52.343679,401,360.868981
75.483495,422,361.288173
149.448054,724,362.267432
-109.519509,943,363.102916
24.575179,499,363.586828
208.006299,669,364.200513
377.881016,864,364.964447
-24.788078,464,365.429361
-31.115904,630,366.009098
167.200319,640,366.594015
78.813238,533,367.098441
-64.995677,695,367.734019
56.860774,626,368.315913
0.301138,502,368.798246
213.033201,642,369.383654
334.337599,1179,370.382472
64.995406,392,370.776941
-57.000166,946,371.614113
34.243285,410,372.021388
-82.453374,481,372.490253
141.229345,528,372.985822
70.381463,814,373.706738
-16.286224,680,374.336026
70.186944,580,374.878311
73.064317,711,375.522864
-113.436815,916,376.348026
115.113976,737,377.00876
3.468337,501,377.828462
618.744504,1487,379.073517
71.629831,509,379.573805
442.541015,1514,380.834983
39.298564,472,381.297451
87.123376,840,382.027936
66.766018,851,382.78389
237.00035,674,383.397187
212.256001,624,383.975452
-31.826828,479,384.467115
-72.022988,612,385.038303
158.260708,1412,386.221868
160.609399,666,386.822889
156.303211,576,387.356585
44.528336,1185,388.376835
-14.819037,574,388.913131
595.217812,1218,389.969003
84.769937,526,390.476932
-90.468639,546,391.003271
-32.575587,613,391.569786
-35.323722,863,392.655381
63.403327,695,393.289469
880.137715,2415,395.270667
-16.628294,481,395.73842
147.782812,489,396.208001
-95.304575,502,396.699775
28.191744,498,397.180866
107.172365,695,397.819746
190.161783,669,398.432456
71.287336,1122,399.413582
171.531442,910,400.211877
-32.736438,472,400.681121
-114.892986,683,401.312824
13.189692,479,401.779704
26.024969,441,402.219188
18.839057,440,402.658556
115.117885,466,403.111423
309.197246,767,403.796023
79.655851,468,404.252849
36.274186,833,405.009834
71.180934,445,405.446114
51.738613,526,405.958624
54.096408,735,406.627202
-26.784037,524,407.136835
-9.986947,515,407.990571
99.936496,601,408.54907
1311.041509,1900,410.139131
788.712383,1431,411.335532
673.651294,1131,412.306986
32.332897,944,413.13202
293.067919,738,413.791568
147.4121,743,414.465643
91.00863,692,415.114023
91.833115,613,415.679262
262.679704,708,416.329159
13.416603,609,416.897926
-10.70338,946,417.718376
488.882121,1053,418.611372
-167.241219,772,419.309236
602.294631,1379,420.483881
71.770183,758,421.191279
155.192044,616,421.759408
162.546481,1133,423.091348
1078.473161,1503,424.354735
-73.743058,740,425.028345
-44.326613,666,425.647121
-20.149631,468,426.111035
28.756842,447,426.558113
-36.535639,384,426.948056
374.933059,793,427.653578
101.922323,762,428.346148
1086.826806,2555,430.43498
98.676804,654,431.053985
-1.978678,341,431.409189
-5.094892,435,431.836933
15.137346,527,432.337506
103.203161,665,432.951828
145.875246,633,433.535266
190.143339,680,434.152641
-19.336381,1142,435.146127
114.346949,538,435.655226
89.439652,660,436.269684
40.877373,695,436.896571
79.29419,583,437.440437
190.392478,942,438.639841
41.266031,638,439.224144
-73.480765,710,439.876832
15.269045,751,440.556393
134.534391,543,441.075079
-49.891419,613,441.647763
85.414125,672,442.261244
-28.84816,791,442.985193
127.632348,908,443.782232
153.115843,874,444.565312
159.443693,486,445.035176
226.761101,1168,446.038374
515.736334,1973,447.671051
597.325733,1175,448.673616
97.333317,554,449.197552
40.709325,649,449.801947
109.757433,480,450.262427
3.735232,615,450.842131
71.225892,721,451.490317
204.091774,728,452.151118
180.417969,1001,453.384171
101.72154,582,453.930037
29.815196,842,454.691067
45.07147,558,455.223556
27.004616,1326,456.354382
2136.810586,3339,459.045831
-34.202185,515,459.537473
17.789493,517,460.02908
102.350829,642,460.608733
65.307414,436,461.044162
-18.916527,531,461.576422
44.007458,479,462.052897
79.840762,489,462.527894
-45.858648,637,463.119607
7.178822,706,463.758362
1401.934017,2409,465.732333
-35.797279,423,466.170064
4.225728,1188,467.209642
-55.579924,496,468.049819
41.132183,406,468.463988
164.793233,506,468.950347
1505.936136,2817,471.25498
51.076288,383,471.667763
-24.568699,628,472.269943
6.442373,616,472.853835
-31.13121,474,473.316808
200.541522,673,473.932929
511.758958,1054,474.849675
328.703687,1222,475.896863
38.337534,546,476.411673
46.863538,640,477.028513
30.635287,591,477.580415
298.070373,905,478.381726
168.06942,667,478.995679
18.922557,446,479.437732
398.442396,1694,480.859471
63.72118,670,481.49414
67.913797,432,481.934547
-7.484871,518,482.433235
53.917913,449,483.201995
115.610944,506,483.690737
57.415155,412,484.103794
-44.228232,487,484.583592
-147.478666,524,485.087708
24.449874,554,485.608961
294.008633,683,486.218838
128.762998,484,486.686221
19.425578,537,487.196429
260.280841,802,487.910459
100.215328,640,488.488116
169.628622,876,489.261858
117.341456,473,489.720565
137.269694,483,490.184178
302.647511,914,490.993234
4.914816,363,491.372565
157.537594,628,491.943163
186.920654,580,492.480414
127.207016,553,493.001539
174.326127,778,493.705083
39.714765,456,494.149405
141.217357,524,494.648225
95.605664,772,495.339719
-7.501833,625,495.924765
-15.099772,732,496.599666
57.541252,517,497.103709
276.108456,602,497.667638
149.893075,591,498.211751
-12.066655,688,499.156881
281.054094,588,499.702583
108.447801,593,500.254456
44.878212,515,500.74896
200.581552,502,501.223907
-76.316957,660,501.84188
20.521564,426,502.257803
125.068683,519,502.75189
177.568283,728,503.394731
90.375877,598,503.960855
78.697123,490,504.433825
293.21646,819,505.169674
186.010434,577,505.702841
115.957251,604,506.273549
-17.893837,508,506.770707
171.112253,524,507.266023
34.748367,622,507.843386
-1.831368,587,508.396886
101.351782,579,508.931373
333.814559,979,509.781354
-7.673785,671,510.397665
-10.4276,438,510.836736
-54.557004,543,511.357694
229.117959,760,512.033293
96.33458,572,512.573589
-49.131131,472,513.037023
14.2853,747,513.716748
57.580169,489,514.531508
179.352422,574,515.064127
143.807058,595,515.623883
124.178053,517,516.112914
-16.808844,762,516.810097
-1.262502,629,517.399049
133.908375,940,518.204964
312.627724,1470,519.440408
199.959366,647,520.036242
188.721165,722,520.679838
103.680385,488,521.15011
241.296299,897,521.931346
71.649341,466,522.384622
3.533096,372,522.770633
58.291687,578,523.309965
247.243806,655,523.905758
173.161856,555,524.424542
21.094383,756,525.09078
192.661466,650,525.685738
187.292565,958,526.513909
44.199907,455,526.960569
35.144449,630,527.538709
258.762359,658,528.135428
-76.624371,566,528.662609
61.443853,747,529.658432
125.338118,540,530.164628
199.508357,645,530.750532
97.695553,528,531.252774
-36.429126,377,531.635112
164.548966,529,532.133051
-16.212668,763,532.813098
45.047785,486,533.286029
31.066725,528,533.784376
89.278029,587,534.332074
-10.84093,489,534.807554
74.447578,650,535.399143
178.304009,572,535.934428
84.229079,498,536.414612
124.140717,799,537.124307
110.838936,686,537.743856
15.129736,447,538.181907
46.318496,581,538.717389
127.091724,591,539.261963
207.146334,622,539.826173
28.765267,415,540.241801
148.108734,709,540.876699
220.010029,663,541.46773
221.22178,601,542.02089
98.931304,735,542.686018
358.314711,775,543.368126
-44.359933,832,544.121659
114.379987,986,545.354943
100.89568,897,546.136477
980.259127,1548,547.440789
216.225282,895,548.235649
131.473384,738,548.907493
90.972742,634,549.49675
309.368764,722,550.142826
111.422189,870,550.916109
96.985698,602,551.47808
-24.325861,539,551.985285
723.043769,1335,553.101645
73.227631,513,553.599623
157.615182,978,554.451858
215.608729,908,555.241992
-8.279635,575,555.784416
74.779746,1203,556.828229
242.621308,838,557.569831
64.852011,624,558.159162
55.264282,456,558.627372
313.031941,896,559.412362
625.294586,1082,560.659559
-81.061621,748,561.333083
93.119217,488,561.806533
37.403072,472,562.269922
143.755429,599,562.817298
50.999927,534,563.332159
57.342641,734,563.989943
441.181537,1069,564.914417
727.686922,1430,566.129819
87.120926,491,566.613576
-39.773872,655,567.220124
364.927143,1441,568.430515
806.069046,1499,569.673784
118.431876,533,570.180737
19.273878,451,570.63057
150.490185,494,571.104922
188.848777,853,571.863296
204.875527,587,572.404711
122.942026,486,572.869142
1740.624026,2675,575.395601
264.1042,760,576.069312
164.895837,833,576.813861
115.116329,640,577.411708
166.289598,600,577.962689
4.793354,770,578.666431
103.791753,487,579.134996
357.066007,888,579.910531
148.983276,526,580.412151
251.150952,606,580.974406
237.848075,1091,581.922093
102.064131,617,582.487498
141.465957,912,583.295434
252.779924,745,583.960468
45.487476,466,584.409921
153.338817,1005,585.28475
1111.88013,1569,586.59128
123.088943,596,587.144039
-21.764521,394,587.53501
128.197231,525,588.030068
748.792833,1445,589.225608
315.413044,872,590.313403
132.900927,602,590.878664
237.493848,1228,591.94404
784.780606,1144,592.92295
255.564359,1074,593.854
89.216356,580,594.392395
238.681528,1030,595.277062
511.292856,1249,596.342922
620.02162,1119,597.315223
616.495859,1247,598.370615
70.373614,621,598.94641
157.6857,527,599.448528
28.982508,556,599.977336
-7.395022,708,600.618165
610.279118,1094,601.546482
756.633505,1134,602.528902
297.40772,860,603.286668
62.875583,454,603.731303
118.443079,552,604.582302
603.884753,1035,605.463786
134.388723,549,605.980435
33.399947,609,606.549788
-1.502847,678,607.172415
264.89805,643,607.765371
298.326353,1139,608.718789
430.803107,998,609.587217
99.332871,442,610.01997
223.402185,560,610.538206
271.211207,1009,611.413187
226.06261,624,611.990487
9.409473,534,612.500083
122.235429,588,613.048001
78.818202,892,613.842178
421.800803,1155,614.828216
105.743898,612,615.397609
208.449859,526,615.889176
377.947915,1260,616.96016
49.834993,738,617.623871
360.670636,760,618.289051
82.59506,607,618.844153
212.660808,889,619.978723
-5.305731,730,620.648809
221.383237,903,621.437299
161.664518,706,622.081942
22.289976,459,622.5325
137.044121,595,623.086693
16.313468,475,623.554466
214.526517,633,624.132801
130.019833,1029,625.024268
74.268105,536,625.538014
-17.846965,765,626.23625
198.854707,539,626.744504
383.488499,802,627.459144
83.009648,524,627.957645
157.119269,685,628.581412
63.477989,603,629.147559
-47.898927,604,629.713337
45.112789,527,630.219935
41.555867,796,630.946703
142.084525,603,631.498268
187.3982,610,632.075494
138.534096,1011,632.956092
64.117565,543,633.472598
2.716355,448,633.916704
99.068735,615,634.833735
151.508917,552,635.342276
286.517945,799,636.045977
-127.074081,715,636.703552
179.526088,588,637.249814
243.952982,689,637.874215
282.76234,901,638.669263
40.466045,574,639.213598
197.824106,662,639.819438
142.253896,504,640.293846
22.631105,551,640.818568
36.508444,394,641.217701
103.580419,527,641.721667
197.348707,788,642.433109
165.311867,603,642.9823
69.380329,747,643.665658
29.09575,825,644.40651
108.887022,606,644.971152
191.863627,616,645.537803
125.456982,561,646.058653
195.378419,580,646.596594
36.578076,600,647.16208
40.961697,573,647.720087
231.887953,681,648.340033
282.910881,697,648.968419
199.264774,545,649.482134
6.779909,523,650.33581
-20.441673,696,650.96663
30.327848,456,651.418039
158.122797,492,651.898411
124.627754,583,652.448212
45.695692,595,653.013364
78.230191,477,653.472582
266.783738,631,654.044316
60.4412,490,654.517812
7.290341,964,655.364612
262.48499,901,656.159341
235.36458,570,656.679426
263.829059,944,657.526408
242.202911,687,658.133902
283.559717,720,658.773789
93.644074,476,659.232364
163.465336,789,659.931711
66.86387,663,660.542024
219.809245,1004,661.405761
77.497052,391,661.804266
118.054683,600,662.365912
92.840783,581,662.914662
230.976248,868,663.688089
272.418182,726,664.33276
-7.924704,808,665.051647
201.917272,617,665.92905
-31.56094,468,666.379758
156.124259,578,666.902719
109.324627,640,667.497168
40.280403,549,668.015581
234.369667,574,668.54095
188.162477,586,669.072189
114.520414,1001,669.959624
144.665504,707,670.58965
56.315042,804,671.303938
-28.83623,478,671.767099
125.01509,527,672.265099
132.091046,806,672.98363
325.081224,901,673.772008
69.225369,433,674.193987
84.157725,622,674.752904
60.871332,682,675.369728
242.433346,621,675.933252
74.172029,523,676.423309
141.390649,646,677.008245
92.902208,517,677.499767
99.892245,739,678.167778
124.645972,601,678.731403
220.673311,711,679.364579
12.653637,671,679.988576
299.191195,620,680.549569
79.110744,871,681.663813
379.327912,1028,682.560647
598.109363,1430,683.774746
239.451928,632,684.351269
151.093788,1076,685.281901
-16.935614,655,685.880769
-75.907197,548,686.412063
9.771634,915,687.211695
115.632798,594,687.756924
155.645505,607,688.322029
93.492191,605,688.886975
-271.036155,978,689.743771
-63.190389,452,690.194688
362.842222,1314,691.298041
266.509357,625,691.890621
230.27003,660,692.500002
91.651402,618,693.05997
331.25319,788,693.765395
167.703909,647,694.347671
132.479109,506,694.822579
54.004147,1145,696.174837
86.892465,496,696.64356
138.216123,916,697.453162
192.649213,604,698.00355
179.709447,1019,698.890216
48.009111,437,699.323659
223.995427,741,699.976443
292.379276,731,700.629246
175.119164,964,701.484479
257.19542,632,702.054697
120.167706,529,702.557894
50.742194,496,703.034793
599.531131,1066,703.949386
245.449796,537,704.451621
210.356899,869,705.19436
271.33231,972,706.051387
178.754873,1247,707.108987
72.673274,582,707.686177
217.636885,654,708.284842
204.058066,653,708.885954
653.89908,1050,709.787142
288.297865,756,710.468778
312.373919,726,711.471651
864.670953,1803,712.963603
276.948153,821,713.678327
65.743321,640,714.266805
196.216441,534,714.767493
150.339147,711,715.416781
141.400976,862,716.186865
303.089744,684,716.794976
180.261355,1193,717.813707
145.5088,527,718.339785
192.02258,683,718.958795
49.02519,608,719.5108
4.136138,853,720.261484
0.532957,454,720.708343
344.243908,1089,721.647127
91.957837,743,722.318468
51.720407,723,722.970317
162.745074,914,723.770359
255.081822,682,724.385209
212.55944,577,724.920748
208.656695,547,725.431817
35.19866,1062,726.691327
155.376322,555,727.211336
62.746108,510,727.695285
99.535956,614,728.260242
908.873769,1324,729.365285
111.644903,729,730.042661
1543.2403,2487,732.036473
387.141317,824,732.767051
-4.733231,874,733.543459
119.099619,542,734.059886
581.111229,1026,734.93813
-17.964545,509,735.431059
225.668852,1002,736.317614
52.679352,548,736.825137
246.691633,729,737.48579
191.947621,594,738.027073
48.349317,754,738.707135
153.68538,536,739.216304
327.500414,1381,740.706379
256.307737,798,741.399368
239.848277,532,741.893975
202.115488,630,742.464164
277.299861,1096,743.402414
82.032793,614,743.980019
100.844043,458,744.426374
231.450172,581,744.961783
81.54865,452,745.405373
-154.569158,296,745.716538
274.130561,680,746.32351
71.635414,380,746.711802
68.323251,522,747.217434
243.690537,587,747.757048
-29.404402,551,748.287965
3.008726,552,748.822351
103.749854,654,749.429168
102.806476,959,750.25595
100.040311,496,750.736558
132.729264,591,751.284574
369.981104,897,752.062667
137.810497,470,752.515496
21.134482,377,752.897135
179.988237,791,753.602599
20.120517,491,754.073801
69.554016,619,754.647412
782.442612,1707,756.365487
175.648483,467,756.819284
276.716879,625,757.393826
140.260984,495,757.873207
208.918179,595,758.416279
331.856568,1769,759.885792
12.825517,670,760.492431
135.582523,446,760.939412
23.710514,731,761.597171
51.970731,418,762.016017
227.618699,638,762.595499
343.300817,754,763.271824
1145.413106,2059,764.951248
87.891796,488,765.417146
188.434614,556,765.941435
89.171254,461,766.398561
221.835977,963,767.21209
437.723227,933,768.014669
-27.216733,455,768.460451
39.39166,548,768.982883
179.578397,602,769.52671
207.949953,1437,771.071166
-91.106776,439,771.52072
212.665972,533,772.031125
214.752817,716,772.676446
-113.230095,844,773.425157
239.983493,598,773.975428
316.786416,701,774.608683
321.887256,975,775.462116
261.07432,818,776.187045
179.04302,753,776.867162
122.641088,551,777.385672
159.686578,675,777.992931
374.77444,1397,779.178942
809.112491,1720,780.621617
52.293622,1199,781.645274
528.969193,869,782.41064
11.273641,768,783.111744
122.056971,761,783.804227
45.607664,826,784.553567
303.715589,1174,785.905071
-117.948708,678,786.529688
792.071052,1272,787.606845
503.066985,1118,788.56262
366.968148,1289,789.66652
252.588555,487,790.130666
-195.870849,671,790.751845
-35.573722,808,791.475724
165.030344,458,791.921837
555.008669,1187,792.934268
218.596632,558,793.451572
-27.776471,968,794.301262
112.816282,586,794.854835
373.769785,1041,795.731463
172.366273,741,796.388503
357.239193,784,797.070963
974.66887,1609,798.412722
200.125141,1072,799.351714
264.030197,672,799.961604
-57.731377,677,800.909421
189.960488,992,801.767901
218.071933,685,802.374904
-32.815793,492,802.861063
184.106471,520,803.349471
204.485109,920,804.146315
275.438341,850,804.898838
222.899418,600,805.446223
602.561268,1000,806.309997
16.195245,460,806.761165
1386.404426,1931,808.360384
1496.087148,2180,810.148217
410.244674,1030,811.035048
212.437174,994,811.891248
573.968994,1053,812.782605
99.259678,689,813.405769
-87.515761,503,813.892478
62.31004,810,814.609563
363.659563,905,815.746022
21.045729,573,816.290778
77.456946,407,816.701629
48.67899,450,817.143102
-65.022542,524,817.645287
181.407123,497,818.122845
148.520874,682,818.72892
51.464164,868,819.502905
-115.956955,844,820.254477
-84.627543,657,820.864004
159.527494,664,821.474084
330.063596,905,822.263974
236.380586,805,822.98266
766.711914,1357,824.115595
75.812007,502,824.610407
-36.601931,669,825.223369
137.079163,602,825.76806
96.652015,603,826.332033
210.03953,529,826.81948
230.955877,524,827.319418
446.321465,942,828.141565
221.149627,761,828.821982
250.077299,788,829.520757
133.559943,620,830.435038
280.496175,681,831.043124
593.818214,1390,832.212718
96.138318,637,832.818277
212.863342,825,833.551632
541.927098,1666,834.93284
228.207911,707,835.557641
231.303898,624,836.12635
203.223555,800,836.834467
92.592367,543,837.359787
-47.957888,720,838.030826
200.617823,540,838.530412
22.118035,444,838.966231
147.989438,690,839.592551
119.987528,525,840.098873
393.500835,778,840.777991
106.924889,1065,841.700643
31.157626,818,842.438752
362.30976,1404,843.616028
233.881026,1080,844.572019
107.36417,832,845.662223
139.144591,672,846.26723
118.082768,463,846.714238
276.16676,1148,847.709793
218.317588,730,848.360471
459.058771,1158,849.349047
203.403003,569,849.881462
285.428958,687,850.50773
195.9034,564,851.030644
36.188574,600,851.595972
189.145225,546,852.102407
127.937579,462,852.55111
299.487436,741,853.212807
371.529946,1081,854.141084
63.680173,934,854.957631
194.50934,531,855.457269
63.808302,559,855.988651
826.047777,1793,857.484301
266.922571,689,858.092582
178.703992,633,858.666852
300.345407,598,859.209737
-94.593737,787,859.915947
32.079365,1378,861.418964
26.083014,479,861.882097
195.160925,535,862.385345
375.821247,972,863.234035
85.601372,782,863.933143
197.065023,1358,865.099637
288.020464,603,865.653939
184.475564,590,866.193778
77.462932,477,866.654552
796.713961,1907,868.239976
268.455873,799,868.937251
87.571831,742,869.600848
323.180689,755,870.273195
342.579885,753,870.948766
239.985525,695,871.56709
115.912452,604,872.140432
93.020561,560,872.697381
1061.02508,2310,874.587468
148.847691,725,875.572909
986.523477,1344,876.70899
164.402242,656,877.328618
148.637911,551,877.845897
287.924573,850,878.608437
188.39782,675,879.224457
209.214131,556,879.74444
112.293817,1180,880.739278
163.082064,498,881.224394
262.450777,569,881.750623
186.160351,747,882.421552
122.261662,691,883.047901
266.592537,914,883.849407
160.486824,526,884.357506
82.879318,805,885.072344
102.159175,455,885.523758
278.457697,674,886.125165
132.353714,544,886.629006
-0.1186,447,887.072422
8.096112,395,887.472305
534.223788,1167,888.45986
45.62104,566,888.98894
666.550565,1214,890.338153
39.802993,456,890.783217
245.198056,536,891.287618
711.307468,1844,892.843936
219.679058,590,893.397283
70.388748,421,893.82629
455.405812,723,894.47221
147.388999,548,894.990489
211.176285,543,895.503285
237.642439,671,896.118995
229.704398,656,896.718109
235.309837,584,897.260111
-17.639357,700,897.88639
317.586474,726,898.53429
224.655722,788,899.222391
136.876024,547,899.73312
-63.577496,901,900.524651
209.412332,516,901.015447
254.432825,544,901.523018
58.917113,545,902.034049
115.724598,417,902.454543
173.549152,489,902.923598
260.122781,767,903.612976
18.907155,509,904.110698
262.650531,649,904.701912
56.47215,608,905.626611
42.238603,898,906.41335
34.427174,756,907.095743
113.70137,507,907.574972
300.190329,625,908.145709
151.65581,653,908.731792
30.180241,578,909.268059
408.734949,687,909.890953
133.395422,540,910.392264
103.865566,567,910.918259
319.17591,699,911.543098
68.939129,417,911.960524
911.604057,1356,913.099926
140.915987,656,913.71448
157.063926,578,914.241755
244.091374,598,914.796049
79.279862,437,915.236248
18.406444,655,915.842785
117.306945,878,916.604797
159.554282,521,917.085332
28.8269,534,917.585667
290.244038,668,918.183412
204.455593,810,918.899322
140.577096,475,919.356347
-127.960505,717,920.009661
18.490447,708,920.97351
105.59663,891,921.753702
229.226906,630,922.333086
340.476021,856,923.080999
136.060517,458,923.529759
76.762667,492,924.0111
225.815728,709,924.640498
87.264799,835,925.371698
228.375351,574,925.901409
-34.67923,763,926.590758
370.33791,778,927.277017
272.484146,673,927.880561
184.565562,952,928.721305
262.602934,716,929.361709
236.737029,596,929.911346
246.867553,971,930.740379
118.977813,686,931.368659
135.464532,557,931.882001
100.388978,672,932.498572
150.786614,514,932.985284
431.414932,1227,934.034155
515.975969,1077,934.943183
-0.427735,521,935.768512
441.420757,940,936.584214
239.05441,531,937.069815
46.15993,714,937.736327
127.510523,634,938.326817
182.555021,658,938.925136
216.314471,509,939.40827
131.356626,850,940.154508
109.436378,395,940.561293
143.635596,514,941.050969
128.954252,929,941.870285
258.004027,546,942.381016
156.678853,585,942.914415
175.459321,1115,943.874642
43.718865,1517,945.155246
-22.41877,726,945.820582
262.684366,612,946.372539
309.468906,647,946.957013
618.499984,1396,948.130128
110.989,959,948.959903
288.365104,665,949.55288
226.354274,769,950.250322
324.648054,1132,951.563088
388.639187,821,952.283108
250.532542,589,952.825866
301.60981,849,953.557427
946.716057,1677,954.94984
167.761767,540,955.468423
334.50122,807,956.177809
3.684876,818,956.919455
288.079813,656,957.518848
88.244947,717,958.164322
93.743569,591,958.702953
108.769874,771,959.395582
156.334247,894,960.190642
125.761645,434,960.614302
739.028192,1507,961.855196
174.379511,561,962.384513
110.39239,493,962.855091
32.981742,1083,963.778037
441.305569,803,964.476906
352.183485,708,965.104853
191.4736,513,965.940122
209.685184,635,966.521701
312.461842,872,967.277558
-27.771971,764,967.971428
391.921163,645,968.556669
232.596586,628,969.133078
286.694314,612,969.691633
125.858898,796,970.399244
376.710065,840,971.134829
205.210132,1109,972.078105
-52.486376,513,972.575986
250.431444,567,973.097457
237.123325,782,973.771872
228.911321,1411,974.978309
982.720271,1715,976.365858
428.778146,871,977.127312
79.640973,629,977.721614
137.682544,600,978.275281
307.147403,702,978.907657
277.049501,875,979.668803
321.588176,609,980.59496
157.664864,871,981.360151
665.839899,1298,982.445691
76.179969,549,982.96772
248.694135,621,983.540097
213.66039,773,984.213094
89.340776,821,984.945815
187.428698,504,985.439294
478.333566,1128,986.396186
248.65917,1049,987.29244
338.587532,925,988.077334
160.152521,634,988.65733
113.44985,517,989.154389
124.23023,482,989.619064
293.221769,662,990.22036
176.211999,646,990.805017
285.075414,874,991.580288
219.555522,1066,992.494727
252.501942,631,993.057972
231.729632,1007,993.929688
191.980107,752,994.593019
131.435504,727,995.581636
161.08639,588,996.117606
131.673126,1438,997.341668
237.714793,576,997.872439
173.352538,415,998.280809
240.014802,1216,999.321103
237.805,493,999.791407
43.296009,695,1000.430633
219.667741,494,1000.907488
192.062394,475,1001.366616
80.302101,801,1002.090591
19.761779,542,1002.609847
279.749116,903,1003.393387
382.254668,1645,1004.759848
206.234363,568,1005.29145
220.027944,511,1005.768262
279.362431,800,1006.466618
289.903311,729,1007.105903
33.182112,471,1007.559484
88.042734,545,1008.086406
263.959428,811,1008.78964
213.44172,831,1009.527712
356.384902,812,1010.590288
162.491132,639,1011.180527
91.037941,496,1011.661105
129.947179,413,1012.077526
99.781475,414,1012.491056
199.553839,517,1012.972172
146.788143,530,1013.464813
274.102539,569,1013.991903
41.221794,892,1014.791983
458.631372,1017,1015.664214
384.296917,1017,1016.544554
83.052551,595,1017.100704
60.512362,607,1017.672506
131.802888,520,1018.157595
297.789986,1071,1019.070621
32.035672,583,1019.627768
220.885384,578,1020.159069
199.336766,525,1020.655107
217.793243,563,1021.164976
418.643922,1048,1022.0661
216.397407,712,1022.693485
201.763117,804,1023.425961
212.743772,541,1023.93658
145.967004,599,1024.483481
165.023859,594,1025.021079
189.46396,518,1025.8343
258.52873,1221,1026.883537
623.744548,1555,1028.174369
117.623014,972,1029.008548
262.241583,931,1029.797596
367.257564,1121,1030.759794
141.651765,853,1031.518199
93.063134,439,1031.950026
468.572614,1117,1032.902813
280.161358,881,1033.657354
168.335483,435,1034.081696
233.202447,906,1034.891188
245.884152,987,1035.731306
548.199598,1581,1037.040972
129.068598,973,1037.908258
-124.287533,801,1038.634904
107.381058,983,1039.482393
145.674035,803,1040.540506
454.367442,670,1041.155129
206.384399,549,1041.654495
188.144793,940,1042.461829
200.29841,703,1043.086917
69.614194,772,1043.770687
84.137401,586,1044.307848
95.428656,901,1045.090324
274.339283,595,1045.640918
200.911229,698,1046.264605
109.669731,629,1046.849668
299.507699,602,1047.401933
187.834136,623,1047.96197
349.834998,881,1048.738718
131.302177,532,1049.233434
94.607474,688,1049.861621
321.507202,1039,1050.754851
272.119547,1065,1051.65949
309.186868,709,1052.285867
299.497132,1114,1053.234102
327.721045,735,1053.878909
147.681128,745,1054.543162
119.476832,568,1055.392827
307.925945,713,1056.025117
940.72096,1359,1057.17378
115.136842,638,1057.77471
82.320476,705,1058.406908
166.946204,578,1058.926358
156.838825,703,1059.54386
274.655543,947,1060.363382
146.449216,507,1060.84334
-87.313152,618,1061.428793
697.606524,1253,1062.473692
256.054922,1411,1063.673792
228.450491,864,1064.42356
240.937367,1490,1065.65946
251.884599,844,1066.406538
130.100698,481,1066.862623
185.611408,914,1067.640671
34.030917,694,1068.298735
408.110969,1162,1069.288876
-19.274875,1099,1070.581041
181.352091,1170,1071.564695
371.372496,1183,1072.571829
458.708684,824,1073.318203
355.51093,703,1073.948953
171.285103,841,1074.679662
-20.76759,1323,1075.810987
188.091743,717,1076.446915
94.503242,800,1077.145885
130.924953,529,1077.637652
254.511758,860,1078.408756
214.893947,526,1078.892224
47.186643,999,1079.756858
277.210648,777,1080.435918
17.960791,608,1081.014148
-16.381175,468,1081.478212
240.226586,805,1082.20582
197.621734,839,1082.931899
650.253197,1203,1083.931652
174.747115,544,1084.785761
93.331897,832,1085.534611
-102.517491,492,1085.996687
171.121863,1029,1086.865217
774.858608,1507,1088.137188
264.975476,568,1088.6616
288.797194,720,1089.294552
387.865342,1397,1090.46214
462.380598,1132,1091.421082
129.327029,863,1092.170183
10.854657,981,1093.016009
328.414678,830,1093.760733
11.843088,412,1094.17495
177.049769,657,1094.77346
316.070477,851,1095.513078
-56.797331,456,1095.964496
195.097678,856,1096.701427
153.46019,522,1097.187206
265.153013,536,1097.680365
-2.848564,777,1098.389461
307.057103,666,1099.307172
200.139045,650,1099.892091
34.713148,499,1100.378054
88.503996,815,1101.114399
299.186595,1216,1102.148671
229.547378,460,1102.612601
154.891831,603,1103.182912
352.34042,805,1103.88239
226.075975,1003,1104.74315
416.84849,1703,1106.136488
-4.530899,547,1106.65348
243.097112,740,1107.32937
175.157671,515,1107.817384
180.073971,628,1108.393571
176.883439,510,1108.869646
172.443223,694,1109.503734
226.010678,1028,1110.365773
87.237512,979,1111.222907
251.154835,521,1111.718576
220.888851,784,1112.403868
216.314473,510,1112.880493
178.12552,555,1113.399812
257.607868,908,1114.50772
103.398851,1195,1115.518663
130.063931,669,1116.144113
42.165184,652,1116.737645
151.991667,504,1117.209347
338.998647,660,1117.800558
6.385052,768,1118.49287
106.510061,768,1119.190673
190.045781,720,1119.845263
265.132663,866,1120.590572
344.326172,798,1121.286889
-14.016342,915,1122.103133
211.698445,611,1122.64439
225.590202,610,1123.187057
1067.932769,1914,1124.732237
226.977989,970,1125.554101
178.418726,542,1126.044724
10.164035,779,1126.745215
194.595163,475,1127.19364
263.690018,796,1127.908399
792.754948,1598,1129.550191
175.661006,657,1130.144973
136.577773,1155,1131.145341
180.718319,663,1131.756727
74.35137,629,1132.336096
156.853356,528,1132.843612
156.25759,1028,1133.723074
18.268963,724,1134.3823
130.277413,652,1134.984041
199.474017,417,1135.400188
98.982366,767,1136.093993
201.869406,543,1136.593923
78.899864,1906,1138.170234
204.398739,593,1138.723357
312.297419,709,1139.355866
210.202864,745,1140.028697
234.364202,661,1140.621445
143.680897,1253,1141.696692
121.122656,582,1142.244364
1.279569,619,1142.825568
216.971662,532,1143.328459
355.819982,824,1144.383694
416.188742,1268,1145.439965
210.162984,630,1145.998527
310.761854,1462,1147.230311
313.43704,873,1147.985614
307.983865,850,1148.722156
203.429752,527,1149.210602
251.198318,1554,1150.50205
21.383965,806,1151.217819
229.866783,547,1151.720911
199.633155,551,1152.223704
235.474679,548,1152.722784
145.095655,489,1153.193348
224.76509,517,1153.679127
700.712942,2037,1155.354581
173.511624,721,1155.983472
414.435548,1031,1156.857604
167.344491,753,1157.519032
204.821169,1172,1158.861908
264.481946,662,1159.449857
196.184618,569,1159.962662
204.209757,538,1160.458289
119.772379,514,1160.935736
252.856668,1090,1161.860544
153.340992,1309,1162.950578
229.204805,1123,1163.912412
243.502145,770,1164.585066
-25.759655,695,1165.223088
174.06946,889,1166.009739
312.745183,1413,1167.182543
199.173779,1141,1168.141953
153.267339,890,1168.930236
175.595674,809,1169.663243
200.475765,546,1170.167408
245.382568,872,1170.916589
147.866681,788,1171.618674
27.747489,557,1172.158553
449.095819,1419,1173.672519
-46.827691,621,1174.250328
242.540556,523,1174.743829
264.331717,896,1175.515999
1036.898956,1670,1176.890953
307.843147,605,1177.464422
38.731561,398,1177.861521
208.553444,680,1178.467633
373.633473,761,1179.12989
250.158711,1118,1180.057069
393.586105,1565,1181.354658
77.054029,652,1181.952169
112.323267,1025,1182.865487
65.287012,718,1183.518329
163.783548,1052,1184.422318
254.417416,735,1185.064748
441.522471,1008,1185.925571
320.184206,936,1186.716339
86.844487,519,1187.214379
70.878772,594,1188.112791
985.938629,1397,1189.284382
465.636489,1409,1190.465785
117.052161,453,1190.900345
203.382369,830,1191.622718
792.387621,1911,1193.180263
414.527858,1099,1194.118886
154.066314,542,1194.631384
249.024347,1037,1195.511746
218.583562,1154,1196.487806
270.019819,547,1196.996334
656.860228,2188,1198.783558
150.781863,559,1199.295542
955.32777,1964,1200.901262
319.855648,577,1201.442829
542.058859,992,1202.627345
542.521276,1313,1203.711005
364.409257,843,1204.443639
99.42878,614,1205.03104
168.504679,445,1205.472067
355.986003,757,1206.138013
178.512041,1044,1207.025326
225.637833,699,1207.671058
243.632312,707,1208.323474
216.281934,565,1208.836862
233.727877,623,1209.415146
302.739931,984,1210.241615
526.699915,1475,1211.447144
374.971378,1463,1212.681822
213.0826,588,1213.208092
473.17383,1398,1214.371198
339.819943,1448,1215.570056
292.064905,603,1216.111533
223.850955,532,1216.96078
299.08788,717,1217.596737
227.76591,512,1218.07889
226.254659,809,1218.778941
260.385501,996,1219.643845
494.536166,894,1220.431407
171.816894,521,1220.91312
248.592325,842,1221.641397
289.56083,626,1222.202784
216.573194,559,1222.710803
176.711281,692,1223.343217
326.68235,719,1223.982092
306.208444,787,1224.663046
747.974348,1524,1225.938188
167.223707,622,1226.522408
472.781109,1080,1227.430707
137.599608,489,1227.887712
560.644673,1486,1229.115044
686.453606,1609,1230.436393
326.932443,628,1231.375348
179.837603,553,1231.886452
266.382297,558,1232.403067
327.409101,1119,1233.374634
325.039835,1114,1234.316861
210.988244,557,1234.823637
346.882458,695,1235.443757
344.460115,771,1236.116836
474.22113,1947,1237.701278
214.864218,551,1238.210995
1156.738656,2131,1239.918399
371.604724,1175,1240.888932
186.270268,509,1241.366291
359.541881,801,1242.092962
179.944947,745,1242.787763
342.976601,737,1243.448356
1171.84218,1925,1245.028487
168.502464,618,1245.968398
250.193547,559,1246.476886
189.517533,459,1246.926996
394.710779,1046,1247.816329
661.833419,1146,1248.784985
387.465464,969,1249.617942
508.997814,1205,1250.63043
798.651628,1576,1251.91567
264.286768,727,1252.553684
249.93631,567,1253.084003
584.106324,1365,1254.207237
314.246713,590,1254.746329
271.687592,560,1255.262569
378.866306,928,1256.063362
294.913683,731,1256.723718
221.751913,585,1257.25242
106.961313,455,1257.732655
488.656334,1151,1258.700909
256.66795,880,1259.459821
179.209766,1106,1260.753603
158.850137,493,1261.218058
396.814296,1337,1262.344309
464.08877,1533,1263.628353
278.102133,611,1264.182247
284.221591,1344,1265.298488
176.963761,513,1265.777174
413.76323,807,1266.478508
1474.94763,2470,1268.474528
211.141411,424,1268.892897
589.252505,1374,1270.016611
225.84261,910,1270.821934
255.028411,993,1271.690381
274.158193,601,1272.235078
395.389553,1482,1273.479045
364.002538,814,1274.177224
510.530826,1324,1275.633836
430.760095,1436,1276.809126
1693.124219,2473,1278.813624
87.788339,582,1279.358596
451.165612,869,1280.104242
607.703268,1355,1281.205493
612.700908,1249,1282.25969
587.807714,967,1283.098501
1018.288517,1629,1284.426738
292.832723,1127,1285.381448
404.05681,1220,1286.390751
515.071883,1361,1287.525394
228.834846,812,1288.273515
537.982759,1187,1289.595885
730.867818,1377,1290.748753
810.706876,1627,1292.072849
574.747839,2177,1293.833412
1103.730837,2264,1295.673445
439.651002,968,1296.51079
628.4783,1193,1297.511141
502.430148,1019,1298.400327
289.986376,922,1299.199231
251.213853,736,1299.872792
624.262922,1879,1301.391742
377.278746,1066,1302.282651
301.414155,1089,1303.553986
825.167898,1777,1304.997396
537.032726,1260,1306.053999
427.50947,965,1306.871437
328.028455,744,1307.520838
336.630829,1077,1308.438865
236.895098,661,1309.028877
257.860315,1126,1309.970748
290.898764,724,1310.60288
133.834241,1022,1311.493764
527.788657,1291,1312.575631
478.12665,998,1313.430893
269.448728,670,1314.033237
779.714279,1370,1315.180142
330.599886,709,1315.818155
1021.558866,1370,1317.320125
225.516881,567,1317.854523
196.200846,874,1318.615985
748.82415,1389,1319.758224
124.384005,732,1320.423574
1473.268851,2723,1322.588902
592.366704,1227,1323.630594
312.692615,654,1324.213057
387.113675,939,1325.015345
1402.294414,2140,1326.721962
401.579193,1429,1327.928353
449.421406,871,1328.686258
263.694475,1338,1329.813383
1356.963819,2810,1332.41005
237.094512,735,1333.051545
282.621723,1261,1334.107699
301.390767,1404,1335.277887
189.884318,1155,1336.267683
310.716139,912,1337.066157
236.074313,1106,1338.012496
186.708615,420,1338.430063
849.429868,1743,1339.837342
638.81824,1025,1340.711986
268.639713,709,1341.335797
737.370776,1861,1342.858259
317.180046,546,1343.379046
466.099725,933,1344.19288
551.281579,777,1344.878653
413.622362,966,1346.043783
210.775758,601,1346.582751
432.324043,841,1347.319658
346.817322,599,1347.870117
358.146403,951,1348.707939
825.744132,1600,1350.051846
458.02679,2328,1351.931567
294.812804,595,1352.494302
204.925222,598,1353.065493
139.745668,672,1353.694039
210.010398,706,1354.325407
186.592303,665,1354.937754
435.63182,896,1355.732153
281.746626,1168,1356.721782
1411.564283,2262,1358.548276
252.113029,917,1359.343268
310.153032,585,1360.221586
581.621866,1285,1361.296635
428.404093,1001,1362.148867
447.974957,1018,1363.007005
293.644036,672,1363.603426
242.04484,1126,1364.566064
247.88071,621,1365.124024
908.880992,1679,1366.508673
294.768665,651,1367.094548
884.045292,1466,1368.314958
477.678597,1272,1369.398643
586.240232,977,1370.246717
188.981373,781,1370.95416
337.48727,1012,1371.823254
377.155417,1867,1373.339667
1393.509987,1896,1375.232988
297.949949,750,1375.902239
264.917345,671,1376.508492
478.072275,1102,1377.425799
303.727852,767,1378.099362
449.550346,976,1378.944847
496.26645,1074,1379.851556
799.320568,1821,1381.352926
951.238667,1521,1382.610605
472.329288,1113,1383.544533
582.779552,978,1384.384157
644.235449,1359,1385.528609
308.714393,669,1386.138232
259.429382,621,1386.707878
384.737661,792,1387.393551
511.924596,1413,1388.900799
838.343248,2186,1390.657251
332.113074,1600,1391.963094
289.275724,1529,1393.234674
679.947273,1715,1394.670256
896.342412,1896,1396.206389
231.649948,1964,1397.82758
243.560676,692,1398.450608
112.522723,550,1398.976614
583.10598,1408,1400.130515
658.309006,1260,1401.197635
904.223519,1312,1402.654211
315.493,1008,1403.507872
211.715417,563,1404.033883
698.139766,1065,1404.931985
498.924807,774,1405.632872
570.185021,1332,1406.760723
592.463692,1525,1408.016263
551.132631,1011,1408.888352
377.860549,750,1409.555825
693.007586,1317,1410.665688
432.07419,1043,1411.569271
317.829877,566,1412.098994
161.578131,880,1412.874714
199.644129,421,1413.287423
343.876187,650,1413.877505
591.897126,1316,1414.972835
353.77551,751,1415.648825
600.423933,1125,1416.924504
184.407799,542,1417.421403
430.052688,643,1418.009132
55.207378,738,1418.683445
743.875614,1900,1420.215604
849.473665,1346,1421.336483
272.352628,689,1421.956757
376.86619,785,1422.655706
322.828689,855,1423.379767
260.700718,627,1423.944261
369.429213,647,1424.533204
709.319834,1238,1425.578271
273.041892,1050,1426.493712
235.289404,598,1427.031098
1092.504551,1924,1428.583864
359.440053,874,1429.338752
395.529165,1058,1430.266603
370.468632,891,1431.411647
734.39189,1290,1432.49126
535.350846,1211,1433.509952
497.163933,1611,1434.845811
283.13348,625,1435.446422
1268.673986,1977,1437.058504
592.006237,1230,1438.096195
681.308526,986,1438.945524
328.096886,602,1439.505872
430.019514,805,1440.220031
256.766988,584,1440.776596
348.517898,712,1441.413722
398.506048,956,1442.220593
208.855114,859,1442.951523
703.850528,1814,1444.43721
602.118302,1077,1445.707663
356.678661,883,1446.454535
1020.318794,2281,1448.275245
577.706348,1091,1449.186653
635.993553,1195,1450.193815
492.553717,1327,1451.299613
797.984051,1868,1452.804592
795.247996,1226,1453.829509
280.884882,599,1454.381456
917.954812,1667,1455.76024
814.198113,1374,1456.905421
279.287179,744,1457.575795
661.317859,1343,1458.695681
731.379441,1139,1460.000375
424.522551,1299,1461.075906
1502.785752,2441,1463.028681
378.002259,752,1463.699133
232.853061,421,1464.121129
476.006307,720,1464.7709
577.77406,1147,1465.759237
806.748132,1578,1467.045058
331.319232,725,1467.685993
731.647812,1801,1469.174423
1713.442685,2741,1471.366771
1372.188384,2066,1473.025487
1434.352481,2556,1475.379328
450.96039,725,1476.034084
558.069464,1159,1476.989468
808.250942,1567,1478.282572
324.701033,598,1478.833266
399.274561,908,1479.61967
253.49531,537,1480.120472
398.85194,738,1480.784567
222.910088,628,1481.369289
1188.764001,1789,1482.822725
296.312114,504,1483.300027
336.284613,678,1483.913492
1046.932626,1841,1485.376707
2434.642675,3637,1488.621242
1286.385425,1842,1490.122391
576.55066,901,1490.902898
408.533205,894,1491.672607
275.925513,809,1492.38768
706.40881,1609,1493.68595
1750.295042,2583,1495.731233
953.560282,1726,1497.140311
891.777238,1878,1498.657909
320.811682,569,1499.199918
320.819572,550,1499.716293
840.913676,1766,1501.184589
212.659334,590,1502.04305
1011.546088,1796,1503.485064
625.761683,1151,1504.434547
2048.353973,3036,1506.822637
721.290486,1014,1507.683047
2128.180097,3619,1510.49981
994.688632,1806,1511.963406
343.098455,598,1512.510803
1967.182075,2732,1514.686336
1213.918546,2036,1516.63833
1255.250619,2044,1518.284214
1328.496078,1984,1519.868965
1030.84963,1693,1521.266069
483.069548,946,1522.081996
682.707785,1173,1523.074069
270.613206,840,1523.828004
635.147741,1216,1524.834867
397.731949,1228,1525.87455
319.535006,636,1526.463174
829.174473,1357,1527.599787
1083.728787,2121,1529.647991
1506.309312,2609,1531.732382
1402.514065,2664,1533.815866
1698.255476,2202,1535.587488
1000.323413,1672,1536.951725
420.536388,969,1537.774989
811.687603,1506,1538.991055
822.411799,1569,1540.2503
937.318623,1645,1541.603914
943.682349,1479,1543.157579
978.211132,1787,1544.595231
569.401698,1180,1545.562824
531.935936,966,1546.398097
447.830398,901,1547.178282
437.659092,1005,1548.024235
740.322326,1454,1549.219045
675.114353,1145,1550.18877
1031.332981,1936,1551.77252
1013.040007,1846,1553.270874
563.871703,1079,1554.17363
420.475595,888,1554.925776
739.481365,1284,1556.014952
995.328088,1611,1557.682484
296.474661,731,1558.332556
972.001613,1817,1559.790174
548.542869,1108,1560.729276
1284.555748,1744,1562.172979
1566.931179,2436,1564.106077
2112.039924,4119,1567.321341
368.669361,964,1568.131836
2475.290971,3718,1571.351333
1103.432039,2190,1573.06767
2477.767169,3551,1575.826915
1711.918268,2558,1577.880959
509.098513,1113,1578.83037
1221.171337,1941,1580.372414
1293.982017,2032,1581.997173
1016.342862,1876,1583.838662
338.501311,775,1584.514684
995.440271,1583,1585.791656
522.632084,840,1586.524054
821.840893,1289,1587.614012
796.891733,1245,1588.654506
1991.617512,2788,1590.863709
1887.897344,3051,1593.284123
1495.355735,2372,1595.16878
571.623904,1151,1596.135209
1342.676494,1799,1597.929194
2334.351595,3454,1600.661271
2422.92496,3130,1603.125458
2179.016057,3164,1605.614543
2475.759206,3628,1608.451311
2430.803489,2976,1611.125123
865.315382,1253,1612.17099
2437.203612,3354,1614.80765
2461.005187,3512,1617.556671
1263.104072,2230,1619.344035
2120.297473,2800,1621.560366
2324.14346,3706,1624.828537
1037.871784,2129,1626.53389
1921.125582,2702,1628.646201
2476.040771,3382,1631.281128
2477.12093,3553,1634.075809
1781.174789,2741,1636.234543
2471.110462,3234,1639.115577
2448.811695,3988,1642.237329
1947.100606,3071,1644.670954
2474.349678,3894,1647.732556
1653.349929,2004,1649.337028
2472.410442,3458,1652.383107
1765.322319,2672,1654.483313
2479.370904,3610,1657.330802
2477.699354,3327,1659.935221
2470.171753,3543,1662.73276
1918.852876,2633,1665.154933
670.113567,1324,1666.250796
2472.398763,3310,1668.861042
2467.37804,3320,1671.470652
2477.569716,3254,1674.028195
1103.384992,1636,1675.353992
2477.291687,3385,1678.39368
1999.811139,3094,1680.809919
486.426635,916,1681.607343
2459.302865,3525,1684.359303
496.615867,2080,1686.029131
2478.967224,3875,1689.020736
2457.128822,3306,1691.955014
2478.209192,3586,1694.765736
2219.545098,3007,1697.141849
2452.729745,3293,1699.714072
2473.887086,3323,1702.311915
745.469817,1346,1703.760111
2479.654925,3622,1706.559681
2478.070121,3974,1709.668783
2363.582442,3483,1712.425537
2458.587156,3339,1715.025518
2479.75515,3882,1718.377259
2455.445295,3207,1720.891228
1285.461968,1937,1722.499615
639.716449,1358,1723.62802
2472.805135,3297,1726.218309
2440.846433,3025,1728.612242
2477.634508,3738,1731.857542
2479.023122,3553,1734.617932
2454.640754,3283,1737.196753
2471.767083,3852,1740.196219
2413.581352,3576,1743.342439
2462.726613,3208,1745.857831
2437.821238,3102,1748.317096
2477.240082,3492,1751.030352
509.726749,927,1751.830931
1636.245602,2119,1753.546358
547.451967,918,1754.341952
2449.406095,3145,1757.14691
2473.002178,3488,1759.882421
2474.31605,3187,1762.377562
2473.064127,3429,1765.044884
2396.979401,2923,1767.390572
2272.276664,3291,1770.310063
2453.866262,3250,1772.885127
2444.592593,3426,1775.562848
2474.626572,3247,1778.122352
2441.389414,3209,1780.655223
2365.532628,2819,1783.230933
2476.820967,3566,1785.996932
540.629566,878,1786.747935
1079.321414,2106,1788.413551
2428.474578,3030,1790.808613
1772.00071,2335,1792.66752
285.298262,877,1793.425556
2473.924511,3192,1796.261946
2426.589152,3239,1798.803581
2458.425642,3162,1801.304849
2472.232496,3131,1803.774275
2473.768691,3182,1806.264535
2457.624839,3334,1809.22412
2460.883203,3078,1811.647018
1781.972131,2762,1813.875939
2111.946573,3661,1816.723805
2455.522984,3429,1819.412628
2475.530381,3694,1822.642744
2458.519578,3196,1825.169591
2417.956837,2904,1827.469443
2444.308556,3076,1829.918575
2447.327254,3373,1832.595864
2475.53367,3353,1835.241758
2456.620538,3188,1838.087177
2347.550654,2938,1840.41538
2454.086479,3150,1842.918315
2293.03438,3089,1845.366037
2466.753047,3190,1847.894652
2457.032429,3072,1850.651305
2476.31481,3180,1853.184965
2187.208576,2819,1855.436642
2477.621687,3435,1858.159654
270.43833,758,1858.827467
2471.186184,3301,1861.40787
2445.773746,2915,1864.054111
2471.08817,3159,1866.534479
2475.153384,3364,1869.176229
2272.723947,2960,1871.511315
2452.795337,3181,1874.026283
2402.654694,2884,1876.639575
2469.088887,3389,1879.312212
2412.30088,3344,1881.942167
53.720416,542,1882.454503
209.455455,820,1883.177316
2333.162543,3462,1885.886324
2465.472113,3560,1888.65666
559.371347,767,1889.653617
2386.841287,3060,1892.065737
2426.996701,2904,1894.37125
2365.810489,2862,1896.633642
1812.547036,2099,1898.334743
2421.512113,3116,1900.770418
1814.667258,2631,1903.220034
706.133054,1361,1904.328835
1644.915824,2194,1906.117139
2454.611137,3142,1908.603984
2419.383463,3213,1911.143322
308.020443,711,1911.7878
2450.225865,3085,1914.246877
388.558659,746,1914.892683
2475.713077,3218,1917.754952
926.011047,1430,1918.929986
1414.404589,2127,1920.617138
2447.705153,3134,1923.083156
721.912232,1019,1923.950089
2461.524058,3382,1926.602794
2410.400823,3129,1929.432904
598.098954,879,1930.193747
2413.387391,3062,1932.61359
641.034982,1106,1933.538015
2447.396886,3324,1936.128416
1137.161884,1683,1937.499433
2394.361955,2911,1939.828957
222.742004,610,1940.39582
740.536558,1203,1941.404515
2463.408817,3308,1944.340947
2431.377515,3229,1946.877113
2457.90287,3394,1949.537126
947.682515,1552,1950.791084
2424.562849,3657,1953.658259
973.337118,1452,1954.86875
1705.776561,2410,1957.100428
2246.423833,2850,1959.372095
2443.897716,3448,1962.06129
2449.614764,3322,1964.677088
731.285139,1193,1965.680383
2241.321242,3171,1968.163878
2430.514288,3161,1971.038317
2454.618483,2975,1973.401485
2399.30404,2916,1975.708717
2455.838499,3177,1978.215953
2423.521048,3122,1980.672007
251.39346,626,1981.250213
2112.337082,3066,1983.997989
2359.823191,2986,1986.352017
2364.14158,2713,1988.518311
2437.055892,3042,1990.942331
1992.141128,3128,1993.381529
2251.561335,2775,1995.58956
927.827783,1397,1997.084764
2365.762682,2956,1999.447039
2219.791107,2793,2001.660623
2326.478023,3130,2004.125397
2367.567612,2828,2006.382025
2370.855479,2654,2008.49919
2366.072033,3007,2011.232989
2375.011141,2894,2013.508106
2450.6968,3300,2016.103849
1107.533981,1729,2017.486593
2408.396644,2993,2019.863949
626.506162,1074,2020.777215
2374.010247,2845,2023.349445
2460.919409,3194,2025.866996
1779.248731,2067,2027.528869
2291.615834,2653,2029.657221
1069.643308,1393,2030.798291
2131.490884,2749,2032.966689
2442.947687,3213,2035.511704
2239.665313,2996,2038.167274
1275.408719,1705,2039.575655
1648.259095,2390,2041.481624
1195.282479,1909,2043.004097
392.624927,790,2043.703996
812.029662,1149,2044.687512
2456.650977,3566,2047.462687
1903.088031,2814,2050.055626
2454.245128,3060,2052.475876
1056.294783,1299,2053.54473
2237.254952,3332,2056.153791
517.666897,851,2056.880805
1493.182912,2389,2058.768054
1399.066837,2027,2060.409201
2465.330972,3402,2063.406774
2433.809181,3294,2066.028733
2424.066606,4420,2069.476782
2433.781493,3034,2071.869077
1921.775576,3125,2074.333208
2434.709529,3172,2077.153775
2475.867274,3539,2079.902405
2439.228252,3141,2082.380698
2447.880057,3014,2084.759622
2418.096755,3021,2087.141162
2454.18007,3201,2089.986576
2446.731438,3671,2092.893075
2458.681138,3644,2095.762845
1840.045056,3092,2098.179227
2455.111122,3487,2100.929992
2469.429601,3268,2103.85274
1951.769744,2384,2105.752559
1669.752529,2196,2107.493716
2413.713462,2828,2109.738329
928.335345,1468,2110.923115
436.922868,677,2111.515529
1298.740064,2445,2113.418368
1458.991954,2479,2115.384334
1978.730755,2444,2117.633624
2477.543718,3845,2120.632431
261.26404,681,2121.249165
2458.408516,3321,2123.850592
2097.56434,2999,2126.20544
1497.024638,2515,2128.171936
2344.757165,2897,2130.78573
2408.299973,2889,2133.063318
2474.218092,3936,2136.102947
1214.733975,1433,2137.276108
1607.329378,2545,2139.261037
2474.772047,3589,2142.048987
2448.495547,2977,2144.7523
2428.002208,2995,2147.107099
534.062202,832,2147.819878
2251.727964,3227,2150.33383
2209.979176,3247,2152.853613
791.581167,1282,2153.89923
260.817124,706,2154.520766
1661.088201,2487,2156.791468
2470.592818,3438,2159.467819
2459.145691,3729,2162.330218
2442.609755,2991,2164.672179
2016.438515,3119,2167.068055
2469.582503,3475,2170.07965
2441.195963,3196,2172.569269
2464.126228,3170,2175.05467
2447.229716,3293,2177.61124
1372.257846,1795,2179.029507
2459.698505,3121,2181.475461
2462.434165,3015,2184.164111
2469.600832,3150,2186.624942
1944.395681,2701,2188.739625
2476.228987,3423,2191.411675
2471.080079,3251,2193.979953
451.005431,983,2194.806814
2429.209127,2956,2197.476386
2471.698182,3131,2199.970186
2478.613314,3382,2202.636988
1593.031348,2488,2204.605027
1301.691616,2005,2206.231112
2168.810596,3111,2208.997137
2443.585208,3291,2211.591958
2440.560156,3018,2213.965685
70.051013,630,2214.557458
2466.861753,3432,2217.263218
2429.579621,3021,2219.654903
2437.554449,2860,2222.250399
2466.972267,3372,2224.88582
2400.463931,2821,2227.129235
189.846127,487,2227.598051
1761.28439,2451,2229.529229
2445.162574,3213,2232.058199
2406.117527,3270,2234.636842
1670.617066,2586,2237.044887
2450.253762,3150,2239.511238
2316.947519,3088,2241.947161
2440.075206,2987,2244.298851
2461.521616,3790,2247.24964
2472.034299,3529,2250.354227
2465.977233,3138,2252.839078
2417.131908,3157,2255.365078
2429.079456,2869,2257.630136
2404.686201,2985,2259.983304
2429.318548,2888,2262.601778
2350.057712,2782,2264.817061
2434.026831,2971,2267.18565
2366.683855,2608,2269.265313
1195.491749,1611,2270.599768
365.431019,850,2271.318973
2461.217264,3274,2273.894099
2454.504346,3398,2276.884465
2452.388966,4032,2280.012302
2435.672493,3052,2282.414181
1277.117821,1909,2283.941546
2386.42385,2797,2286.159652
2457.752255,3080,2288.922296
2429.468529,2965,2291.267295
2384.515066,2789,2293.481732
2432.268229,3126,2295.942374
2381.576246,2814,2298.179052
2426.011774,3028,2300.585267
2320.407728,2592,2303.007014
778.200218,1050,2303.897252
2438.789405,3062,2306.304048
2419.411709,2817,2308.532501
1540.178917,2025,2310.166144
2445.002069,3309,2312.785695
2426.543828,3415,2315.820776
2442.755949,3149,2318.282599
2459.861325,3262,2320.853785
2314.089246,2602,2322.931434
2419.8467,2758,2325.113904
2391.641802,2867,2327.40596
1409.536915,1957,2329.289879
2343.499077,2606,2331.359227
2323.266329,2865,2333.615897
2321.662252,2626,2335.720255
2439.604562,3047,2338.106054
2463.599657,3256,2340.657746
2390.257726,2826,2343.245899
2429.278333,2864,2345.517792
2402.146051,3135,2347.978398
2440.8044,3102,2350.400783
2392.104836,2736,2352.56504
2351.817453,2605,2354.629712
2477.328296,3547,2357.719484
2459.009358,3217,2360.247553
2440.872541,2939,2362.572494
2384.532,2625,2364.647576
2386.833117,2776,2366.843607
2406.804121,2910,2369.474422
2419.254555,2824,2371.703844
654.829586,1093,2372.612409
2432.441211,2932,2374.932912
2422.419048,2967,2377.284837
2448.407852,3197,2379.787333
2404.302147,2734,2382.288893
2340.127012,2584,2384.349125
2408.334153,2663,2386.472585
2396.584862,2694,2388.602637
2415.47784,3028,2390.9871
2317.166643,2515,2392.980913
2381.357661,2889,2395.593549
2327.892287,2989,2397.959923
2406.755558,2742,2400.130537
2357.103565,2716,2402.315846
2426.533508,2881,2404.60702
2375.050998,2780,2406.84334
2409.378904,2656,2409.27586
2455.008562,3055,2411.686018
2390.615722,2691,2413.806355
2449.223292,2839,2416.046328
2409.435544,2856,2418.306434
2433.300782,2854,2420.543451
2343.476375,2642,2422.977893
2394.349014,2670,2425.090593
2371.950914,2615,2427.161506
2386.039972,2591,2429.209626
2444.884309,2770,2431.414372
2419.727362,2877,2433.675972
2441.448637,2900,2436.290832
2407.777247,2710,2438.428948
2442.476746,3041,2440.827219
2468.045448,3236,2443.388199
2368.877916,2652,2445.481141
2434.88313,2839,2447.738151
2430.544182,2934,2450.368534
2418.439946,2761,2452.559083
2424.293664,2742,2454.717494
2448.953101,2817,2456.945411
2433.00689,3004,2459.307929
2433.462667,2962,2461.987002
2401.830002,2682,2464.108118
2368.058082,2620,2466.184775
2407.721108,2629,2468.273746
2441.723506,2878,2470.549679
2417.201246,2729,2472.717712
2408.436147,2846,2475.292993
2465.605314,2970,2477.632623
855.395649,1346,2478.724269
2429.820122,2747,2480.893809
2446.721764,2934,2483.216643
2431.388732,2963,2485.544547
2410.030635,2694,2487.676279
2383.682213,2663,2490.098504
2423.914261,2809,2492.320675
2401.760841,2723,2494.481619
2379.52148,2863,2496.761919
2434.169049,2794,2498.964683
2356.987714,2635,2501.422507
2344.300526,2656,2503.507116
2363.904665,2584,2505.530583
727.049117,1242,2506.555019
2448.725003,3546,2509.285413
2382.031601,2648,2511.357275
2424.837795,2942,2513.640067
2429.809413,2897,2516.271787
2339.40454,2568,2518.326285
2387.669307,2648,2520.42398
2382.415998,2759,2522.612528
2366.642201,2637,2524.698128
2369.972197,2702,2526.851233
2394.62886,2669,2529.289748
2374.875123,2573,2531.327415
2396.98233,2782,2533.560868
2449.594316,2832,2535.799915
2441.420942,2883,2538.098343
2384.167264,2667,2540.21065
2417.612062,2684,2542.666012
2415.205625,2693,2544.79945
2388.329657,2658,2546.905727
2407.331543,2762,2549.100814
2454.812807,2888,2551.387704
2467.357158,2912,2553.700436
2377.803349,2584,2556.088625
2446.260685,2791,2558.308148
2444.92249,2814,2560.538224
2396.648439,2707,2562.705775
2424.977444,2754,2564.892268
2436.754992,2849,2567.161887
2397.162554,2700,2569.637554
2435.888849,2739,2571.804013
2443.428599,2925,2574.125268
2470.676228,2871,2576.394834
2422.434948,2747,2578.578435
2444.692379,2719,2580.737977
2425.134015,2686,2583.198947
2458.067099,2865,2585.467021
2465.090205,2818,2587.71537
2419.941206,2682,2589.854027
2454.479802,2854,2592.115833
2441.319312,2756,2594.630681
2422.358439,2773,2596.841569
2355.523523,2657,2598.952255
2455.243441,2971,2601.303161
2456.144822,2858,2603.583177
2400.822617,2680,2605.709617
